gameId,gameDate,hometeamId,awayteamId,gameType,home_win
42500405,2026-06-13 20:30:00,1610612759,1610612752,Playoffs,0
42500404,2026-06-10 20:30:00,1610612752,1610612759,Playoffs,1
42500403,2026-06-08 20:30:00,1610612752,1610612759,Playoffs,0
42500402,2026-06-05 20:30:00,1610612759,1610612752,Playoffs,0
42500401,2026-06-03 20:30:00,1610612759,1610612752,Playoffs,0
42500317,2026-05-30 20:00:00,1610612760,1610612759,Playoffs,0
42500316,2026-05-28 20:30:00,1610612759,1610612760,Playoffs,1
42500315,2026-05-26 20:30:00,1610612760,1610612759,Playoffs,1
42500304,2026-05-25 20:00:00,1610612739,1610612752,Playoffs,0
42500314,2026-05-24 20:00:00,1610612759,1610612760,Playoffs,1
42500303,2026-05-23 20:00:00,1610612739,1610612752,Playoffs,0
42500313,2026-05-22 20:30:00,1610612759,1610612760,Playoffs,0
42500302,2026-05-21 20:00:00,1610612752,1610612739,Playoffs,1
42500312,2026-05-20 20:30:00,1610612760,1610612759,Playoffs,1
42500301,2026-05-19 20:00:00,1610612752,1610612739,Playoffs,1
42500311,2026-05-18 20:30:00,1610612760,1610612759,Playoffs,0
42500207,2026-05-17 20:00:00,1610612765,1610612739,Playoffs,0
42500236,2026-05-15 21:30:00,1610612750,1610612759,Playoffs,0
42500206,2026-05-15 19:00:00,1610612739,1610612765,Playoffs,0
42500205,2026-05-13 20:00:00,1610612765,1610612739,Playoffs,0
42500235,2026-05-12 20:00:00,1610612759,1610612750,Playoffs,1
42500224,2026-05-11 22:30:00,1610612747,1610612760,Playoffs,0
42500204,2026-05-11 20:00:00,1610612739,1610612765,Playoffs,1
42500234,2026-05-10 19:30:00,1610612750,1610612759,Playoffs,1
42500214,2026-05-10 15:30:00,1610612755,1610612752,Playoffs,0
42500223,2026-05-09 20:30:00,1610612747,1610612760,Playoffs,0
42500203,2026-05-09 15:00:00,1610612739,1610612765,Playoffs,1
42500233,2026-05-08 21:30:00,1610612750,1610612759,Playoffs,0
42500213,2026-05-08 19:00:00,1610612755,1610612752,Playoffs,0
42500222,2026-05-07 21:30:00,1610612760,1610612747,Playoffs,1
42500202,2026-05-07 19:00:00,1610612765,1610612739,Playoffs,1
42500232,2026-05-06 21:30:00,1610612759,1610612750,Playoffs,1
42500212,2026-05-06 19:00:00,1610612752,1610612755,Playoffs,1
42500221,2026-05-05 20:30:00,1610612760,1610612747,Playoffs,1
42500201,2026-05-05 19:00:00,1610612765,1610612739,Playoffs,1
42500231,2026-05-04 21:30:00,1610612759,1610612750,Playoffs,0
42500211,2026-05-04 20:00:00,1610612752,1610612755,Playoffs,1
42500137,2026-05-03 19:30:00,1610612739,1610612761,Playoffs,1
42500107,2026-05-03 15:30:00,1610612765,1610612753,Playoffs,1
42500117,2026-05-02 19:30:00,1610612738,1610612755,Playoffs,0
42500176,2026-05-01 21:30:00,1610612745,1610612747,Playoffs,0
42500136,2026-05-01 19:30:00,1610612761,1610612739,Playoffs,1
42500106,2026-05-01 19:00:00,1610612753,1610612765,Playoffs,0
42500166,2026-04-30 21:30:00,1610612750,1610612743,Playoffs,1
42500116,2026-04-30 20:00:00,1610612755,1610612738,Playoffs,1
42500126,2026-04-30 19:00:00,1610612737,1610612752,Playoffs,0
42500175,2026-04-29 22:00:00,1610612747,1610612745,Playoffs,0
42500135,2026-04-29 19:30:00,1610612739,1610612761,Playoffs,1
42500105,2026-04-29 19:00:00,1610612765,1610612753,Playoffs,1
42500155,2026-04-28 21:30:00,1610612759,1610612757,Playoffs,1
42500125,2026-04-28 20:00:00,1610612752,1610612737,Playoffs,1
42500115,2026-04-28 19:00:00,1610612738,1610612755,Playoffs,0
42500165,2026-04-27 22:30:00,1610612743,1610612750,Playoffs,1
42500144,2026-04-27 21:30:00,1610612756,1610612760,Playoffs,0
42500104,2026-04-27 20:00:00,1610612753,1610612765,Playoffs,1
42500174,2026-04-26 21:30:00,1610612745,1610612747,Playoffs,1
42500114,2026-04-26 19:00:00,1610612755,1610612738,Playoffs,0
42500154,2026-04-26 15:30:00,1610612757,1610612759,Playoffs,0
42500134,2026-04-26 13:00:00,1610612761,1610612739,Playoffs,1
42500164,2026-04-25 20:30:00,1610612750,1610612743,Playoffs,1
42500124,2026-04-25 18:00:00,1610612737,1610612752,Playoffs,0
42500143,2026-04-25 15:30:00,1610612756,1610612760,Playoffs,0
42500103,2026-04-25 13:00:00,1610612753,1610612765,Playoffs,1
42500153,2026-04-24 22:30:00,1610612757,1610612759,Playoffs,0
42500173,2026-04-24 20:00:00,1610612745,1610612747,Playoffs,0
42500113,2026-04-24 19:00:00,1610612755,1610612738,Playoffs,0
42500163,2026-04-23 21:30:00,1610612750,1610612743,Playoffs,1
42500133,2026-04-23 20:00:00,1610612761,1610612739,Playoffs,1
42500123,2026-04-23 19:00:00,1610612737,1610612752,Playoffs,1
42500142,2026-04-22 21:30:00,1610612760,1610612756,Playoffs,1
42500102,2026-04-22 19:00:00,1610612765,1610612753,Playoffs,1
42500172,2026-04-21 22:30:00,1610612747,1610612745,Playoffs,1
42500152,2026-04-21 20:00:00,1610612759,1610612757,Playoffs,0
42500112,2026-04-21 19:00:00,1610612738,1610612755,Playoffs,0
42500162,2026-04-20 22:30:00,1610612743,1610612750,Playoffs,0
42500122,2026-04-20 20:00:00,1610612752,1610612737,Playoffs,0
42500132,2026-04-20 19:00:00,1610612739,1610612761,Playoffs,1
42500151,2026-04-19 21:00:00,1610612759,1610612757,Playoffs,1
42500101,2026-04-19 18:30:00,1610612765,1610612753,Playoffs,0
42500141,2026-04-19 15:30:00,1610612760,1610612756,Playoffs,1
42500111,2026-04-19 13:00:00,1610612738,1610612755,Playoffs,1
42500171,2026-04-18 20:30:00,1610612747,1610612745,Playoffs,1
42500121,2026-04-18 18:00:00,1610612752,1610612737,Playoffs,1
42500161,2026-04-18 15:30:00,1610612743,1610612750,Playoffs,1
42500131,2026-04-18 13:00:00,1610612739,1610612761,Playoffs,1
52500211,2026-04-17 22:00:00,1610612756,1610612744,Play-in Tournament,1
52500201,2026-04-17 19:30:00,1610612753,1610612766,Play-in Tournament,1
52500131,2026-04-15 22:00:00,1610612746,1610612744,Play-in Tournament,0
52500101,2026-04-15 19:30:00,1610612755,1610612753,Play-in Tournament,1
52500121,2026-04-14 22:00:00,1610612756,1610612757,Play-in Tournament,0
52500111,2026-04-14 19:30:00,1610612766,1610612748,Play-in Tournament,1
22501193,2026-04-12 20:30:00,1610612742,1610612741,Regular Season,1
22501194,2026-04-12 20:30:00,1610612745,1610612763,Regular Season,1
22501195,2026-04-12 20:30:00,1610612750,1610612740,Regular Season,1
22501196,2026-04-12 20:30:00,1610612760,1610612756,Regular Season,0
22501197,2026-04-12 20:30:00,1610612759,1610612743,Regular Season,0
22501198,2026-04-12 20:30:00,1610612747,1610612762,Regular Season,1
22501199,2026-04-12 20:30:00,1610612746,1610612744,Regular Season,1
22501200,2026-04-12 20:30:00,1610612757,1610612758,Regular Season,1
22501186,2026-04-12 18:00:00,1610612738,1610612753,Regular Season,1
22501187,2026-04-12 18:00:00,1610612739,1610612764,Regular Season,1
22501188,2026-04-12 18:00:00,1610612754,1610612765,Regular Season,0
22501189,2026-04-12 18:00:00,1610612748,1610612737,Regular Season,1
22501190,2026-04-12 18:00:00,1610612752,1610612766,Regular Season,0
22501191,2026-04-12 18:00:00,1610612755,1610612749,Regular Season,1
22501192,2026-04-12 18:00:00,1610612761,1610612751,Regular Season,1
22501185,2026-04-10 22:30:00,1610612747,1610612756,Regular Season,1
22501183,2026-04-10 22:00:00,1610612757,1610612746,Regular Season,1
22501184,2026-04-10 22:00:00,1610612758,1610612744,Regular Season,1
22501178,2026-04-10 21:30:00,1610612745,1610612750,Regular Season,0
22501181,2026-04-10 21:30:00,1610612762,1610612763,Regular Season,1
22501182,2026-04-10 21:00:00,1610612743,1610612760,Regular Season,1
22501177,2026-04-10 20:00:00,1610612741,1610612753,Regular Season,0
22501179,2026-04-10 20:00:00,1610612749,1610612751,Regular Season,1
22501180,2026-04-10 20:00:00,1610612759,1610612742,Regular Season,1
22501174,2026-04-10 19:30:00,1610612738,1610612740,Regular Season,1
22501175,2026-04-10 19:30:00,1610612754,1610612755,Regular Season,0
22501176,2026-04-10 19:30:00,1610612752,1610612761,Regular Season,1
22501171,2026-04-10 19:00:00,1610612766,1610612765,Regular Season,0
22501172,2026-04-10 19:00:00,1610612764,1610612748,Regular Season,0
22501173,2026-04-10 19:00:00,1610612737,1610612739,Regular Season,1
22501170,2026-04-09 22:00:00,1610612744,1610612747,Regular Season,0
22501169,2026-04-09 20:00:00,1610612745,1610612755,Regular Season,1
22501167,2026-04-09 19:30:00,1610612751,1610612754,Regular Season,0
22501168,2026-04-09 19:30:00,1610612752,1610612738,Regular Season,1
22501165,2026-04-09 19:00:00,1610612761,1610612748,Regular Season,1
22501166,2026-04-09 19:00:00,1610612764,1610612741,Regular Season,0
22501163,2026-04-08 22:00:00,1610612746,1610612760,Regular Season,0
22501164,2026-04-08 22:00:00,1610612756,1610612742,Regular Season,1
22501161,2026-04-08 21:30:00,1610612759,1610612757,Regular Season,1
22501162,2026-04-08 21:00:00,1610612743,1610612763,Regular Season,1
22501158,2026-04-08 19:00:00,1610612739,1610612737,Regular Season,1
22501159,2026-04-08 19:00:00,1610612753,1610612750,Regular Season,1
22501160,2026-04-08 19:00:00,1610612765,1610612749,Regular Season,1
22501157,2026-04-07 23:00:00,1610612756,1610612745,Regular Season,0
22501155,2026-04-07 22:30:00,1610612747,1610612760,Regular Season,0
22501156,2026-04-07 22:30:00,1610612746,1610612742,Regular Season,1
22501154,2026-04-07 22:00:00,1610612744,1610612758,Regular Season,1
22501149,2026-04-07 20:00:00,1610612738,1610612766,Regular Season,1
22501153,2026-04-07 20:00:00,1610612740,1610612762,Regular Season,1
22501150,2026-04-07 19:30:00,1610612751,1610612749,Regular Season,1
22501151,2026-04-07 19:30:00,1610612761,1610612748,Regular Season,1
22501148,2026-04-07 19:00:00,1610612764,1610612741,Regular Season,0
22501152,2026-04-07 19:00:00,1610612754,1610612750,Regular Season,0
22501147,2026-04-06 21:00:00,1610612743,1610612757,Regular Season,1
22501145,2026-04-06 20:00:00,1610612763,1610612739,Regular Season,0
22501146,2026-04-06 20:00:00,1610612759,1610612755,Regular Season,1
22501143,2026-04-06 19:00:00,1610612737,1610612752,Regular Season,0
22501144,2026-04-06 19:00:00,1610612753,1610612765,Regular Season,1
22501142,2026-04-05 22:00:00,1610612744,1610612745,Regular Season,0
22501141,2026-04-05 21:00:00,1610612758,1610612746,Regular Season,0
22501140,2026-04-05 19:30:00,1610612742,1610612747,Regular Season,1
22501137,2026-04-05 19:00:00,1610612750,1610612766,Regular Season,0
22501138,2026-04-05 19:00:00,1610612740,1610612753,Regular Season,0
22501139,2026-04-05 19:00:00,1610612760,1610612762,Regular Season,1
22501136,2026-04-05 18:00:00,1610612739,1610612754,Regular Season,1
22501132,2026-04-05 15:30:00,1610612738,1610612761,Regular Season,1
22501133,2026-04-05 15:30:00,1610612751,1610612764,Regular Season,1
22501134,2026-04-05 15:30:00,1610612741,1610612756,Regular Season,0
22501135,2026-04-05 15:30:00,1610612749,1610612763,Regular Season,1
22501131,2026-04-04 19:00:00,1610612755,1610612765,Regular Season,0
22501129,2026-04-04 15:00:00,1610612748,1610612764,Regular Season,1
22501130,2026-04-04 15:00:00,1610612743,1610612759,Regular Season,1
22501128,2026-04-03 22:00:00,1610612758,1610612740,Regular Season,1
22501127,2026-04-03 20:30:00,1610612742,1610612753,Regular Season,0
22501124,2026-04-03 20:00:00,1610612745,1610612762,Regular Season,1
22501125,2026-04-03 20:00:00,1610612763,1610612761,Regular Season,0
22501126,2026-04-03 20:00:00,1610612749,1610612738,Regular Season,0
22501122,2026-04-03 19:30:00,1610612751,1610612737,Regular Season,0
22501123,2026-04-03 19:30:00,1610612752,1610612741,Regular Season,1
22501120,2026-04-03 19:00:00,1610612766,1610612754,Regular Season,1
22501121,2026-04-03 19:00:00,1610612755,1610612750,Regular Season,1
22501119,2026-04-02 22:30:00,1610612746,1610612759,Regular Season,0
22501117,2026-04-02 22:00:00,1610612744,1610612739,Regular Season,0
22501118,2026-04-02 22:00:00,1610612757,1610612740,Regular Season,1
22501116,2026-04-02 21:30:00,1610612760,1610612747,Regular Season,1
22501114,2026-04-02 19:00:00,1610612766,1610612756,Regular Season,1
22501115,2026-04-02 19:00:00,1610612765,1610612750,Regular Season,1
22501113,2026-04-01 22:00:00,1610612744,1610612759,Regular Season,0
22501112,2026-04-01 21:00:00,1610612762,1610612743,Regular Season,0
22501003,2026-04-01 20:00:00,1610612763,1610612752,Regular Season,0
22501108,2026-04-01 20:00:00,1610612761,1610612758,Regular Season,0
22501109,2026-04-01 20:00:00,1610612741,1610612754,Regular Season,0
22501110,2026-04-01 20:00:00,1610612745,1610612749,Regular Season,1
22501106,2026-04-01 19:30:00,1610612748,1610612738,Regular Season,0
22501105,2026-04-01 19:00:00,1610612764,1610612755,Regular Season,0
22501107,2026-04-01 19:00:00,1610612753,1610612737,Regular Season,0
22501104,2026-03-31 23:00:00,1610612746,1610612757,Regular Season,0
22501103,2026-03-31 22:30:00,1610612747,1610612739,Regular Season,1
22500652,2026-03-31 20:00:00,1610612749,1610612742,Regular Season,1
22501101,2026-03-31 20:00:00,1610612765,1610612761,Regular Season,1
22501102,2026-03-31 20:00:00,1610612745,1610612752,Regular Season,1
22501100,2026-03-31 19:30:00,1610612751,1610612766,Regular Season,0
22501099,2026-03-31 19:00:00,1610612753,1610612756,Regular Season,1
22501098,2026-03-30 22:00:00,1610612747,1610612764,Regular Season,1
22501097,2026-03-30 21:30:00,1610612760,1610612765,Regular Season,1
22501096,2026-03-30 21:00:00,1610612762,1610612739,Regular Season,0
22501095,2026-03-30 20:30:00,1610612742,1610612750,Regular Season,0
22501093,2026-03-30 20:00:00,1610612763,1610612756,Regular Season,0
22501094,2026-03-30 20:00:00,1610612759,1610612741,Regular Season,1
22501092,2026-03-30 19:30:00,1610612737,1610612738,Regular Season,1
22501091,2026-03-30 19:00:00,1610612748,1610612755,Regular Season,1
22501090,2026-03-29 22:00:00,1610612743,1610612744,Regular Season,1
22501089,2026-03-29 19:30:00,1610612760,1610612752,Regular Season,1
22501088,2026-03-29 19:00:00,1610612740,1610612745,Regular Season,0
22501084,2026-03-29 18:00:00,1610612751,1610612758,Regular Season,1
22501085,2026-03-29 18:00:00,1610612766,1610612738,Regular Season,0
22501086,2026-03-29 18:00:00,1610612761,1610612753,Regular Season,1
22501087,2026-03-29 18:00:00,1610612757,1610612764,Regular Season,1
22501083,2026-03-29 17:00:00,1610612754,1610612748,Regular Season,1
22501082,2026-03-29 15:30:00,1610612749,1610612746,Regular Season,0
22501081,2026-03-28 22:00:00,1610612756,1610612762,Regular Season,1
22501079,2026-03-28 20:00:00,1610612763,1610612741,Regular Season,1
22501078,2026-03-28 19:30:00,1610612737,1610612758,Regular Season,1
22501077,2026-03-28 18:00:00,1610612766,1610612755,Regular Season,0
22501080,2026-03-28 17:30:00,1610612750,1610612765,Regular Season,0
22501076,2026-03-28 15:00:00,1610612749,1610612759,Regular Season,0
22501075,2026-03-27 22:30:00,1610612747,1610612751,Regular Season,1
22501073,2026-03-27 22:00:00,1610612744,1610612764,Regular Season,1
22501074,2026-03-27 22:00:00,1610612757,1610612742,Regular Season,0
22501072,2026-03-27 21:00:00,1610612743,1610612762,Regular Season,1
22501071,2026-03-27 20:30:00,1610612761,1610612740,Regular Season,1
22501069,2026-03-27 20:00:00,1610612763,1610612745,Regular Season,0
22501070,2026-03-27 20:00:00,1610612760,1610612741,Regular Season,1
22501067,2026-03-27 19:30:00,1610612738,1610612737,Regular Season,1
22501068,2026-03-27 19:30:00,1610612739,1610612748,Regular Season,1
22501066,2026-03-27 19:00:00,1610612754,1610612746,Regular Season,0
22501063,2026-03-26 19:00:00,1610612766,1610612752,Regular Season,1
22501064,2026-03-26 19:00:00,1610612765,1610612740,Regular Season,1
22501065,2026-03-26 19:00:00,1610612753,1610612758,Regular Season,1
22501062,2026-03-25 22:30:00,1610612746,1610612761,Regular Season,1
22501059,2026-03-25 22:00:00,1610612743,1610612742,Regular Season,1
22501060,2026-03-25 22:00:00,1610612744,1610612751,Regular Season,1
22501061,2026-03-25 22:00:00,1610612757,1610612749,Regular Season,1
22501058,2026-03-25 21:30:00,1610612750,1610612745,Regular Season,1
22501057,2026-03-25 21:00:00,1610612762,1610612764,Regular Season,0
22501056,2026-03-25 20:00:00,1610612763,1610612759,Regular Season,0
22501054,2026-03-25 19:30:00,1610612738,1610612760,Regular Season,1
22501055,2026-03-25 19:30:00,1610612739,1610612748,Regular Season,0
22501051,2026-03-25 19:00:00,1610612765,1610612737,Regular Season,0
22501052,2026-03-25 19:00:00,1610612754,1610612747,Regular Season,0
22501053,2026-03-25 19:00:00,1610612755,1610612741,Regular Season,1
22501050,2026-03-24 23:00:00,1610612756,1610612743,Regular Season,0
22501049,2026-03-24 20:00:00,1610612739,1610612753,Regular Season,1
22501048,2026-03-24 19:30:00,1610612752,1610612740,Regular Season,1
22501047,2026-03-24 19:00:00,1610612766,1610612758,Regular Season,1
22501046,2026-03-23 22:30:00,1610612746,1610612749,Regular Season,1
22501045,2026-03-23 22:00:00,1610612757,1610612751,Regular Season,1
22501044,2026-03-23 21:30:00,1610612742,1610612744,Regular Season,0
22501043,2026-03-23 21:00:00,1610612762,1610612761,Regular Season,0
22501042,2026-03-23 20:00:00,1610612741,1610612745,Regular Season,1
22501037,2026-03-23 19:30:00,1610612737,1610612763,Regular Season,1
22501038,2026-03-23 19:00:00,1610612765,1610612747,Regular Season,1
22501039,2026-03-23 19:00:00,1610612753,1610612754,Regular Season,0
22501040,2026-03-23 19:00:00,1610612755,1610612760,Regular Season,0
22501041,2026-03-23 19:00:00,1610612748,1610612759,Regular Season,0
22501036,2026-03-22 21:00:00,1610612756,1610612761,Regular Season,1
22501035,2026-03-22 20:00:00,1610612738,1610612750,Regular Season,0
22501034,2026-03-22 19:30:00,1610612752,1610612764,Regular Season,1
22501033,2026-03-22 18:00:00,1610612758,1610612751,Regular Season,1
22501032,2026-03-22 17:00:00,1610612743,1610612757,Regular Season,1
22501031,2026-03-21 22:00:00,1610612756,1610612749,Regular Season,0
22501030,2026-03-21 21:30:00,1610612762,1610612755,Regular Season,0
22501029,2026-03-21 20:30:00,1610612742,1610612746,Regular Season,0
22501026,2026-03-21 20:00:00,1610612737,1610612744,Regular Season,1
22501027,2026-03-21 20:00:00,1610612745,1610612748,Regular Season,1
22501028,2026-03-21 20:00:00,1610612759,1610612754,Regular Season,1
22501023,2026-03-21 19:00:00,1610612766,1610612763,Regular Season,1
22501024,2026-03-21 19:00:00,1610612753,1610612747,Regular Season,0
22501025,2026-03-21 19:00:00,1610612740,1610612739,Regular Season,0
22501022,2026-03-21 17:00:00,1610612764,1610612760,Regular Season,0
22501021,2026-03-20 21:00:00,1610612743,1610612761,Regular Season,1
22501018,2026-03-20 20:00:00,1610612745,1610612737,Regular Season,1
22501019,2026-03-20 20:00:00,1610612763,1610612738,Regular Season,0
22501020,2026-03-20 20:00:00,1610612750,1610612757,Regular Season,0
22501016,2026-03-20 19:30:00,1610612751,1610612752,Regular Season,0
22501017,2026-03-20 19:30:00,1610612765,1610612744,Regular Season,1
22501015,2026-03-19 22:00:00,1610612758,1610612755,Regular Season,0
22501014,2026-03-19 21:00:00,1610612762,1610612749,Regular Season,1
22501010,2026-03-19 20:00:00,1610612748,1610612747,Regular Season,0
22501011,2026-03-19 20:00:00,1610612741,1610612739,Regular Season,0
22501012,2026-03-19 20:00:00,1610612740,1610612746,Regular Season,1
22501013,2026-03-19 20:00:00,1610612759,1610612756,Regular Season,1
22501008,2026-03-19 19:00:00,1610612766,1610612753,Regular Season,1
22501009,2026-03-19 19:00:00,1610612764,1610612765,Regular Season,0
22501007,2026-03-18 21:30:00,1610612745,1610612747,Regular Season,0
22500651,2026-03-18 20:30:00,1610612763,1610612743,Regular Season,1
22501006,2026-03-18 20:30:00,1610612742,1610612737,Regular Season,0
22501002,2026-03-18 20:00:00,1610612741,1610612761,Regular Season,0
22501004,2026-03-18 20:00:00,1610612750,1610612762,Regular Season,1
22501005,2026-03-18 20:00:00,1610612740,1610612746,Regular Season,1
22501000,2026-03-18 19:30:00,1610612751,1610612760,Regular Season,0
22501001,2026-03-18 19:30:00,1610612754,1610612757,Regular Season,0
22500999,2026-03-18 19:00:00,1610612738,1610612744,Regular Season,1
22500997,2026-03-17 22:00:00,1610612743,1610612755,Regular Season,1
22500998,2026-03-17 22:00:00,1610612758,1610612759,Regular Season,0
22500995,2026-03-17 20:00:00,1610612749,1610612739,Regular Season,0
22500996,2026-03-17 20:00:00,1610612750,1610612756,Regular Season,1
22500994,2026-03-17 19:30:00,1610612752,1610612754,Regular Season,1
22500991,2026-03-17 19:00:00,1610612766,1610612748,Regular Season,1
22500992,2026-03-17 19:00:00,1610612753,1610612760,Regular Season,0
22500993,2026-03-17 19:00:00,1610612764,1610612765,Regular Season,0
22500990,2026-03-16 22:00:00,1610612746,1610612759,Regular Season,0
22500989,2026-03-16 21:30:00,1610612745,1610612747,Regular Season,0
22500987,2026-03-16 20:00:00,1610612741,1610612763,Regular Season,1
22500988,2026-03-16 20:00:00,1610612740,1610612742,Regular Season,1
22500985,2026-03-16 19:30:00,1610612751,1610612757,Regular Season,0
22500986,2026-03-16 19:30:00,1610612738,1610612756,Regular Season,1
22500983,2026-03-16 19:00:00,1610612737,1610612753,Regular Season,1
22500984,2026-03-16 19:00:00,1610612764,1610612744,Regular Season,0
22500982,2026-03-15 22:00:00,1610612758,1610612762,Regular Season,1
22500981,2026-03-15 20:00:00,1610612752,1610612744,Regular Season,1
22500980,2026-03-15 18:00:00,1610612755,1610612757,Regular Season,1
22500977,2026-03-15 15:30:00,1610612739,1610612742,Regular Season,0
22500978,2026-03-15 15:30:00,1610612761,1610612765,Regular Season,1
22500979,2026-03-15 15:30:00,1610612749,1610612754,Regular Season,1
22500976,2026-03-15 13:00:00,1610612760,1610612750,Regular Season,1
22500975,2026-03-14 22:30:00,1610612746,1610612758,Regular Season,0
22500974,2026-03-14 20:30:00,1610612747,1610612743,Regular Season,1
22500972,2026-03-14 20:00:00,1610612748,1610612753,Regular Season,0
22500971,2026-03-14 18:00:00,1610612738,1610612764,Regular Season,1
22500973,2026-03-14 15:30:00,1610612759,1610612766,Regular Season,1
22500970,2026-03-14 15:00:00,1610612737,1610612749,Regular Season,1
22500969,2026-03-14 13:00:00,1610612755,1610612751,Regular Season,1
22500968,2026-03-13 22:30:00,1610612746,1610612741,Regular Season,1
22500966,2026-03-13 22:00:00,1610612744,1610612750,Regular Season,0
22500967,2026-03-13 22:00:00,1610612757,1610612762,Regular Season,1
22500964,2026-03-13 20:00:00,1610612745,1610612740,Regular Season,1
22500961,2026-03-13 19:30:00,1610612765,1610612763,Regular Season,1
22500962,2026-03-13 19:30:00,1610612754,1610612752,Regular Season,0
22500963,2026-03-13 19:30:00,1610612761,1610612756,Regular Season,1
22500965,2026-03-13 19:30:00,1610612742,1610612739,Regular Season,0
22500960,2026-03-12 22:30:00,1610612747,1610612741,Regular Season,1
22500959,2026-03-12 21:30:00,1610612760,1610612738,Regular Season,1
22500958,2026-03-12 21:00:00,1610612759,1610612743,Regular Season,0
22501111,2026-03-12 20:00:00,1610612763,1610612742,Regular Season,0
22500956,2026-03-12 19:30:00,1610612737,1610612751,Regular Season,1
22500957,2026-03-12 19:30:00,1610612748,1610612749,Regular Season,1
22500953,2026-03-12 19:00:00,1610612765,1610612755,Regular Season,1
22500954,2026-03-12 19:00:00,1610612754,1610612756,Regular Season,0
22500955,2026-03-12 19:00:00,1610612753,1610612764,Regular Season,1
22500952,2026-03-11 22:30:00,1610612746,1610612750,Regular Season,1
22500950,2026-03-11 22:00:00,1610612743,1610612745,Regular Season,1
22500951,2026-03-11 22:00:00,1610612758,1610612766,Regular Season,0
22500949,2026-03-11 21:00:00,1610612762,1610612752,Regular Season,0
22500948,2026-03-11 20:00:00,1610612740,1610612761,Regular Season,1
22500947,2026-03-11 19:30:00,1610612753,1610612739,Regular Season,1
22500946,2026-03-10 23:00:00,1610612747,1610612750,Regular Season,1
22500943,2026-03-10 22:00:00,1610612744,1610612741,Regular Season,0
22500944,2026-03-10 22:00:00,1610612757,1610612766,Regular Season,0
22500945,2026-03-10 22:00:00,1610612758,1610612754,Regular Season,1
22500940,2026-03-10 20:00:00,1610612745,1610612761,Regular Season,1
22500941,2026-03-10 20:00:00,1610612749,1610612756,Regular Season,0
22500942,2026-03-10 20:00:00,1610612759,1610612738,Regular Season,1
22500937,2026-03-10 19:30:00,1610612751,1610612765,Regular Season,0
22500938,2026-03-10 19:30:00,1610612748,1610612764,Regular Season,1
22500939,2026-03-10 19:30:00,1610612737,1610612742,Regular Season,1
22500936,2026-03-10 19:00:00,1610612755,1610612763,Regular Season,1
22500935,2026-03-09 22:00:00,1610612746,1610612752,Regular Season,1
22500934,2026-03-09 21:00:00,1610612762,1610612744,Regular Season,1
22500932,2026-03-09 19:30:00,1610612751,1610612763,Regular Season,1
22500933,2026-03-09 19:30:00,1610612760,1610612743,Regular Season,1
22500931,2026-03-09 19:00:00,1610612739,1610612755,Regular Season,1
22500928,2026-03-08 22:00:00,1610612756,1610612766,Regular Season,1
22500929,2026-03-08 21:00:00,1610612757,1610612754,Regular Season,1
22500930,2026-03-08 21:00:00,1610612758,1610612741,Regular Season,1
22500926,2026-03-08 20:00:00,1610612749,1610612753,Regular Season,0
22500927,2026-03-08 20:00:00,1610612759,1610612745,Regular Season,1
22500925,2026-03-08 19:00:00,1610612740,1610612764,Regular Season,1
22500923,2026-03-08 18:00:00,1610612748,1610612765,Regular Season,1
22500924,2026-03-08 18:00:00,1610612761,1610612742,Regular Season,1
22500922,2026-03-08 15:30:00,1610612747,1610612752,Regular Season,1
22500921,2026-03-08 13:00:00,1610612739,1610612738,Regular Season,0
22500920,2026-03-07 20:30:00,1610612760,1610612744,Regular Season,1
22500918,2026-03-07 20:00:00,1610612763,1610612746,Regular Season,0
22500919,2026-03-07 20:00:00,1610612749,1610612762,Regular Season,1
22500916,2026-03-07 18:00:00,1610612765,1610612751,Regular Season,0
22500917,2026-03-07 18:00:00,1610612737,1610612755,Regular Season,1
22500915,2026-03-07 15:00:00,1610612750,1610612753,Regular Season,0
22500914,2026-03-06 22:30:00,1610612747,1610612754,Regular Season,1
22500913,2026-03-06 21:30:00,1610612759,1610612746,Regular Season,1
22500911,2026-03-06 21:00:00,1610612743,1610612752,Regular Season,0
22500912,2026-03-06 21:00:00,1610612756,1610612740,Regular Season,1
22500910,2026-03-06 20:00:00,1610612745,1610612757,Regular Season,1
22500908,2026-03-06 19:00:00,1610612738,1610612742,Regular Season,1
22500909,2026-03-06 19:00:00,1610612766,1610612748,Regular Season,0
22500906,2026-03-05 22:00:00,1610612743,1610612747,Regular Season,1
22500907,2026-03-05 22:00:00,1610612758,1610612740,Regular Season,0
22500905,2026-03-05 21:00:00,1610612756,1610612741,Regular Season,0
22500903,2026-03-05 20:00:00,1610612750,1610612761,Regular Season,1
22500904,2026-03-05 20:00:00,1610612759,1610612765,Regular Season,1
22500901,2026-03-05 19:30:00,1610612748,1610612751,Regular Season,1
22500902,2026-03-05 19:30:00,1610612745,1610612744,Regular Season,0
22500899,2026-03-05 19:00:00,1610612753,1610612742,Regular Season,1
22500900,2026-03-05 19:00:00,1610612764,1610612762,Regular Season,0
22500898,2026-03-04 22:30:00,1610612746,1610612754,Regular Season,1
22500897,2026-03-04 21:30:00,1610612749,1610612737,Regular Season,0
22500896,2026-03-04 20:00:00,1610612763,1610612757,Regular Season,0
22500894,2026-03-04 19:30:00,1610612738,1610612766,Regular Season,0
22500895,2026-03-04 19:30:00,1610612755,1610612762,Regular Season,1
22500893,2026-03-04 19:00:00,1610612752,1610612760,Regular Season,0
22500892,2026-03-03 23:00:00,1610612758,1610612756,Regular Season,0
22500891,2026-03-03 22:30:00,1610612747,1610612740,Regular Season,1
22500888,2026-03-03 20:00:00,1610612755,1610612759,Regular Season,0
22500889,2026-03-03 20:00:00,1610612741,1610612760,Regular Season,0
22500890,2026-03-03 20:00:00,1610612750,1610612763,Regular Season,1
22500886,2026-03-03 19:30:00,1610612748,1610612751,Regular Season,1
22500887,2026-03-03 19:30:00,1610612761,1610612752,Regular Season,0
22500883,2026-03-03 19:00:00,1610612766,1610612742,Regular Season,1
22500884,2026-03-03 19:00:00,1610612739,1610612765,Regular Season,1
22500885,2026-03-03 19:00:00,1610612753,1610612764,Regular Season,1
22500882,2026-03-02 22:00:00,1610612744,1610612746,Regular Season,0
22500881,2026-03-02 21:00:00,1610612762,1610612743,Regular Season,0
22500880,2026-03-02 19:30:00,1610612749,1610612738,Regular Season,0
22500879,2026-03-02 19:00:00,1610612764,1610612745,Regular Season,0
22500878,2026-03-01 21:30:00,1610612747,1610612758,Regular Season,1
22500877,2026-03-01 21:00:00,1610612746,1610612740,Regular Season,1
22500874,2026-03-01 20:00:00,1610612738,1610612755,Regular Season,1
22500876,2026-03-01 20:00:00,1610612742,1610612760,Regular Season,0
22500873,2026-03-01 18:00:00,1610612737,1610612757,Regular Season,1
22500875,2026-03-01 18:00:00,1610612753,1610612765,Regular Season,0
22500872,2026-03-01 17:00:00,1610612754,1610612763,Regular Season,0
22500869,2026-03-01 15:30:00,1610612751,1610612739,Regular Season,0
22500870,2026-03-01 15:30:00,1610612741,1610612749,Regular Season,1
22500871,2026-03-01 15:30:00,1610612743,1610612750,Regular Season,0
22500868,2026-03-01 13:00:00,1610612752,1610612759,Regular Season,1
22500867,2026-02-28 21:30:00,1610612762,1610612740,Regular Season,0
22500866,2026-02-28 20:30:00,1610612744,1610612747,Regular Season,0
22500865,2026-02-28 19:00:00,1610612764,1610612761,Regular Season,0
22500864,2026-02-28 15:30:00,1610612748,1610612745,Regular Season,1
22500863,2026-02-28 13:00:00,1610612766,1610612757,Regular Season,1
22500862,2026-02-27 21:30:00,1610612760,1610612743,Regular Season,1
22500861,2026-02-27 20:30:00,1610612742,1610612763,Regular Season,0
22500860,2026-02-27 20:00:00,1610612749,1610612752,Regular Season,0
22500859,2026-02-27 19:30:00,1610612738,1610612751,Regular Season,1
22500858,2026-02-27 19:00:00,1610612765,1610612739,Regular Season,1
22500857,2026-02-26 22:00:00,1610612746,1610612750,Regular Season,0
22500855,2026-02-26 21:00:00,1610612756,1610612747,Regular Season,1
22500856,2026-02-26 21:00:00,1610612762,1610612740,Regular Season,0
22500854,2026-02-26 20:30:00,1610612742,1610612758,Regular Season,0
22500853,2026-02-26 20:00:00,1610612741,1610612757,Regular Season,0
22500850,2026-02-26 19:30:00,1610612737,1610612764,Regular Season,1
22500851,2026-02-26 19:30:00,1610612751,1610612759,Regular Season,0
22500852,2026-02-26 19:30:00,1610612753,1610612745,Regular Season,0
22500848,2026-02-26 19:00:00,1610612754,1610612766,Regular Season,0
22500849,2026-02-26 19:00:00,1610612755,1610612748,Regular Season,1
22500847,2026-02-25 22:00:00,1610612743,1610612738,Regular Season,1
22500845,2026-02-25 20:00:00,1610612745,1610612758,Regular Season,1
22500846,2026-02-25 20:00:00,1610612749,1610612739,Regular Season,1
22500842,2026-02-25 19:30:00,1610612765,1610612760,Regular Season,1
22500843,2026-02-25 19:30:00,1610612761,1610612759,Regular Season,0
22500844,2026-02-25 19:30:00,1610612763,1610612744,Regular Season,0
22500840,2026-02-24 22:30:00,1610612747,1610612753,Regular Season,0
22500841,2026-02-24 22:00:00,1610612757,1610612750,Regular Season,0
22500839,2026-02-24 21:00:00,1610612756,1610612738,Regular Season,0
22500836,2026-02-24 20:00:00,1610612741,1610612766,Regular Season,0
22500837,2026-02-24 20:00:00,1610612749,1610612748,Regular Season,1
22500838,2026-02-24 20:00:00,1610612740,1610612744,Regular Season,1
22500832,2026-02-24 19:30:00,1610612737,1610612764,Regular Season,1
22500833,2026-02-24 19:30:00,1610612751,1610612742,Regular Season,0
22500834,2026-02-24 19:30:00,1610612761,1610612760,Regular Season,0
22500835,2026-02-24 19:30:00,1610612739,1610612752,Regular Season,1
22500831,2026-02-24 19:00:00,1610612754,1610612755,Regular Season,0
22500830,2026-02-23 21:30:00,1610612745,1610612762,Regular Season,1
22500829,2026-02-23 20:00:00,1610612763,1610612758,Regular Season,0
22500828,2026-02-23 19:00:00,1610612765,1610612759,Regular Season,0
22500827,2026-02-22 21:00:00,1610612746,1610612753,Regular Season,0
22500825,2026-02-22 20:00:00,1610612741,1610612752,Regular Season,0
22500826,2026-02-22 20:00:00,1610612756,1610612757,Regular Season,0
22500824,2026-02-22 19:00:00,1610612750,1610612755,Regular Season,0
22500823,2026-02-22 18:30:00,1610612747,1610612738,Regular Season,0
22500822,2026-02-22 18:00:00,1610612764,1610612766,Regular Season,0
22500821,2026-02-22 17:00:00,1610612754,1610612742,Regular Season,0
22500818,2026-02-22 15:30:00,1610612737,1610612751,Regular Season,1
22500819,2026-02-22 15:30:00,1610612749,1610612761,Regular Season,0
22500820,2026-02-22 15:30:00,1610612744,1610612743,Regular Season,1
22500817,2026-02-22 13:00:00,1610612760,1610612739,Regular Season,1
22500816,2026-02-21 20:30:00,1610612752,1610612745,Regular Season,1
22500813,2026-02-21 20:00:00,1610612748,1610612763,Regular Season,1
22500814,2026-02-21 20:00:00,1610612741,1610612765,Regular Season,0
22500815,2026-02-21 20:00:00,1610612759,1610612758,Regular Season,1
22500812,2026-02-21 19:00:00,1610612740,1610612755,Regular Season,1
22500811,2026-02-21 17:00:00,1610612756,1610612753,Regular Season,1
22500809,2026-02-20 22:00:00,1610612747,1610612746,Regular Season,1
22500810,2026-02-20 22:00:00,1610612757,1610612743,Regular Season,0
22500807,2026-02-20 20:00:00,1610612740,1610612749,Regular Season,0
22500808,2026-02-20 20:00:00,1610612760,1610612751,Regular Season,1
22500805,2026-02-20 19:30:00,1610612737,1610612748,Regular Season,0
22500806,2026-02-20 19:30:00,1610612750,1610612742,Regular Season,1
22500802,2026-02-20 19:00:00,1610612766,1610612739,Regular Season,0
22500803,2026-02-20 19:00:00,1610612764,1610612754,Regular Season,1
22500804,2026-02-20 19:00:00,1610612763,1610612762,Regular Season,1
22500801,2026-02-19 22:30:00,1610612746,1610612743,Regular Season,1
22500799,2026-02-19 22:00:00,1610612744,1610612738,Regular Season,0
22500800,2026-02-19 22:00:00,1610612758,1610612753,Regular Season,0
22500798,2026-02-19 20:30:00,1610612759,1610612756,Regular Season,1
22500797,2026-02-19 20:00:00,1610612741,1610612761,Regular Season,0
22500796,2026-02-19 19:30:00,1610612752,1610612765,Regular Season,0
22500792,2026-02-19 19:00:00,1610612766,1610612745,Regular Season,0
22500793,2026-02-19 19:00:00,1610612739,1610612751,Regular Season,1
22500794,2026-02-19 19:00:00,1610612755,1610612737,Regular Season,0
22500795,2026-02-19 19:00:00,1610612764,1610612754,Regular Season,1
32500041,2026-02-15 19:10:00,1610616860,1610616859,All-Star Game,0
32500031,2026-02-15 18:25:00,1610616860,1610616861,All-Star Game,1
32500021,2026-02-15 17:55:00,1610616860,1610616859,All-Star Game,1
32500011,2026-02-15 17:00:00,1610616859,1610616861,All-Star Game,1
32500006,2026-02-13 22:35:00,1610616862,1610616863,All-Star Game,0
32500005,2026-02-13 21:55:00,1610616864,1610616863,All-Star Game,0
32500004,2026-02-13 21:00:00,1610616862,1610616865,All-Star Game,1
22500791,2026-02-12 22:00:00,1610612747,1610612742,Regular Season,1
22500790,2026-02-12 21:00:00,1610612762,1610612757,Regular Season,0
22500789,2026-02-12 19:30:00,1610612760,1610612749,Regular Season,0
22500788,2026-02-11 22:00:00,1610612744,1610612759,Regular Season,0
22500785,2026-02-11 21:00:00,1610612756,1610612760,Regular Season,0
22500786,2026-02-11 21:00:00,1610612762,1610612758,Regular Season,1
22500787,2026-02-11 21:00:00,1610612743,1610612763,Regular Season,1
22500782,2026-02-11 20:00:00,1610612745,1610612746,Regular Season,0
22500783,2026-02-11 20:00:00,1610612750,1610612757,Regular Season,1
22500784,2026-02-11 20:00:00,1610612740,1610612748,Regular Season,0
22500778,2026-02-11 19:30:00,1610612738,1610612741,Regular Season,1
22500779,2026-02-11 19:30:00,1610612751,1610612754,Regular Season,0
22500780,2026-02-11 19:30:00,1610612755,1610612752,Regular Season,0
22500781,2026-02-11 19:30:00,1610612761,1610612765,Regular Season,0
22500775,2026-02-11 19:00:00,1610612766,1610612737,Regular Season,1
22500776,2026-02-11 19:00:00,1610612739,1610612764,Regular Season,1
22500777,2026-02-11 19:00:00,1610612753,1610612749,Regular Season,0
22500774,2026-02-10 22:30:00,1610612747,1610612759,Regular Season,0
22500773,2026-02-10 21:00:00,1610612756,1610612742,Regular Season,1
22500772,2026-02-10 20:00:00,1610612745,1610612746,Regular Season,1
22500771,2026-02-10 19:30:00,1610612752,1610612754,Regular Season,0
22500768,2026-02-09 22:00:00,1610612744,1610612763,Regular Season,1
22500769,2026-02-09 22:00:00,1610612747,1610612760,Regular Season,0
22500770,2026-02-09 22:00:00,1610612757,1610612755,Regular Season,1
22500767,2026-02-09 21:00:00,1610612743,1610612739,Regular Season,0
22500765,2026-02-09 20:00:00,1610612750,1610612737,Regular Season,1
22500766,2026-02-09 20:00:00,1610612740,1610612758,Regular Season,1
22500762,2026-02-09 19:30:00,1610612751,1610612741,Regular Season,1
22500763,2026-02-09 19:30:00,1610612748,1610612762,Regular Season,0
22500764,2026-02-09 19:30:00,1610612753,1610612749,Regular Season,1
22500761,2026-02-09 19:00:00,1610612766,1610612765,Regular Season,0
22500759,2026-02-08 15:00:00,1610612761,1610612754,Regular Season,1
22500760,2026-02-08 15:00:00,1610612750,1610612746,Regular Season,0
22500758,2026-02-08 14:00:00,1610612764,1610612748,Regular Season,0
22500757,2026-02-08 12:30:00,1610612738,1610612752,Regular Season,0
22500755,2026-02-07 22:00:00,1610612757,1610612763,Regular Season,1
22500756,2026-02-07 22:00:00,1610612758,1610612739,Regular Season,0
22500754,2026-02-07 21:00:00,1610612756,1610612755,Regular Season,0
22500753,2026-02-07 20:30:00,1610612747,1610612744,Regular Season,1
22500752,2026-02-07 20:00:00,1610612741,1610612743,Regular Season,0
22500751,2026-02-07 19:30:00,1610612737,1610612766,Regular Season,0
22500750,2026-02-07 19:00:00,1610612753,1610612762,Regular Season,1
22500749,2026-02-07 18:00:00,1610612759,1610612742,Regular Season,1
22500748,2026-02-07 15:30:00,1610612760,1610612745,Regular Season,0
22500747,2026-02-07 15:00:00,1610612751,1610612764,Regular Season,1
22500745,2026-02-06 22:00:00,1610612757,1610612763,Regular Season,1
22500746,2026-02-06 22:00:00,1610612758,1610612746,Regular Season,0
22500743,2026-02-06 20:00:00,1610612749,1610612754,Regular Season,1
22500744,2026-02-06 20:00:00,1610612750,1610612740,Regular Season,0
22500741,2026-02-06 19:30:00,1610612738,1610612748,Regular Season,1
22500742,2026-02-06 19:30:00,1610612765,1610612752,Regular Season,1
22500739,2026-02-05 22:00:00,1610612756,1610612744,Regular Season,0
22500740,2026-02-05 22:00:00,1610612747,1610612755,Regular Season,1
22500738,2026-02-05 20:30:00,1610612742,1610612759,Regular Season,0
22500737,2026-02-05 20:00:00,1610612745,1610612766,Regular Season,0
22500735,2026-02-05 19:30:00,1610612737,1610612762,Regular Season,1
22500736,2026-02-05 19:30:00,1610612761,1610612741,Regular Season,1
22500733,2026-02-05 19:00:00,1610612765,1610612764,Regular Season,0
22500734,2026-02-05 19:00:00,1610612753,1610612751,Regular Season,1
22500732,2026-02-04 22:30:00,1610612746,1610612739,Regular Season,0
22500731,2026-02-04 22:00:00,1610612758,1610612763,Regular Season,0
22500730,2026-02-04 21:30:00,1610612759,1610612760,Regular Season,1
22500728,2026-02-04 20:00:00,1610612745,1610612738,Regular Season,0
22500729,2026-02-04 20:00:00,1610612749,1610612740,Regular Season,1
22500727,2026-02-04 19:30:00,1610612761,1610612750,Regular Season,0
22500726,2026-02-04 19:00:00,1610612752,1610612743,Regular Season,1
22500725,2026-02-03 23:00:00,1610612757,1610612756,Regular Season,0
22500724,2026-02-03 22:00:00,1610612744,1610612755,Regular Season,0
22500721,2026-02-03 20:00:00,1610612742,1610612738,Regular Season,0
22500722,2026-02-03 20:00:00,1610612749,1610612741,Regular Season,1
22500723,2026-02-03 20:00:00,1610612760,1610612753,Regular Season,1
22500719,2026-02-03 19:30:00,1610612751,1610612747,Regular Season,0
22500720,2026-02-03 19:30:00,1610612748,1610612737,Regular Season,0
22500716,2026-02-03 19:00:00,1610612765,1610612743,Regular Season,1
22500717,2026-02-03 19:00:00,1610612754,1610612762,Regular Season,0
22500718,2026-02-03 19:00:00,1610612764,1610612752,Regular Season,0
22500715,2026-02-02 22:00:00,1610612746,1610612755,Regular Season,0
22500714,2026-02-02 19:30:00,1610612763,1610612750,Regular Season,1
22500713,2026-02-02 19:00:00,1610612754,1610612745,Regular Season,0
22500712,2026-02-02 15:00:00,1610612766,1610612740,Regular Season,1
22500711,2026-02-01 21:30:00,1610612743,1610612760,Regular Season,0
22500703,2026-02-01 21:00:00,1610612759,1610612753,Regular Season,1
22500710,2026-02-01 21:00:00,1610612757,1610612739,Regular Season,0
22500709,2026-02-01 20:00:00,1610612756,1610612746,Regular Season,0
22500708,2026-02-01 19:00:00,1610612752,1610612747,Regular Season,1
22500704,2026-02-01 18:00:00,1610612765,1610612751,Regular Season,1
22500705,2026-02-01 18:00:00,1610612748,1610612741,Regular Season,1
22500706,2026-02-01 18:00:00,1610612761,1610612762,Regular Season,1
22500707,2026-02-01 18:00:00,1610612764,1610612758,Regular Season,1
22500702,2026-02-01 15:30:00,1610612738,1610612749,Regular Season,1
22500701,2026-01-31 20:30:00,1610612745,1610612742,Regular Season,1
22500692,2026-01-31 20:00:00,1610612748,1610612741,Regular Season,0
22500700,2026-01-31 20:00:00,1610612763,1610612750,Regular Season,0
22500699,2026-01-31 19:30:00,1610612755,1610612740,Regular Season,1
22500698,2026-01-31 19:00:00,1610612754,1610612737,Regular Season,1
22500697,2026-01-31 12:00:00,1610612766,1610612759,Regular Season,1
22500696,2026-01-30 22:00:00,1610612744,1610612765,Regular Season,0
22500694,2026-01-30 21:30:00,1610612762,1610612751,Regular Season,0
22500693,2026-01-30 21:00:00,1610612756,1610612739,Regular Season,1
22500695,2026-01-30 21:00:00,1610612743,1610612746,Regular Season,1
22500687,2026-01-30 19:30:00,1610612753,1610612761,Regular Season,1
22500689,2026-01-30 19:30:00,1610612738,1610612758,Regular Season,1
22500690,2026-01-30 19:30:00,1610612752,1610612757,Regular Season,1
22500691,2026-01-30 19:30:00,1610612740,1610612763,Regular Season,1
22500688,2026-01-30 19:00:00,1610612764,1610612747,Regular Season,0
22500686,2026-01-29 21:30:00,1610612750,1610612760,Regular Season,1
22500684,2026-01-29 21:00:00,1610612743,1610612751,Regular Season,1
22500685,2026-01-29 21:00:00,1610612756,1610612765,Regular Season,1
22500683,2026-01-29 20:30:00,1610612742,1610612766,Regular Season,0
22500529,2026-01-29 20:00:00,1610612741,1610612748,Regular Season,0
22500682,2026-01-29 20:00:00,1610612737,1610612745,Regular Season,0
22500680,2026-01-29 19:00:00,1610612755,1610612758,Regular Season,1
22500681,2026-01-29 19:00:00,1610612764,1610612749,Regular Season,1
22500679,2026-01-28 21:30:00,1610612745,1610612759,Regular Season,0
22500678,2026-01-28 21:00:00,1610612762,1610612744,Regular Season,0
22500677,2026-01-28 20:30:00,1610612742,1610612750,Regular Season,0
22500676,2026-01-28 20:00:00,1610612763,1610612766,Regular Season,0
22500673,2026-01-28 19:30:00,1610612738,1610612737,Regular Season,0
22500674,2026-01-28 19:30:00,1610612748,1610612753,Regular Season,0
22500675,2026-01-28 19:30:00,1610612761,1610612752,Regular Season,0
22500671,2026-01-28 19:00:00,1610612739,1610612747,Regular Season,1
22500672,2026-01-28 19:00:00,1610612754,1610612741,Regular Season,1
22500670,2026-01-27 22:00:00,1610612762,1610612746,Regular Season,0
22500668,2026-01-27 21:00:00,1610612743,1610612765,Regular Season,0
22500669,2026-01-27 21:00:00,1610612756,1610612751,Regular Season,1
22500666,2026-01-27 20:00:00,1610612755,1610612749,Regular Season,1
22500667,2026-01-27 20:00:00,1610612760,1610612740,Regular Season,1
22500665,2026-01-27 19:30:00,1610612752,1610612758,Regular Season,1
22500664,2026-01-27 19:00:00,1610612764,1610612757,Regular Season,1
22500663,2026-01-26 21:30:00,1610612750,1610612744,Regular Season,1
22500660,2026-01-26 20:00:00,1610612738,1610612757,Regular Season,1
22500661,2026-01-26 20:00:00,1610612741,1610612747,Regular Season,0
22500662,2026-01-26 20:00:00,1610612745,1610612763,Regular Season,1
22500658,2026-01-26 19:00:00,1610612739,1610612753,Regular Season,1
22500657,2026-01-26 15:00:00,1610612766,1610612755,Regular Season,1
22500659,2026-01-26 13:30:00,1610612737,1610612754,Regular Season,1
22500656,2026-01-25 21:00:00,1610612746,1610612751,Regular Season,1
22500655,2026-01-25 20:00:00,1610612756,1610612748,Regular Season,0
22500653,2026-01-25 19:00:00,1610612760,1610612761,Regular Season,0
22500654,2026-01-25 19:00:00,1610612759,1610612740,Regular Season,0
22500644,2026-01-25 17:30:00,1610612750,1610612744,Regular Season,0
22500650,2026-01-25 15:00:00,1610612765,1610612758,Regular Season,1
22500649,2026-01-24 21:30:00,1610612762,1610612748,Regular Season,0
22500648,2026-01-24 20:30:00,1610612742,1610612747,Regular Season,0
22500647,2026-01-24 20:00:00,1610612741,1610612738,Regular Season,1
22500646,2026-01-24 19:00:00,1610612753,1610612739,Regular Season,0
22500643,2026-01-24 15:00:00,1610612755,1610612752,Regular Season,0
22500645,2026-01-24 12:00:00,1610612766,1610612764,Regular Season,1
22500642,2026-01-23 22:00:00,1610612757,1610612761,Regular Season,0
22500640,2026-01-23 21:30:00,1610612749,1610612743,Regular Season,0
22500639,2026-01-23 20:00:00,1610612763,1610612740,Regular Season,0
22500641,2026-01-23 20:00:00,1610612760,1610612754,Regular Season,0
22500636,2026-01-23 19:30:00,1610612737,1610612756,Regular Season,1
22500637,2026-01-23 19:30:00,1610612751,1610612738,Regular Season,0
22500638,2026-01-23 19:30:00,1610612739,1610612758,Regular Season,1
22500635,2026-01-23 19:00:00,1610612765,1610612745,Regular Season,0
22500633,2026-01-22 22:00:00,1610612746,1610612747,Regular Season,1
22500634,2026-01-22 22:00:00,1610612757,1610612748,Regular Season,1
22500632,2026-01-22 21:00:00,1610612762,1610612759,Regular Season,0
22500631,2026-01-22 20:00:00,1610612750,1610612741,Regular Season,0
22500630,2026-01-22 19:30:00,1610612742,1610612744,Regular Season,1
22500627,2026-01-22 19:00:00,1610612753,1610612766,Regular Season,0
22500628,2026-01-22 19:00:00,1610612755,1610612745,Regular Season,1
22500629,2026-01-22 19:00:00,1610612764,1610612743,Regular Season,0
22500626,2026-01-21 22:00:00,1610612758,1610612761,Regular Season,0
22500625,2026-01-21 21:30:00,1610612749,1610612760,Regular Season,0
22500623,2026-01-21 20:00:00,1610612763,1610612737,Regular Season,0
22500624,2026-01-21 20:00:00,1610612740,1610612765,Regular Season,0
22500621,2026-01-21 19:30:00,1610612738,1610612754,Regular Season,1
22500622,2026-01-21 19:30:00,1610612752,1610612751,Regular Season,1
22500620,2026-01-21 19:00:00,1610612766,1610612739,Regular Season,0
22500617,2026-01-20 22:00:00,1610612743,1610612747,Regular Season,0
22500618,2026-01-20 22:00:00,1610612744,1610612761,Regular Season,0
22500619,2026-01-20 22:00:00,1610612758,1610612748,Regular Season,0
22500616,2026-01-20 21:00:00,1610612762,1610612750,Regular Season,1
22500614,2026-01-20 20:00:00,1610612741,1610612746,Regular Season,1
22500615,2026-01-20 20:00:00,1610612745,1610612759,Regular Season,1
22500613,2026-01-20 19:00:00,1610612755,1610612756,Regular Season,0
22500612,2026-01-19 22:00:00,1610612744,1610612748,Regular Season,1
22500017,2026-01-19 20:00:00,1610612765,1610612738,Regular Season,1
22500610,2026-01-19 19:30:00,1610612751,1610612756,Regular Season,0
22500609,2026-01-19 19:00:00,1610612755,1610612754,Regular Season,1
22500016,2026-01-19 17:00:00,1610612752,1610612742,Regular Season,0
22500611,2026-01-19 17:00:00,1610612759,1610612762,Regular Season,1
22500608,2026-01-19 15:00:00,1610612764,1610612746,Regular Season,0
22500015,2026-01-19 14:30:00,1610612739,1610612760,Regular Season,0
22500014,2026-01-19 13:00:00,1610612737,1610612749,Regular Season,0
22500607,2026-01-18 21:30:00,1610612747,1610612761,Regular Season,1
22500606,2026-01-18 21:00:00,1610612758,1610612757,Regular Season,0
22500605,2026-01-18 20:00:00,1610612743,1610612766,Regular Season,0
22500603,2026-01-18 19:00:00,1610612741,1610612751,Regular Season,1
22500604,2026-01-18 19:00:00,1610612745,1610612740,Regular Season,1
22500602,2026-01-18 12:00:00,1610612763,1610612753,Regular Season,1
22500601,2026-01-17 22:00:00,1610612757,1610612747,Regular Season,1
22500600,2026-01-17 21:00:00,1610612743,1610612764,Regular Season,1
22500599,2026-01-17 20:30:00,1610612744,1610612766,Regular Season,1
22500597,2026-01-17 20:00:00,1610612748,1610612760,Regular Season,1
22500598,2026-01-17 20:00:00,1610612759,1610612750,Regular Season,1
22500594,2026-01-17 19:30:00,1610612737,1610612738,Regular Season,0
22500595,2026-01-17 19:30:00,1610612765,1610612754,Regular Season,1
22500596,2026-01-17 19:30:00,1610612752,1610612756,Regular Season,0
22500593,2026-01-17 17:00:00,1610612742,1610612762,Regular Season,1
22500592,2026-01-16 22:00:00,1610612758,1610612764,Regular Season,1
22500591,2026-01-16 21:30:00,1610612745,1610612750,Regular Season,1
22500587,2026-01-16 19:30:00,1610612751,1610612741,Regular Season,1
22500590,2026-01-16 19:30:00,1610612761,1610612746,Regular Season,0
22500588,2026-01-16 19:00:00,1610612754,1610612740,Regular Season,1
22500589,2026-01-16 19:00:00,1610612755,1610612739,Regular Season,0
22500586,2026-01-15 22:30:00,1610612747,1610612766,Regular Season,0
22500584,2026-01-15 22:00:00,1610612744,1610612752,Regular Season,1
22500585,2026-01-15 22:00:00,1610612757,1610612737,Regular Season,1
22500583,2026-01-15 20:30:00,1610612742,1610612762,Regular Season,1
22500582,2026-01-15 20:00:00,1610612759,1610612749,Regular Season,1
22500580,2026-01-15 19:30:00,1610612748,1610612738,Regular Season,0
22500581,2026-01-15 19:30:00,1610612745,1610612760,Regular Season,0
22500579,2026-01-15 19:00:00,1610612765,1610612756,Regular Season,1
22500578,2026-01-15 14:00:00,1610612753,1610612763,Regular Season,1
22500577,2026-01-14 22:30:00,1610612746,1610612764,Regular Season,1
22500576,2026-01-14 22:00:00,1610612758,1610612752,Regular Season,1
22500575,2026-01-14 21:30:00,1610612742,1610612743,Regular Season,0
22500573,2026-01-14 20:00:00,1610612741,1610612762,Regular Season,1
22500574,2026-01-14 20:00:00,1610612740,1610612751,Regular Season,1
22500571,2026-01-14 19:00:00,1610612754,1610612761,Regular Season,0
22500572,2026-01-14 19:00:00,1610612755,1610612739,Regular Season,0
22500570,2026-01-13 23:00:00,1610612744,1610612757,Regular Season,1
22500569,2026-01-13 22:30:00,1610612747,1610612737,Regular Season,1
22500565,2026-01-13 20:00:00,1610612745,1610612741,Regular Season,1
22500566,2026-01-13 20:00:00,1610612749,1610612750,Regular Season,0
22500567,2026-01-13 20:00:00,1610612740,1610612743,Regular Season,0
22500568,2026-01-13 20:00:00,1610612760,1610612759,Regular Season,1
22500564,2026-01-13 19:30:00,1610612748,1610612756,Regular Season,1
22500563,2026-01-12 22:30:00,1610612746,1610612766,Regular Season,1
22500562,2026-01-12 22:00:00,1610612758,1610612747,Regular Season,1
22500561,2026-01-12 20:30:00,1610612742,1610612751,Regular Season,1
22500559,2026-01-12 19:30:00,1610612754,1610612738,Regular Season,1
22500560,2026-01-12 19:30:00,1610612761,1610612755,Regular Season,0
22500558,2026-01-12 19:00:00,1610612739,1610612762,Regular Season,0
22500557,2026-01-11 21:00:00,1610612758,1610612745,Regular Season,1
22500556,2026-01-11 20:30:00,1610612744,1610612737,Regular Season,0
22500554,2026-01-11 20:00:00,1610612743,1610612749,Regular Season,1
22500555,2026-01-11 20:00:00,1610612756,1610612764,Regular Season,1
22500552,2026-01-11 19:00:00,1610612750,1610612759,Regular Season,1
22500553,2026-01-11 19:00:00,1610612760,1610612748,Regular Season,1
22500550,2026-01-11 18:00:00,1610612761,1610612755,Regular Season,1
22500551,2026-01-11 18:00:00,1610612757,1610612752,Regular Season,0
22500549,2026-01-11 15:30:00,1610612763,1610612751,Regular Season,1
22500548,2026-01-11 15:00:00,1610612753,1610612740,Regular Season,1
22500547,2026-01-10 21:30:00,1610612762,1610612766,Regular Season,0
22500545,2026-01-10 20:00:00,1610612738,1610612759,Regular Season,0
22500546,2026-01-10 20:00:00,1610612741,1610612742,Regular Season,1
22500544,2026-01-10 19:30:00,1610612765,1610612746,Regular Season,0
22500543,2026-01-10 19:00:00,1610612754,1610612748,Regular Season,1
22500542,2026-01-10 13:00:00,1610612739,1610612750,Regular Season,1
22500541,2026-01-09 22:30:00,1610612747,1610612749,Regular Season,0
22500539,2026-01-09 22:00:00,1610612744,1610612758,Regular Season,1
22500540,2026-01-09 22:00:00,1610612757,1610612745,Regular Season,1
22500537,2026-01-09 21:00:00,1610612743,1610612737,Regular Season,0
22500538,2026-01-09 21:00:00,1610612756,1610612752,Regular Season,1
22500536,2026-01-09 20:00:00,1610612763,1610612760,Regular Season,0
22500535,2026-01-09 19:30:00,1610612751,1610612746,Regular Season,0
22500532,2026-01-09 19:00:00,1610612738,1610612761,Regular Season,1
22500533,2026-01-09 19:00:00,1610612753,1610612755,Regular Season,0
22500534,2026-01-09 19:00:00,1610612764,1610612740,Regular Season,0
22500531,2026-01-08 21:00:00,1610612762,1610612742,Regular Season,1
22500530,2026-01-08 20:00:00,1610612750,1610612739,Regular Season,1
22500528,2026-01-08 19:00:00,1610612766,1610612754,Regular Season,0
22500526,2026-01-07 22:00:00,1610612744,1610612749,Regular Season,1
22500527,2026-01-07 22:00:00,1610612757,1610612745,Regular Season,1
22500523,2026-01-07 21:30:00,1610612759,1610612747,Regular Season,1
22500524,2026-01-07 20:00:00,1610612763,1610612756,Regular Season,0
22500525,2026-01-07 20:00:00,1610612760,1610612762,Regular Season,1
22500519,2026-01-07 19:30:00,1610612737,1610612740,Regular Season,1
22500521,2026-01-07 19:30:00,1610612751,1610612753,Regular Season,0
22500522,2026-01-07 19:30:00,1610612752,1610612746,Regular Season,1
22500516,2026-01-07 19:00:00,1610612766,1610612761,Regular Season,0
22500517,2026-01-07 19:00:00,1610612765,1610612741,Regular Season,1
22500518,2026-01-07 19:00:00,1610612755,1610612764,Regular Season,1
22500520,2026-01-07 19:00:00,1610612738,1610612743,Regular Season,0
22500515,2026-01-06 23:00:00,1610612758,1610612742,Regular Season,0
22500512,2026-01-06 20:00:00,1610612763,1610612759,Regular Season,1
22500513,2026-01-06 20:00:00,1610612750,1610612748,Regular Season,1
22500514,2026-01-06 20:00:00,1610612740,1610612747,Regular Season,0
22500510,2026-01-06 19:00:00,1610612754,1610612739,Regular Season,0
22500511,2026-01-06 19:00:00,1610612764,1610612753,Regular Season,1
22500508,2026-01-05 22:00:00,1610612746,1610612744,Regular Season,1
22500509,2026-01-05 22:00:00,1610612757,1610612762,Regular Season,1
22500507,2026-01-05 20:30:00,1610612755,1610612743,Regular Season,0
22500505,2026-01-05 20:00:00,1610612745,1610612756,Regular Season,1
22500506,2026-01-05 20:00:00,1610612760,1610612766,Regular Season,0
22500503,2026-01-05 19:30:00,1610612738,1610612741,Regular Season,1
22500504,2026-01-05 19:30:00,1610612761,1610612737,Regular Season,1
22500502,2026-01-05 19:00:00,1610612765,1610612752,Regular Season,1
22500501,2026-01-04 21:30:00,1610612747,1610612763,Regular Season,1
22500500,2026-01-04 21:00:00,1610612758,1610612749,Regular Season,0
22500499,2026-01-04 20:00:00,1610612756,1610612760,Regular Season,1
22500497,2026-01-04 18:00:00,1610612748,1610612740,Regular Season,1
22500498,2026-01-04 18:00:00,1610612764,1610612750,Regular Season,0
22500496,2026-01-04 15:30:00,1610612751,1610612743,Regular Season,1
22500495,2026-01-04 15:00:00,1610612753,1610612754,Regular Season,1
22500494,2026-01-04 14:00:00,1610612739,1610612765,Regular Season,0
22500493,2026-01-03 22:30:00,1610612746,1610612738,Regular Season,0
22500492,2026-01-03 22:00:00,1610612744,1610612762,Regular Season,1
22500491,2026-01-03 20:30:00,1610612742,1610612745,Regular Season,1
22500489,2026-01-03 20:00:00,1610612741,1610612766,Regular Season,0
22500490,2026-01-03 20:00:00,1610612759,1610612757,Regular Season,0
22500487,2026-01-03 19:30:00,1610612752,1610612755,Regular Season,0
22500488,2026-01-03 19:30:00,1610612761,1610612737,Regular Season,1
22500486,2026-01-03 17:00:00,1610612748,1610612750,Regular Season,0
22500485,2026-01-02 22:30:00,1610612747,1610612763,Regular Season,1
22500484,2026-01-02 22:00:00,1610612744,1610612760,Regular Season,0
22500483,2026-01-02 21:00:00,1610612756,1610612758,Regular Season,1
22500480,2026-01-02 20:00:00,1610612741,1610612753,Regular Season,1
22500481,2026-01-02 20:00:00,1610612749,1610612766,Regular Season,1
22500482,2026-01-02 20:00:00,1610612740,1610612757,Regular Season,0
22500478,2026-01-02 19:30:00,1610612739,1610612743,Regular Season,1
22500479,2026-01-02 19:30:00,1610612752,1610612737,Regular Season,0
22500476,2026-01-02 19:00:00,1610612754,1610612759,Regular Season,0
22500477,2026-01-02 19:00:00,1610612764,1610612751,Regular Season,1
22500475,2026-01-01 22:30:00,1610612746,1610612762,Regular Season,1
22500474,2026-01-01 22:00:00,1610612758,1610612738,Regular Season,0
22500473,2026-01-01 20:30:00,1610612742,1610612755,Regular Season,0
22500472,2026-01-01 19:00:00,1610612765,1610612748,Regular Season,0
22500471,2026-01-01 18:00:00,1610612751,1610612745,Regular Season,0
22500469,2025-12-31 20:00:00,1610612749,1610612764,Regular Season,0
22500470,2025-12-31 20:00:00,1610612760,1610612757,Regular Season,1
22500468,2025-12-31 19:30:00,1610612761,1610612743,Regular Season,0
22500466,2025-12-31 19:00:00,1610612741,1610612740,Regular Season,1
22500467,2025-12-31 19:00:00,1610612759,1610612752,Regular Season,1
22500465,2025-12-31 15:30:00,1610612739,1610612756,Regular Season,1
22500463,2025-12-31 15:00:00,1610612737,1610612750,Regular Season,1
22500464,2025-12-31 15:00:00,1610612754,1610612753,Regular Season,0
22500462,2025-12-31 13:00:00,1610612766,1610612744,Regular Season,0
22500461,2025-12-30 23:00:00,1610612746,1610612758,Regular Season,1
22500460,2025-12-30 22:30:00,1610612747,1610612765,Regular Season,0
22500459,2025-12-30 21:00:00,1610612762,1610612738,Regular Season,0
22500458,2025-12-30 20:00:00,1610612763,1610612755,Regular Season,0
22500457,2025-12-29 22:30:00,1610612757,1610612742,Regular Season,1
22500452,2025-12-29 20:00:00,1610612741,1610612750,Regular Season,0
22500453,2025-12-29 20:00:00,1610612745,1610612754,Regular Season,1
22500454,2025-12-29 20:00:00,1610612740,1610612752,Regular Season,0
22500455,2025-12-29 20:00:00,1610612760,1610612737,Regular Season,1
22500456,2025-12-29 20:00:00,1610612759,1610612739,Regular Season,0
22500449,2025-12-29 19:30:00,1610612751,1610612744,Regular Season,0
22500450,2025-12-29 19:30:00,1610612748,1610612743,Regular Season,1
22500451,2025-12-29 19:30:00,1610612761,1610612753,Regular Season,1
22500447,2025-12-29 19:00:00,1610612766,1610612749,Regular Season,0
22500448,2025-12-29 19:00:00,1610612764,1610612756,Regular Season,0
22500446,2025-12-28 21:30:00,1610612747,1610612758,Regular Season,1
22500445,2025-12-28 21:00:00,1610612746,1610612765,Regular Season,1
22500443,2025-12-28 18:00:00,1610612764,1610612763,Regular Season,1
22500444,2025-12-28 18:00:00,1610612757,1610612738,Regular Season,1
22500441,2025-12-28 15:30:00,1610612761,1610612744,Regular Season,1
22500442,2025-12-28 15:30:00,1610612760,1610612755,Regular Season,1
22500435,2025-12-27 20:00:00,1610612737,1610612752,Regular Season,0
22500436,2025-12-27 20:00:00,1610612748,1610612754,Regular Season,1
22500437,2025-12-27 20:00:00,1610612741,1610612749,Regular Season,0
22500438,2025-12-27 20:00:00,1610612745,1610612739,Regular Season,1
22500439,2025-12-27 20:00:00,1610612750,1610612751,Regular Season,0
22500440,2025-12-27 20:00:00,1610612759,1610612762,Regular Season,0
22500433,2025-12-27 19:00:00,1610612753,1610612743,Regular Season,1
22500434,2025-12-27 19:00:00,1610612740,1610612756,Regular Season,0
22500432,2025-12-27 17:00:00,1610612758,1610612742,Regular Season,1
22500431,2025-12-26 22:00:00,1610612757,1610612746,Regular Season,0
22500430,2025-12-26 21:30:00,1610612762,1610612765,Regular Season,1
22500428,2025-12-26 20:00:00,1610612763,1610612749,Regular Season,1
22500429,2025-12-26 20:00:00,1610612740,1610612756,Regular Season,0
22500427,2025-12-26 19:30:00,1610612741,1610612755,Regular Season,1
22500423,2025-12-26 19:00:00,1610612737,1610612748,Regular Season,0
22500424,2025-12-26 19:00:00,1610612753,1610612766,Regular Season,0
22500425,2025-12-26 19:00:00,1610612764,1610612761,Regular Season,1
22500426,2025-12-26 19:00:00,1610612754,1610612738,Regular Season,0
22500013,2025-12-25 22:30:00,1610612743,1610612750,Regular Season,1
22500012,2025-12-25 20:00:00,1610612747,1610612745,Regular Season,0
22500011,2025-12-25 17:00:00,1610612744,1610612742,Regular Season,1
22500010,2025-12-25 14:30:00,1610612760,1610612759,Regular Season,0
22500009,2025-12-25 12:00:00,1610612752,1610612739,Regular Season,1
22500422,2025-12-23 22:30:00,1610612746,1610612745,Regular Season,1
22500420,2025-12-23 22:00:00,1610612757,1610612753,Regular Season,0
22500421,2025-12-23 22:00:00,1610612758,1610612765,Regular Season,0
22500418,2025-12-23 21:00:00,1610612756,1610612747,Regular Season,1
22500419,2025-12-23 21:00:00,1610612762,1610612763,Regular Season,0
22500417,2025-12-23 20:30:00,1610612759,1610612760,Regular Season,1
22500415,2025-12-23 20:00:00,1610612742,1610612743,Regular Season,1
22500416,2025-12-23 20:00:00,1610612750,1610612752,Regular Season,1
22500411,2025-12-23 19:30:00,1610612737,1610612741,Regular Season,0
22500412,2025-12-23 19:30:00,1610612739,1610612740,Regular Season,1
22500413,2025-12-23 19:30:00,1610612754,1610612749,Regular Season,0
22500414,2025-12-23 19:30:00,1610612748,1610612761,Regular Season,0
22500409,2025-12-23 19:00:00,1610612766,1610612764,Regular Season,1
22500410,2025-12-23 19:00:00,1610612755,1610612751,Regular Season,0
22500407,2025-12-22 22:00:00,1610612744,1610612753,Regular Season,1
22500408,2025-12-22 22:00:00,1610612757,1610612765,Regular Season,0
22500406,2025-12-22 21:30:00,1610612760,1610612763,Regular Season,1
22500405,2025-12-22 21:00:00,1610612743,1610612762,Regular Season,1
22500404,2025-12-22 20:00:00,1610612740,1610612742,Regular Season,1
22500403,2025-12-22 19:30:00,1610612738,1610612754,Regular Season,1
22500402,2025-12-22 19:00:00,1610612739,1610612766,Regular Season,1
22500401,2025-12-21 22:00:00,1610612758,1610612745,Regular Season,1
22500399,2025-12-21 19:00:00,1610612764,1610612759,Regular Season,0
22500400,2025-12-21 19:00:00,1610612750,1610612749,Regular Season,1
22500397,2025-12-21 18:00:00,1610612751,1610612761,Regular Season,1
22500398,2025-12-21 18:00:00,1610612752,1610612748,Regular Season,1
22500396,2025-12-21 15:30:00,1610612737,1610612741,Regular Season,0
22500395,2025-12-20 22:30:00,1610612746,1610612747,Regular Season,1
22500394,2025-12-20 22:00:00,1610612758,1610612757,Regular Season,0
22500393,2025-12-20 21:30:00,1610612762,1610612753,Regular Season,0
22500392,2025-12-20 20:30:00,1610612744,1610612756,Regular Season,1
22500391,2025-12-20 20:00:00,1610612763,1610612764,Regular Season,0
22500390,2025-12-20 19:30:00,1610612765,1610612766,Regular Season,1
22500387,2025-12-20 19:00:00,1610612755,1610612742,Regular Season,1
22500388,2025-12-20 19:00:00,1610612761,1610612738,Regular Season,0
22500389,2025-12-20 19:00:00,1610612740,1610612754,Regular Season,1
22500386,2025-12-20 17:00:00,1610612743,1610612745,Regular Season,0
22500385,2025-12-19 21:30:00,1610612750,1610612760,Regular Season,1
22500383,2025-12-19 19:30:00,1610612737,1610612759,Regular Season,0
22500384,2025-12-19 19:30:00,1610612739,1610612741,Regular Season,0
22500381,2025-12-19 19:00:00,1610612738,1610612748,Regular Season,1
22500382,2025-12-19 19:00:00,1610612752,1610612755,Regular Season,0
22500380,2025-12-18 22:00:00,1610612757,1610612758,Regular Season,1
22500377,2025-12-18 21:00:00,1610612743,1610612753,Regular Season,1
22500378,2025-12-18 21:00:00,1610612756,1610612744,Regular Season,1
22500379,2025-12-18 21:00:00,1610612762,1610612747,Regular Season,0
22500376,2025-12-18 20:30:00,1610612742,1610612765,Regular Season,1
22500369,2025-12-18 20:00:00,1610612760,1610612746,Regular Season,1
22500370,2025-12-18 20:00:00,1610612759,1610612764,Regular Season,1
22500374,2025-12-18 20:00:00,1610612749,1610612761,Regular Season,0
22500375,2025-12-18 20:00:00,1610612740,1610612745,Regular Season,1
22500373,2025-12-18 19:30:00,1610612751,1610612748,Regular Season,0
22500371,2025-12-18 19:00:00,1610612766,1610612737,Regular Season,1
22500372,2025-12-18 19:00:00,1610612754,1610612752,Regular Season,0
22500367,2025-12-17 20:00:00,1610612741,1610612739,Regular Season,1
22500368,2025-12-17 20:00:00,1610612750,1610612763,Regular Season,0
62500001,2025-12-16 20:30:00,1610612752,1610612759,Emirates NBA Cup,1
22501226,2025-12-15 22:30:00,1610612746,1610612763,Regular Season,0
22501225,2025-12-15 21:30:00,1610612743,1610612745,Regular Season,1
22501224,2025-12-15 21:00:00,1610612762,1610612742,Regular Season,1
22501227,2025-12-15 19:30:00,1610612748,1610612761,Regular Season,0
22501222,2025-12-15 19:00:00,1610612738,1610612765,Regular Season,0
22501221,2025-12-14 21:00:00,1610612757,1610612744,Regular Season,1
22501228,2025-12-14 20:00:00,1610612756,1610612747,Regular Season,0
22501220,2025-12-14 19:00:00,1610612750,1610612758,Regular Season,1
22501223,2025-12-14 19:00:00,1610612741,1610612740,Regular Season,0
22501217,2025-12-14 18:00:00,1610612737,1610612755,Regular Season,1
22501219,2025-12-14 18:00:00,1610612751,1610612749,Regular Season,1
22501218,2025-12-14 15:30:00,1610612739,1610612766,Regular Season,0
22501216,2025-12-14 15:00:00,1610612754,1610612764,Regular Season,0
22501230,2025-12-13 21:00:00,1610612760,1610612759,Regular Season,0
22501229,2025-12-13 17:30:00,1610612753,1610612752,Regular Season,0
22501215,2025-12-12 22:00:00,1610612744,1610612750,Regular Season,0
22501214,2025-12-12 20:30:00,1610612742,1610612751,Regular Season,1
22501213,2025-12-12 20:00:00,1610612763,1610612762,Regular Season,0
22501209,2025-12-12 19:00:00,1610612766,1610612741,Regular Season,0
22501210,2025-12-12 19:00:00,1610612765,1610612737,Regular Season,1
22501211,2025-12-12 19:00:00,1610612755,1610612754,Regular Season,1
22501212,2025-12-12 19:00:00,1610612764,1610612739,Regular Season,0
22501208,2025-12-11 22:00:00,1610612758,1610612743,Regular Season,0
22501205,2025-12-11 20:00:00,1610612745,1610612746,Regular Season,1
22501206,2025-12-11 20:00:00,1610612749,1610612738,Regular Season,1
22501207,2025-12-11 20:00:00,1610612740,1610612757,Regular Season,1
22501204,2025-12-10 22:00:00,1610612747,1610612759,Regular Season,0
22501203,2025-12-10 19:30:00,1610612760,1610612756,Regular Season,1
22501202,2025-12-09 20:30:00,1610612761,1610612752,Regular Season,0
22501201,2025-12-09 18:00:00,1610612753,1610612748,Regular Season,1
22500366,2025-12-08 20:00:00,1610612740,1610612759,Regular Season,0
22500365,2025-12-08 19:30:00,1610612750,1610612756,Regular Season,0
22500364,2025-12-08 19:00:00,1610612754,1610612758,Regular Season,1
22500363,2025-12-07 20:00:00,1610612762,1610612760,Regular Season,0
22500362,2025-12-07 19:30:00,1610612755,1610612747,Regular Season,0
22500361,2025-12-07 19:00:00,1610612741,1610612744,Regular Season,0
22500359,2025-12-07 18:00:00,1610612766,1610612743,Regular Season,0
22500360,2025-12-07 18:00:00,1610612763,1610612757,Regular Season,1
22500358,2025-12-07 15:30:00,1610612761,1610612738,Regular Season,0
22500357,2025-12-07 12:00:00,1610612752,1610612753,Regular Season,1
22500356,2025-12-06 20:30:00,1610612742,1610612745,Regular Season,1
22500354,2025-12-06 20:00:00,1610612748,1610612758,Regular Season,0
22500355,2025-12-06 20:00:00,1610612750,1610612746,Regular Season,1
22500352,2025-12-06 19:30:00,1610612739,1610612744,Regular Season,0
22500353,2025-12-06 19:30:00,1610612765,1610612749,Regular Season,1
22500351,2025-12-06 19:00:00,1610612764,1610612737,Regular Season,0
22500350,2025-12-06 17:00:00,1610612751,1610612740,Regular Season,1
22500349,2025-12-05 21:30:00,1610612760,1610612742,Regular Season,1
22500345,2025-12-05 20:00:00,1610612741,1610612754,Regular Season,0
22500346,2025-12-05 20:00:00,1610612745,1610612756,Regular Season,1
22500347,2025-12-05 20:00:00,1610612763,1610612746,Regular Season,1
22500348,2025-12-05 20:00:00,1610612749,1610612755,Regular Season,0
22500340,2025-12-05 19:30:00,1610612737,1610612743,Regular Season,0
22500341,2025-12-05 19:30:00,1610612739,1610612759,Regular Season,1
22500342,2025-12-05 19:30:00,1610612765,1610612757,Regular Season,1
22500343,2025-12-05 19:30:00,1610612752,1610612762,Regular Season,1
22500344,2025-12-05 19:30:00,1610612761,1610612766,Regular Season,0
22500338,2025-12-05 19:00:00,1610612738,1610612747,Regular Season,1
22500339,2025-12-05 19:00:00,1610612753,1610612748,Regular Season,1
22500337,2025-12-04 20:00:00,1610612740,1610612750,Regular Season,0
22500335,2025-12-04 19:30:00,1610612751,1610612762,Regular Season,0
22500336,2025-12-04 19:30:00,1610612761,1610612747,Regular Season,0
22500333,2025-12-04 19:00:00,1610612755,1610612744,Regular Season,1
22500334,2025-12-04 19:00:00,1610612764,1610612738,Regular Season,0
22500332,2025-12-03 20:30:00,1610612742,1610612748,Regular Season,1
22500329,2025-12-03 20:00:00,1610612741,1610612751,Regular Season,0
22500330,2025-12-03 20:00:00,1610612745,1610612758,Regular Season,1
22500331,2025-12-03 20:00:00,1610612749,1610612765,Regular Season,1
22500327,2025-12-03 19:30:00,1610612737,1610612746,Regular Season,0
22500328,2025-12-03 19:30:00,1610612752,1610612766,Regular Season,1
22500324,2025-12-03 19:00:00,1610612739,1610612757,Regular Season,0
22500325,2025-12-03 19:00:00,1610612754,1610612743,Regular Season,0
22500326,2025-12-03 19:00:00,1610612753,1610612759,Regular Season,0
22500323,2025-12-02 23:00:00,1610612744,1610612760,Regular Season,0
22500320,2025-12-02 20:00:00,1610612738,1610612752,Regular Season,1
22500321,2025-12-02 20:00:00,1610612740,1610612750,Regular Season,0
22500322,2025-12-02 20:00:00,1610612759,1610612763,Regular Season,1
22500319,2025-12-02 19:30:00,1610612761,1610612757,Regular Season,1
22500318,2025-12-02 19:00:00,1610612755,1610612764,Regular Season,1
22500317,2025-12-01 22:00:00,1610612747,1610612756,Regular Season,0
22500315,2025-12-01 21:00:00,1610612743,1610612742,Regular Season,0
22500316,2025-12-01 21:00:00,1610612762,1610612745,Regular Season,1
22500312,2025-12-01 19:30:00,1610612751,1610612766,Regular Season,1
22500313,2025-12-01 19:30:00,1610612748,1610612746,Regular Season,1
22500314,2025-12-01 19:30:00,1610612753,1610612741,Regular Season,1
22500309,2025-12-01 19:00:00,1610612765,1610612737,Regular Season,1
22500310,2025-12-01 19:00:00,1610612754,1610612739,Regular Season,0
22500311,2025-12-01 19:00:00,1610612764,1610612749,Regular Season,1
22500308,2025-11-30 21:30:00,1610612747,1610612740,Regular Season,1
22500307,2025-11-30 21:00:00,1610612758,1610612763,Regular Season,0
22500306,2025-11-30 19:00:00,1610612750,1610612759,Regular Season,1
22500302,2025-11-30 18:00:00,1610612739,1610612738,Regular Season,0
22500303,2025-11-30 18:00:00,1610612752,1610612761,Regular Season,1
22500304,2025-11-30 18:00:00,1610612755,1610612737,Regular Season,0
22500305,2025-11-30 18:00:00,1610612757,1610612760,Regular Season,0
22500301,2025-11-30 15:00:00,1610612762,1610612745,Regular Season,0
22500300,2025-11-29 22:00:00,1610612746,1610612742,Regular Season,0
22500299,2025-11-29 21:00:00,1610612756,1610612743,Regular Season,0
22500298,2025-11-29 20:30:00,1610612744,1610612740,Regular Season,1
22500296,2025-11-29 20:00:00,1610612748,1610612765,Regular Season,0
22500297,2025-11-29 20:00:00,1610612749,1610612751,Regular Season,1
22500295,2025-11-29 19:30:00,1610612754,1610612741,Regular Season,1
22500294,2025-11-29 18:00:00,1610612766,1610612761,Regular Season,1
22500293,2025-11-29 17:00:00,1610612750,1610612738,Regular Season,1
22500078,2025-11-28 22:00:00,1610612747,1610612742,Regular Season,1
22500079,2025-11-28 22:00:00,1610612746,1610612763,Regular Season,0
22500075,2025-11-28 21:30:00,1610612760,1610612756,Regular Season,1
22500076,2025-11-28 21:30:00,1610612743,1610612759,Regular Season,0
22500077,2025-11-28 21:30:00,1610612762,1610612758,Regular Season,1
22500069,2025-11-28 19:30:00,1610612737,1610612739,Regular Season,1
22500070,2025-11-28 19:30:00,1610612751,1610612755,Regular Season,0
22500071,2025-11-28 19:30:00,1610612766,1610612741,Regular Season,1
22500072,2025-11-28 19:30:00,1610612765,1610612753,Regular Season,0
22500073,2025-11-28 19:30:00,1610612754,1610612764,Regular Season,1
22500074,2025-11-28 19:30:00,1610612752,1610612749,Regular Season,1
22500066,2025-11-26 22:00:00,1610612744,1610612745,Regular Season,0
22500067,2025-11-26 22:00:00,1610612757,1610612759,Regular Season,0
22500068,2025-11-26 22:00:00,1610612758,1610612756,Regular Season,0
22500065,2025-11-26 20:00:00,1610612740,1610612763,Regular Season,0
22500062,2025-11-26 19:30:00,1610612748,1610612749,Regular Season,1
22500063,2025-11-26 19:30:00,1610612761,1610612754,Regular Season,1
22500064,2025-11-26 19:30:00,1610612760,1610612750,Regular Season,1
22500061,2025-11-26 19:00:00,1610612766,1610612752,Regular Season,0
22500060,2025-11-26 17:00:00,1610612738,1610612765,Regular Season,1
22500059,2025-11-25 23:00:00,1610612747,1610612746,Regular Season,1
22500058,2025-11-25 20:00:00,1610612755,1610612753,Regular Season,0
22500057,2025-11-25 19:00:00,1610612764,1610612737,Regular Season,1
22500291,2025-11-24 22:00:00,1610612744,1610612762,Regular Season,1
22500292,2025-11-24 22:00:00,1610612758,1610612750,Regular Season,1
22500290,2025-11-24 21:30:00,1610612756,1610612745,Regular Season,0
22500287,2025-11-24 20:00:00,1610612763,1610612743,Regular Season,0
22500288,2025-11-24 20:00:00,1610612749,1610612757,Regular Season,0
22500289,2025-11-24 20:00:00,1610612740,1610612741,Regular Season,1
22500285,2025-11-24 19:30:00,1610612751,1610612752,Regular Season,0
22500286,2025-11-24 19:30:00,1610612748,1610612742,Regular Season,1
22500283,2025-11-24 19:00:00,1610612754,1610612765,Regular Season,0
22500284,2025-11-24 19:00:00,1610612761,1610612739,Regular Season,1
22500281,2025-11-23 20:00:00,1610612756,1610612759,Regular Season,1
22500282,2025-11-23 20:00:00,1610612762,1610612747,Regular Season,0
22500280,2025-11-23 19:00:00,1610612760,1610612757,Regular Season,1
22500276,2025-11-23 18:00:00,1610612737,1610612766,Regular Season,1
22500277,2025-11-23 18:00:00,1610612738,1610612753,Regular Season,1
22500278,2025-11-23 18:00:00,1610612739,1610612746,Regular Season,1
22500279,2025-11-23 18:00:00,1610612761,1610612751,Regular Season,1
22500275,2025-11-23 13:00:00,1610612755,1610612748,Regular Season,0
22500274,2025-11-22 22:00:00,1610612743,1610612758,Regular Season,0
22500273,2025-11-22 20:30:00,1610612742,1610612763,Regular Season,0
22500271,2025-11-22 20:00:00,1610612741,1610612764,Regular Season,1
22500272,2025-11-22 20:00:00,1610612749,1610612765,Regular Season,0
22500270,2025-11-22 19:00:00,1610612740,1610612737,Regular Season,0
22500269,2025-11-22 17:00:00,1610612753,1610612752,Regular Season,1
22500268,2025-11-22 13:00:00,1610612766,1610612746,Regular Season,0
22500055,2025-11-21 22:00:00,1610612762,1610612760,Regular Season,0
22500056,2025-11-21 22:00:00,1610612744,1610612757,Regular Season,0
22500054,2025-11-21 21:30:00,1610612745,1610612743,Regular Season,0
22500053,2025-11-21 21:00:00,1610612756,1610612750,Regular Season,1
22500052,2025-11-21 20:30:00,1610612742,1610612740,Regular Season,1
22500051,2025-11-21 20:00:00,1610612741,1610612748,Regular Season,0
22500049,2025-11-21 19:30:00,1610612738,1610612751,Regular Season,0
22500050,2025-11-21 19:30:00,1610612761,1610612764,Regular Season,1
22500048,2025-11-21 19:00:00,1610612739,1610612754,Regular Season,1
22500265,2025-11-20 20:00:00,1610612763,1610612758,Regular Season,1
22500266,2025-11-20 20:00:00,1610612749,1610612755,Regular Season,0
22500267,2025-11-20 20:00:00,1610612759,1610612737,Regular Season,1
22500264,2025-11-20 19:00:00,1610612753,1610612746,Regular Season,1
22500263,2025-11-19 22:00:00,1610612757,1610612741,Regular Season,0
22500262,2025-11-19 21:30:00,1610612742,1610612752,Regular Season,0
22500259,2025-11-19 20:00:00,1610612750,1610612764,Regular Season,1
22500260,2025-11-19 20:00:00,1610612740,1610612743,Regular Season,0
22500261,2025-11-19 20:00:00,1610612760,1610612758,Regular Season,1
22500257,2025-11-19 19:30:00,1610612748,1610612744,Regular Season,1
22500255,2025-11-19 19:00:00,1610612739,1610612745,Regular Season,0
22500256,2025-11-19 19:00:00,1610612754,1610612766,Regular Season,1
22500258,2025-11-19 19:00:00,1610612755,1610612761,Regular Season,0
22500254,2025-11-18 23:00:00,1610612757,1610612756,Regular Season,0
22500253,2025-11-18 22:30:00,1610612747,1610612762,Regular Season,1
22500252,2025-11-18 20:00:00,1610612759,1610612763,Regular Season,1
22500250,2025-11-18 19:30:00,1610612751,1610612738,Regular Season,0
22500251,2025-11-18 19:30:00,1610612737,1610612765,Regular Season,0
22500249,2025-11-18 19:00:00,1610612753,1610612744,Regular Season,1
22500248,2025-11-17 21:00:00,1610612743,1610612741,Regular Season,0
22500246,2025-11-17 20:00:00,1610612750,1610612742,Regular Season,1
22500247,2025-11-17 20:00:00,1610612740,1610612760,Regular Season,0
22500244,2025-11-17 19:30:00,1610612748,1610612752,Regular Season,1
22500245,2025-11-17 19:30:00,1610612761,1610612766,Regular Season,1
22500241,2025-11-17 19:00:00,1610612739,1610612749,Regular Season,1
22500242,2025-11-17 19:00:00,1610612765,1610612754,Regular Season,1
22500243,2025-11-17 19:00:00,1610612755,1610612746,Regular Season,1
22500239,2025-11-16 20:00:00,1610612756,1610612737,Regular Season,0
22500240,2025-11-16 20:00:00,1610612762,1610612741,Regular Season,1
22500238,2025-11-16 19:30:00,1610612742,1610612757,Regular Season,1
22500236,2025-11-16 19:00:00,1610612745,1610612753,Regular Season,1
22500237,2025-11-16 19:00:00,1610612740,1610612744,Regular Season,0
22500235,2025-11-16 18:00:00,1610612764,1610612751,Regular Season,0
22500234,2025-11-16 16:00:00,1610612759,1610612758,Regular Season,1
22500233,2025-11-16 15:30:00,1610612738,1610612746,Regular Season,1
22500231,2025-11-15 20:00:00,1610612749,1610612747,Regular Season,0
22500232,2025-11-15 20:00:00,1610612750,1610612743,Regular Season,0
22500229,2025-11-15 19:00:00,1610612766,1610612760,Regular Season,0
22500230,2025-11-15 19:00:00,1610612754,1610612761,Regular Season,0
22500228,2025-11-15 17:00:00,1610612739,1610612763,Regular Season,1
22500047,2025-11-14 21:30:00,1610612759,1610612744,Regular Season,0
22500046,2025-11-14 20:30:00,1610612742,1610612746,Regular Season,0
22500042,2025-11-14 20:00:00,1610612745,1610612757,Regular Season,1
22500043,2025-11-14 20:00:00,1610612749,1610612766,Regular Season,1
22500044,2025-11-14 20:00:00,1610612750,1610612758,Regular Season,1
22500045,2025-11-14 20:00:00,1610612740,1610612747,Regular Season,0
22500041,2025-11-14 19:30:00,1610612765,1610612755,Regular Season,1
22500039,2025-11-14 19:00:00,1610612752,1610612748,Regular Season,1
22500040,2025-11-14 19:00:00,1610612753,1610612751,Regular Season,1
22500226,2025-11-13 21:00:00,1610612756,1610612754,Regular Season,1
22500227,2025-11-13 21:00:00,1610612762,1610612737,Regular Season,0
22500225,2025-11-13 19:00:00,1610612739,1610612761,Regular Season,0
22500224,2025-11-12 22:30:00,1610612746,1610612743,Regular Season,0
22500223,2025-11-12 22:00:00,1610612758,1610612737,Regular Season,0
22500222,2025-11-12 21:30:00,1610612760,1610612747,Regular Season,1
22500221,2025-11-12 20:30:00,1610612742,1610612756,Regular Season,0
22500218,2025-11-12 20:00:00,1610612745,1610612764,Regular Season,1
22500219,2025-11-12 20:00:00,1610612740,1610612757,Regular Season,0
22500220,2025-11-12 20:00:00,1610612759,1610612744,Regular Season,0
22500216,2025-11-12 19:30:00,1610612738,1610612763,Regular Season,1
22500217,2025-11-12 19:30:00,1610612748,1610612739,Regular Season,0
22500213,2025-11-12 19:00:00,1610612766,1610612749,Regular Season,1
22500214,2025-11-12 19:00:00,1610612765,1610612741,Regular Season,1
22500215,2025-11-12 19:00:00,1610612752,1610612753,Regular Season,0
22500212,2025-11-11 23:00:00,1610612758,1610612743,Regular Season,0
22500211,2025-11-11 21:00:00,1610612762,1610612754,Regular Season,1
22500209,2025-11-11 20:00:00,1610612755,1610612738,Regular Season,1
22500210,2025-11-11 20:00:00,1610612760,1610612744,Regular Season,1
22500207,2025-11-11 19:30:00,1610612751,1610612761,Regular Season,0
22500208,2025-11-11 19:30:00,1610612752,1610612763,Regular Season,1
22500206,2025-11-10 22:30:00,1610612746,1610612737,Regular Season,0
22500204,2025-11-10 21:00:00,1610612756,1610612740,Regular Season,1
22500205,2025-11-10 21:00:00,1610612762,1610612750,Regular Season,0
22500203,2025-11-10 20:30:00,1610612742,1610612749,Regular Season,0
22500202,2025-11-10 20:00:00,1610612741,1610612759,Regular Season,0
22500201,2025-11-10 19:30:00,1610612748,1610612739,Regular Season,1
22500198,2025-11-10 19:00:00,1610612766,1610612747,Regular Season,0
22500199,2025-11-10 19:00:00,1610612765,1610612764,Regular Season,1
22500200,2025-11-10 19:00:00,1610612753,1610612757,Regular Season,1
22500197,2025-11-09 21:00:00,1610612758,1610612750,Regular Season,0
22500196,2025-11-09 20:30:00,1610612744,1610612754,Regular Season,1
22500195,2025-11-09 19:30:00,1610612755,1610612765,Regular Season,0
22500192,2025-11-09 18:00:00,1610612752,1610612751,Regular Season,1
22500193,2025-11-09 18:00:00,1610612753,1610612738,Regular Season,0
22500194,2025-11-09 18:00:00,1610612763,1610612760,Regular Season,0
22500191,2025-11-09 15:30:00,1610612749,1610612745,Regular Season,0
22500190,2025-11-08 22:30:00,1610612746,1610612756,Regular Season,0
22500189,2025-11-08 21:00:00,1610612743,1610612754,Regular Season,1
22500185,2025-11-08 20:00:00,1610612737,1610612747,Regular Season,1
22500186,2025-11-08 20:00:00,1610612739,1610612741,Regular Season,1
22500187,2025-11-08 20:00:00,1610612748,1610612757,Regular Season,1
22500188,2025-11-08 20:00:00,1610612759,1610612740,Regular Season,1
22500184,2025-11-08 19:30:00,1610612755,1610612761,Regular Season,1
22500183,2025-11-08 19:00:00,1610612764,1610612742,Regular Season,0
22500037,2025-11-07 22:00:00,1610612743,1610612744,Regular Season,1
22500038,2025-11-07 22:00:00,1610612758,1610612760,Regular Season,0
22500033,2025-11-07 20:00:00,1610612748,1610612766,Regular Season,1
22500034,2025-11-07 20:00:00,1610612763,1610612742,Regular Season,1
22500035,2025-11-07 20:00:00,1610612749,1610612741,Regular Season,1
22500036,2025-11-07 20:00:00,1610612750,1610612762,Regular Season,1
22500030,2025-11-07 19:30:00,1610612737,1610612761,Regular Season,0
22500031,2025-11-07 19:30:00,1610612751,1610612765,Regular Season,0
22500032,2025-11-07 19:30:00,1610612759,1610612745,Regular Season,1
22500028,2025-11-07 19:00:00,1610612753,1610612738,Regular Season,1
22500029,2025-11-07 19:00:00,1610612764,1610612739,Regular Season,0
22500182,2025-11-06 21:00:00,1610612756,1610612746,Regular Season,1
22500179,2025-11-05 22:00:00,1610612747,1610612759,Regular Season,1
22500180,2025-11-05 22:00:00,1610612757,1610612760,Regular Season,1
22500181,2025-11-05 22:00:00,1610612758,1610612744,Regular Season,1
22500178,2025-11-05 21:00:00,1610612743,1610612748,Regular Season,1
22500177,2025-11-05 20:30:00,1610612742,1610612740,Regular Season,0
22500176,2025-11-05 20:00:00,1610612763,1610612745,Regular Season,0
22500174,2025-11-05 19:30:00,1610612738,1610612764,Regular Season,1
22500175,2025-11-05 19:30:00,1610612752,1610612750,Regular Season,1
22500171,2025-11-05 19:00:00,1610612739,1610612755,Regular Season,1
22500172,2025-11-05 19:00:00,1610612765,1610612762,Regular Season,1
22500173,2025-11-05 19:00:00,1610612754,1610612751,Regular Season,0
22500170,2025-11-04 23:00:00,1610612746,1610612760,Regular Season,0
22500169,2025-11-04 22:00:00,1610612744,1610612756,Regular Season,1
22500166,2025-11-04 20:00:00,1610612737,1610612753,Regular Season,1
22500167,2025-11-04 20:00:00,1610612741,1610612755,Regular Season,1
22500168,2025-11-04 20:00:00,1610612740,1610612766,Regular Season,1
22500165,2025-11-04 19:30:00,1610612761,1610612749,Regular Season,1
22500164,2025-11-03 22:30:00,1610612746,1610612748,Regular Season,0
22500163,2025-11-03 22:00:00,1610612757,1610612747,Regular Season,0
22500162,2025-11-03 21:00:00,1610612743,1610612758,Regular Season,1
22500160,2025-11-03 20:00:00,1610612745,1610612742,Regular Season,1
22500161,2025-11-03 20:00:00,1610612763,1610612765,Regular Season,0
22500158,2025-11-03 19:30:00,1610612738,1610612762,Regular Season,0
22500159,2025-11-03 19:30:00,1610612752,1610612764,Regular Season,1
22500156,2025-11-03 19:00:00,1610612751,1610612750,Regular Season,0
22500157,2025-11-03 19:00:00,1610612754,1610612749,Regular Season,0
22500155,2025-11-02 21:30:00,1610612747,1610612748,Regular Season,1
22500154,2025-11-02 20:00:00,1610612756,1610612759,Regular Season,1
22500153,2025-11-02 19:00:00,1610612752,1610612741,Regular Season,1
22500149,2025-11-02 18:00:00,1610612751,1610612755,Regular Season,0
22500150,2025-11-02 18:00:00,1610612766,1610612762,Regular Season,1
22500151,2025-11-02 18:00:00,1610612739,1610612737,Regular Season,1
22500152,2025-11-02 18:00:00,1610612761,1610612763,Regular Season,1
22500148,2025-11-02 15:30:00,1610612760,1610612740,Regular Season,1
22500147,2025-11-01 22:00:00,1610612765,1610612742,Regular Season,1
22500146,2025-11-01 20:00:00,1610612738,1610612745,Regular Season,0
22500144,2025-11-01 19:00:00,1610612754,1610612744,Regular Season,1
22500145,2025-11-01 19:00:00,1610612764,1610612753,Regular Season,0
22500143,2025-11-01 18:00:00,1610612766,1610612750,Regular Season,0
22500142,2025-11-01 17:00:00,1610612749,1610612758,Regular Season,0
22500027,2025-10-31 22:30:00,1610612746,1610612740,Regular Season,1
22500025,2025-10-31 22:00:00,1610612756,1610612762,Regular Season,1
22500026,2025-10-31 22:00:00,1610612757,1610612743,Regular Season,1
22500024,2025-10-31 21:30:00,1610612763,1610612747,Regular Season,0
22500023,2025-10-31 20:00:00,1610612741,1610612752,Regular Season,1
22500022,2025-10-31 19:30:00,1610612739,1610612761,Regular Season,0
22500020,2025-10-31 19:00:00,1610612754,1610612737,Regular Season,0
22500021,2025-10-31 19:00:00,1610612755,1610612738,Regular Season,0
22500141,2025-10-30 20:30:00,1610612759,1610612748,Regular Season,1
22500139,2025-10-30 20:00:00,1610612749,1610612744,Regular Season,1
22500140,2025-10-30 20:00:00,1610612760,1610612764,Regular Season,1
22500138,2025-10-30 19:00:00,1610612766,1610612753,Regular Season,0
22500137,2025-10-29 22:00:00,1610612756,1610612763,Regular Season,0
22500136,2025-10-29 21:30:00,1610612750,1610612747,Regular Season,0
22500134,2025-10-29 21:00:00,1610612743,1610612740,Regular Season,1
22500135,2025-10-29 21:00:00,1610612762,1610612757,Regular Season,0
22500133,2025-10-29 20:30:00,1610612742,1610612754,Regular Season,1
22500132,2025-10-29 20:00:00,1610612741,1610612758,Regular Season,1
22500130,2025-10-29 19:30:00,1610612751,1610612737,Regular Season,0
22500128,2025-10-29 19:00:00,1610612738,1610612739,Regular Season,1
22500129,2025-10-29 19:00:00,1610612765,1610612753,Regular Season,1
22500131,2025-10-29 18:30:00,1610612761,1610612745,Regular Season,0
22500127,2025-10-28 23:00:00,1610612744,1610612746,Regular Season,1
22500125,2025-10-28 20:00:00,1610612749,1610612752,Regular Season,1
22500126,2025-10-28 20:00:00,1610612760,1610612758,Regular Season,1
22500124,2025-10-28 19:30:00,1610612748,1610612766,Regular Season,1
22500123,2025-10-28 19:00:00,1610612764,1610612755,Regular Season,0
22500122,2025-10-27 22:30:00,1610612747,1610612757,Regular Season,0
22500121,2025-10-27 22:00:00,1610612744,1610612763,Regular Season,1
22500008,2025-10-27 21:30:00,1610612750,1610612743,Regular Season,0
22500120,2025-10-27 21:00:00,1610612762,1610612756,Regular Season,1
22500119,2025-10-27 20:30:00,1610612742,1610612760,Regular Season,0
22500115,2025-10-27 20:00:00,1610612741,1610612737,Regular Season,1
22500116,2025-10-27 20:00:00,1610612745,1610612751,Regular Season,1
22500117,2025-10-27 20:00:00,1610612740,1610612738,Regular Season,0
22500118,2025-10-27 20:00:00,1610612759,1610612761,Regular Season,1
22500007,2025-10-27 19:00:00,1610612765,1610612739,Regular Season,0
22500114,2025-10-27 19:00:00,1610612755,1610612753,Regular Season,1
22500112,2025-10-26 21:00:00,1610612746,1610612757,Regular Season,1
22500113,2025-10-26 21:00:00,1610612758,1610612747,Regular Season,0
22500111,2025-10-26 19:30:00,1610612742,1610612761,Regular Season,1
22500110,2025-10-26 19:00:00,1610612750,1610612754,Regular Season,1
22500107,2025-10-26 18:00:00,1610612739,1610612749,Regular Season,1
22500108,2025-10-26 18:00:00,1610612748,1610612752,Regular Season,1
22500109,2025-10-26 18:00:00,1610612764,1610612766,Regular Season,0
22500106,2025-10-26 15:30:00,1610612765,1610612738,Regular Season,1
22500105,2025-10-26 14:00:00,1610612759,1610612751,Regular Season,1
22500104,2025-10-25 21:00:00,1610612743,1610612756,Regular Season,1
22500103,2025-10-25 20:00:00,1610612763,1610612754,Regular Season,1
22500101,2025-10-25 19:30:00,1610612737,1610612760,Regular Season,0
22500102,2025-10-25 19:30:00,1610612755,1610612766,Regular Season,1
22500100,2025-10-25 19:00:00,1610612753,1610612741,Regular Season,0
22500099,2025-10-24 22:30:00,1610612746,1610612756,Regular Season,1
22500019,2025-10-24 22:00:00,1610612747,1610612750,Regular Season,1
22500097,2025-10-24 22:00:00,1610612757,1610612744,Regular Season,1
22500098,2025-10-24 22:00:00,1610612758,1610612762,Regular Season,1
22500096,2025-10-24 20:30:00,1610612742,1610612764,Regular Season,0
22500093,2025-10-24 20:00:00,1610612745,1610612765,Regular Season,0
22500094,2025-10-24 20:00:00,1610612763,1610612748,Regular Season,0
22500095,2025-10-24 20:00:00,1610612740,1610612759,Regular Season,0
22500018,2025-10-24 19:30:00,1610612752,1610612738,Regular Season,1
22500091,2025-10-24 19:30:00,1610612751,1610612739,Regular Season,0
22500090,2025-10-24 19:00:00,1610612753,1610612737,Regular Season,0
22500092,2025-10-24 18:30:00,1610612761,1610612749,Regular Season,0
22500006,2025-10-23 22:00:00,1610612744,1610612743,Regular Season,1
22500005,2025-10-23 19:30:00,1610612754,1610612760,Regular Season,0
22500088,2025-10-22 22:00:00,1610612756,1610612758,Regular Season,1
22500089,2025-10-22 22:00:00,1610612757,1610612750,Regular Season,0
22500004,2025-10-22 21:30:00,1610612742,1610612759,Regular Season,0
22500087,2025-10-22 21:00:00,1610612762,1610612746,Regular Season,1
22500084,2025-10-22 20:00:00,1610612741,1610612765,Regular Season,1
22500085,2025-10-22 20:00:00,1610612763,1610612740,Regular Season,1
22500086,2025-10-22 20:00:00,1610612749,1610612764,Regular Season,1
22500082,2025-10-22 19:30:00,1610612737,1610612761,Regular Season,0
22500083,2025-10-22 19:30:00,1610612738,1610612755,Regular Season,0
22500003,2025-10-22 19:00:00,1610612752,1610612739,Regular Season,1
22500080,2025-10-22 19:00:00,1610612766,1610612751,Regular Season,1
22500081,2025-10-22 19:00:00,1610612753,1610612748,Regular Season,1
22500002,2025-10-21 22:00:00,1610612747,1610612744,Regular Season,0
22500001,2025-10-21 19:30:00,1610612760,1610612745,Regular Season,1
12500007,2025-10-17 22:30:00,1610612747,1610612758,Preseason,0
12500069,2025-10-17 22:00:00,1610612744,1610612746,Preseason,0
12500006,2025-10-17 20:00:00,1610612748,1610612763,Preseason,0
12500067,2025-10-17 20:00:00,1610612760,1610612743,Preseason,1
12500068,2025-10-17 20:00:00,1610612759,1610612754,Preseason,1
12500066,2025-10-17 19:30:00,1610612752,1610612766,Preseason,1
12500065,2025-10-17 19:00:00,1610612761,1610612751,Preseason,1
12500071,2025-10-17 19:00:00,1610612755,1610612750,Preseason,1
12500025,2025-10-16 21:00:00,1610612762,1610612757,Preseason,1
12500064,2025-10-16 20:00:00,1610612741,1610612750,Preseason,1
12500024,2025-10-16 19:30:00,1610612737,1610612745,Preseason,0
12500023,2025-10-16 19:00:00,1610612753,1610612740,Preseason,1
12500063,2025-10-16 19:00:00,1610612765,1610612764,Preseason,1
12500005,2025-10-15 22:30:00,1610612747,1610612742,Preseason,0
12500022,2025-10-15 22:00:00,1610612758,1610612746,Preseason,0
12500062,2025-10-15 19:30:00,1610612738,1610612761,Preseason,1
12500061,2025-10-15 19:00:00,1610612766,1610612763,Preseason,1
12500021,2025-10-14 22:00:00,1610612757,1610612744,Preseason,0
12500060,2025-10-14 22:00:00,1610612756,1610612747,Preseason,1
12500059,2025-10-14 21:00:00,1610612743,1610612741,Preseason,1
12500020,2025-10-14 20:00:00,1610612740,1610612745,Preseason,0
12500058,2025-10-14 20:00:00,1610612749,1610612760,Preseason,0
12500057,2025-10-14 19:00:00,1610612739,1610612765,Preseason,1
12500056,2025-10-13 21:00:00,1610612762,1610612742,Preseason,0
12500055,2025-10-13 20:00:00,1610612750,15018,Preseason,1
12500054,2025-10-13 19:30:00,1610612752,1610612764,Preseason,0
12500053,2025-10-13 19:00:00,1610612754,1610612759,Preseason,0
12500019,2025-10-13 18:00:00,1610612737,1610612748,Preseason,1
12500004,2025-10-12 21:30:00,1610612747,1610612744,Preseason,1
12500052,2025-10-12 21:30:00,1610612746,1610612743,Preseason,0
12500050,2025-10-12 19:00:00,1610612738,1610612739,Preseason,1
12500051,2025-10-12 19:00:00,1610612741,1610612749,Preseason,0
12500049,2025-10-12 18:00:00,1610612753,1610612748,Preseason,1
12500048,2025-10-12 15:00:00,1610612764,1610612761,Preseason,0
12500013,2025-10-12 07:00:00,1610612756,1610612751,Preseason,0
12500047,2025-10-11 20:30:00,1610612742,1610612766,Preseason,0
12500018,2025-10-11 20:00:00,1610612763,1610612737,Preseason,0
12500046,2025-10-11 19:00:00,1610612754,1610612760,Preseason,1
12500017,2025-10-10 22:00:00,1610612757,1610612758,Preseason,1
12500045,2025-10-10 20:00:00,1610612759,1610612762,Preseason,1
12500044,2025-10-10 19:00:00,1610612761,1610612738,Preseason,1
12500070,2025-10-10 19:00:00,1610612755,1610612753,Preseason,0
12500012,2025-10-10 08:00:00,1610612751,1610612756,Preseason,0
12500043,2025-10-09 22:30:00,1610612746,15018,Preseason,1
12500040,2025-10-09 20:00:00,1610612741,1610612739,Preseason,1
12500041,2025-10-09 20:00:00,1610612749,1610612765,Preseason,1
12500042,2025-10-09 20:00:00,1610612760,1610612766,Preseason,1
12500039,2025-10-09 19:30:00,1610612752,1610612750,Preseason,1
12500015,2025-10-08 22:00:00,1610612744,1610612757,Preseason,1
12500016,2025-10-08 22:00:00,1610612758,1610612761,Preseason,0
12500037,2025-10-08 20:00:00,1610612745,1610612762,Preseason,1
12500038,2025-10-08 20:00:00,1610612763,1610612738,Preseason,0
12500003,2025-10-08 19:30:00,1610612748,1610612759,Preseason,0
12500036,2025-10-07 20:00:00,1610612750,1610612754,Preseason,0
12500035,2025-10-07 19:00:00,1610612739,1610612741,Preseason,0
12500034,2025-10-06 22:00:00,1610612761,1610612743,Preseason,0
12500033,2025-10-06 20:30:00,1610612742,1610612760,Preseason,1
12500014,2025-10-06 20:00:00,1610612745,1610612737,Preseason,1
12500031,2025-10-06 20:00:00,1610612763,1610612765,Preseason,0
12500032,2025-10-06 20:00:00,1610612759,15018,Preseason,1
12500002,2025-10-06 19:30:00,1610612748,1610612749,Preseason,0
12500030,2025-10-05 20:30:00,1610612744,1610612747,Preseason,1
12500029,2025-10-05 17:00:00,1610612766,1610612760,Preseason,0
12500011,2025-10-04 23:00:00,1610612740,50013,Preseason,1
12500028,2025-10-04 21:00:00,1610612743,1610612750,Preseason,0
12500026,2025-10-04 20:00:00,1610612751,50014,Preseason,1
12500027,2025-10-04 20:00:00,1610612748,1610612753,Preseason,0
12500010,2025-10-04 11:00:00,1610612755,1610612752,Preseason,0
12500001,2025-10-03 22:00:00,1610612747,1610612756,Preseason,0
12500009,2025-10-03 05:30:00,1610612740,15016,Preseason,1
12500008,2025-10-02 12:00:00,1610612752,1610612755,Preseason,1
42400407,2025-06-22 20:00:00,1610612760,1610612754,Playoffs,1
42400406,2025-06-19 20:30:00,1610612754,1610612760,Playoffs,1
42400405,2025-06-16 20:30:00,1610612760,1610612754,Playoffs,1
42400404,2025-06-13 20:30:00,1610612754,1610612760,Playoffs,0
42400403,2025-06-11 20:30:00,1610612754,1610612760,Playoffs,1
42400402,2025-06-08 20:00:00,1610612760,1610612754,Playoffs,1
42400401,2025-06-05 20:30:00,1610612760,1610612754,Playoffs,0
42400306,2025-05-31 20:00:00,1610612754,1610612752,Playoffs,1
42400305,2025-05-29 20:00:00,1610612752,1610612754,Playoffs,1
42400315,2025-05-28 20:30:00,1610612760,1610612750,Playoffs,1
42400304,2025-05-27 20:00:00,1610612754,1610612752,Playoffs,1
42400314,2025-05-26 20:30:00,1610612750,1610612760,Playoffs,0
42400303,2025-05-25 20:00:00,1610612754,1610612752,Playoffs,0
42400313,2025-05-24 20:30:00,1610612750,1610612760,Playoffs,1
42400302,2025-05-23 20:00:00,1610612752,1610612754,Playoffs,0
42400312,2025-05-22 20:30:00,1610612760,1610612750,Playoffs,1
42400301,2025-05-21 20:00:00,1610612752,1610612754,Playoffs,0
42400311,2025-05-20 20:30:00,1610612760,1610612750,Playoffs,1
42400227,2025-05-18 15:30:00,1610612760,1610612743,Playoffs,1
42400216,2025-05-16 20:00:00,1610612752,1610612738,Playoffs,1
42400226,2025-05-15 20:30:00,1610612743,1610612760,Playoffs,1
42400235,2025-05-14 21:30:00,1610612750,1610612744,Playoffs,1
42400215,2025-05-14 19:00:00,1610612738,1610612752,Playoffs,1
42400225,2025-05-13 21:30:00,1610612760,1610612743,Playoffs,1
42400205,2025-05-13 19:00:00,1610612739,1610612754,Playoffs,0
42400234,2025-05-12 22:00:00,1610612744,1610612750,Playoffs,0
42400214,2025-05-12 19:30:00,1610612752,1610612738,Playoffs,1
42400204,2025-05-11 20:00:00,1610612754,1610612739,Playoffs,1
42400224,2025-05-11 15:30:00,1610612743,1610612760,Playoffs,0
42400233,2025-05-10 20:30:00,1610612744,1610612750,Playoffs,0
42400213,2025-05-10 15:30:00,1610612752,1610612738,Playoffs,0
42400223,2025-05-09 22:00:00,1610612743,1610612760,Playoffs,1
42400203,2025-05-09 19:30:00,1610612754,1610612739,Playoffs,0
42400232,2025-05-08 20:30:00,1610612750,1610612744,Playoffs,1
42400222,2025-05-07 21:30:00,1610612760,1610612743,Playoffs,1
42400212,2025-05-07 19:00:00,1610612738,1610612752,Playoffs,0
42400231,2025-05-06 21:30:00,1610612750,1610612744,Playoffs,0
42400202,2025-05-06 19:00:00,1610612739,1610612754,Playoffs,0
42400221,2025-05-05 21:30:00,1610612760,1610612743,Playoffs,0
42400211,2025-05-05 19:00:00,1610612738,1610612752,Playoffs,0
42400157,2025-05-04 20:30:00,1610612745,1610612744,Playoffs,0
42400201,2025-05-04 18:00:00,1610612739,1610612754,Playoffs,0
42400177,2025-05-03 19:30:00,1610612743,1610612746,Playoffs,1
42400156,2025-05-02 21:00:00,1610612744,1610612745,Playoffs,0
42400176,2025-05-01 22:00:00,1610612746,1610612743,Playoffs,1
42400126,2025-05-01 19:30:00,1610612765,1610612752,Playoffs,0
42400165,2025-04-30 22:00:00,1610612747,1610612750,Playoffs,0
42400155,2025-04-30 19:30:00,1610612745,1610612744,Playoffs,1
42400175,2025-04-29 22:00:00,1610612743,1610612746,Playoffs,1
42400115,2025-04-29 20:30:00,1610612738,1610612753,Playoffs,1
42400125,2025-04-29 19:30:00,1610612752,1610612765,Playoffs,0
42400135,2025-04-29 18:00:00,1610612754,1610612749,Playoffs,1
42400154,2025-04-28 22:00:00,1610612744,1610612745,Playoffs,1
42400104,2025-04-28 19:30:00,1610612748,1610612739,Playoffs,0
42400134,2025-04-27 21:30:00,1610612749,1610612754,Playoffs,0
42400114,2025-04-27 19:00:00,1610612753,1610612738,Playoffs,0
42400164,2025-04-27 15:30:00,1610612750,1610612747,Playoffs,1
42400124,2025-04-27 13:00:00,1610612765,1610612752,Playoffs,0
42400153,2025-04-26 20:30:00,1610612744,1610612745,Playoffs,1
42400174,2025-04-26 18:00:00,1610612746,1610612743,Playoffs,0
42400144,2025-04-26 15:30:00,1610612763,1610612760,Playoffs,0
42400103,2025-04-26 13:00:00,1610612748,1610612739,Playoffs,0
42400163,2025-04-25 21:30:00,1610612750,1610612747,Playoffs,1
42400133,2025-04-25 20:00:00,1610612749,1610612754,Playoffs,1
42400113,2025-04-25 19:00:00,1610612753,1610612738,Playoffs,1
42400173,2025-04-24 22:00:00,1610612746,1610612743,Playoffs,1
42400143,2025-04-24 21:30:00,1610612763,1610612760,Playoffs,0
42400123,2025-04-24 19:00:00,1610612765,1610612752,Playoffs,0
42400152,2025-04-23 21:30:00,1610612745,1610612744,Playoffs,1
42400102,2025-04-23 19:30:00,1610612739,1610612748,Playoffs,1
42400112,2025-04-23 19:00:00,1610612738,1610612753,Playoffs,1
42400162,2025-04-22 22:00:00,1610612747,1610612750,Playoffs,1
42400142,2025-04-22 19:30:00,1610612760,1610612763,Playoffs,1
42400132,2025-04-22 19:00:00,1610612754,1610612749,Playoffs,1
42400172,2025-04-21 22:00:00,1610612743,1610612746,Playoffs,0
42400122,2025-04-21 19:30:00,1610612752,1610612765,Playoffs,0
42400151,2025-04-20 21:30:00,1610612745,1610612744,Playoffs,0
42400101,2025-04-20 19:00:00,1610612739,1610612748,Playoffs,1
42400111,2025-04-20 15:30:00,1610612738,1610612753,Playoffs,1
42400141,2025-04-20 13:00:00,1610612760,1610612763,Playoffs,1
42400161,2025-04-19 20:30:00,1610612747,1610612750,Playoffs,0
42400121,2025-04-19 18:00:00,1610612752,1610612765,Playoffs,1
42400171,2025-04-19 15:30:00,1610612743,1610612746,Playoffs,1
42400131,2025-04-19 13:00:00,1610612754,1610612749,Playoffs,1
52400211,2025-04-18 21:30:00,1610612763,1610612742,Play-in Tournament,1
52400201,2025-04-18 19:00:00,1610612737,1610612748,Play-in Tournament,0
52400131,2025-04-16 22:00:00,1610612758,1610612742,Play-in Tournament,0
52400111,2025-04-16 19:30:00,1610612741,1610612748,Play-in Tournament,0
52400121,2025-04-15 22:00:00,1610612744,1610612763,Play-in Tournament,1
52400101,2025-04-15 19:30:00,1610612753,1610612737,Play-in Tournament,1
22401193,2025-04-13 15:30:00,1610612745,1610612743,Regular Season,0
22401194,2025-04-13 15:30:00,1610612763,1610612742,Regular Season,1
22401195,2025-04-13 15:30:00,1610612750,1610612762,Regular Season,1
22401196,2025-04-13 15:30:00,1610612740,1610612760,Regular Season,0
22401197,2025-04-13 15:30:00,1610612759,1610612761,Regular Season,1
22401198,2025-04-13 15:30:00,1610612744,1610612746,Regular Season,0
22401199,2025-04-13 15:30:00,1610612757,1610612747,Regular Season,1
22401200,2025-04-13 15:30:00,1610612758,1610612756,Regular Season,1
22401186,2025-04-13 13:00:00,1610612737,1610612753,Regular Season,1
22401187,2025-04-13 13:00:00,1610612738,1610612766,Regular Season,1
22401188,2025-04-13 13:00:00,1610612751,1610612752,Regular Season,0
22401189,2025-04-13 13:00:00,1610612739,1610612754,Regular Season,0
22401190,2025-04-13 13:00:00,1610612748,1610612764,Regular Season,0
22401191,2025-04-13 13:00:00,1610612755,1610612741,Regular Season,0
22401192,2025-04-13 13:00:00,1610612749,1610612765,Regular Season,1
22401185,2025-04-11 22:30:00,1610612747,1610612745,Regular Season,1
22401182,2025-04-11 22:00:00,1610612756,1610612759,Regular Season,1
22401183,2025-04-11 22:00:00,1610612757,1610612744,Regular Season,0
22401184,2025-04-11 22:00:00,1610612758,1610612746,Regular Season,0
22401181,2025-04-11 21:30:00,1610612762,1610612760,Regular Season,0
22401179,2025-04-11 21:00:00,1610612750,1610612751,Regular Season,1
22401180,2025-04-11 21:00:00,1610612743,1610612763,Regular Season,1
22401178,2025-04-11 20:30:00,1610612742,1610612761,Regular Season,1
22401176,2025-04-11 20:00:00,1610612741,1610612764,Regular Season,1
22401177,2025-04-11 20:00:00,1610612740,1610612748,Regular Season,0
22401174,2025-04-11 19:30:00,1610612738,1610612766,Regular Season,1
22401175,2025-04-11 19:30:00,1610612752,1610612739,Regular Season,0
22401171,2025-04-11 19:00:00,1610612765,1610612749,Regular Season,0
22401172,2025-04-11 19:00:00,1610612754,1610612753,Regular Season,0
22401173,2025-04-11 19:00:00,1610612755,1610612737,Regular Season,0
22401170,2025-04-10 21:30:00,1610612763,1610612750,Regular Season,0
22401161,2025-04-10 20:00:00,1610612749,1610612740,Regular Season,1
22401169,2025-04-10 19:30:00,1610612751,1610612737,Regular Season,0
22401167,2025-04-10 19:00:00,1610612765,1610612752,Regular Season,1
22401168,2025-04-10 19:00:00,1610612754,1610612739,Regular Season,1
22401166,2025-04-09 22:30:00,1610612746,1610612745,Regular Season,1
22401163,2025-04-09 22:00:00,1610612744,1610612759,Regular Season,0
22401164,2025-04-09 22:00:00,1610612756,1610612760,Regular Season,0
22401165,2025-04-09 22:00:00,1610612758,1610612743,Regular Season,0
22401162,2025-04-09 21:00:00,1610612762,1610612757,Regular Season,1
22401160,2025-04-09 20:00:00,1610612741,1610612748,Regular Season,1
22401158,2025-04-09 19:30:00,1610612761,1610612766,Regular Season,1
22401159,2025-04-09 19:30:00,1610612742,1610612747,Regular Season,0
22401156,2025-04-09 19:00:00,1610612753,1610612738,Regular Season,1
22401157,2025-04-09 19:00:00,1610612764,1610612755,Regular Season,0
22401155,2025-04-08 22:30:00,1610612746,1610612759,Regular Season,1
22401154,2025-04-08 22:00:00,1610612756,1610612744,Regular Season,0
22401152,2025-04-08 20:00:00,1610612749,1610612750,Regular Season,1
22401153,2025-04-08 20:00:00,1610612760,1610612747,Regular Season,1
22401150,2025-04-08 19:30:00,1610612751,1610612740,Regular Season,1
22401151,2025-04-08 19:30:00,1610612752,1610612738,Regular Season,0
22401146,2025-04-08 19:00:00,1610612766,1610612763,Regular Season,0
22401147,2025-04-08 19:00:00,1610612739,1610612741,Regular Season,1
22401148,2025-04-08 19:00:00,1610612754,1610612764,Regular Season,1
22401149,2025-04-08 19:00:00,1610612753,1610612737,Regular Season,1
22401145,2025-04-07 19:30:00,1610612748,1610612755,Regular Season,1
22401144,2025-04-07 19:00:00,1610612765,1610612758,Regular Season,0
22401143,2025-04-06 20:30:00,1610612744,1610612745,Regular Season,0
22401142,2025-04-06 20:00:00,1610612743,1610612754,Regular Season,0
22401140,2025-04-06 19:00:00,1610612752,1610612756,Regular Season,1
22401136,2025-04-06 18:00:00,1610612737,1610612762,Regular Season,1
22401137,2025-04-06 18:00:00,1610612738,1610612764,Regular Season,1
22401138,2025-04-06 18:00:00,1610612739,1610612758,Regular Season,0
22401139,2025-04-06 18:00:00,1610612757,1610612759,Regular Season,1
22401134,2025-04-06 15:30:00,1610612751,1610612761,Regular Season,0
22401135,2025-04-06 15:30:00,1610612760,1610612747,Regular Season,0
22401133,2025-04-06 13:00:00,1610612766,1610612741,Regular Season,0
22401132,2025-04-05 22:30:00,1610612746,1610612742,Regular Season,1
22401131,2025-04-05 20:00:00,1610612748,1610612749,Regular Season,0
22401129,2025-04-05 19:00:00,1610612765,1610612763,Regular Season,0
22401130,2025-04-05 19:00:00,1610612755,1610612750,Regular Season,0
22401128,2025-04-05 15:00:00,1610612737,1610612752,Regular Season,0
22401126,2025-04-04 22:30:00,1610612747,1610612740,Regular Season,1
22401127,2025-04-04 22:30:00,1610612746,1610612742,Regular Season,1
22401125,2025-04-04 22:00:00,1610612744,1610612743,Regular Season,1
22401122,2025-04-04 20:00:00,1610612741,1610612757,Regular Season,1
22401123,2025-04-04 20:00:00,1610612745,1610612760,Regular Season,1
22401124,2025-04-04 20:00:00,1610612759,1610612739,Regular Season,0
22401120,2025-04-04 19:30:00,1610612738,1610612756,Regular Season,1
22401121,2025-04-04 19:30:00,1610612761,1610612765,Regular Season,0
22401118,2025-04-04 19:00:00,1610612766,1610612758,Regular Season,0
22401119,2025-04-04 19:00:00,1610612754,1610612762,Regular Season,1
22401117,2025-04-03 22:00:00,1610612747,1610612744,Regular Season,0
22401113,2025-04-03 19:30:00,1610612751,1610612750,Regular Season,0
22401114,2025-04-03 19:30:00,1610612748,1610612763,Regular Season,0
22401116,2025-04-03 19:30:00,1610612761,1610612757,Regular Season,0
22401112,2025-04-03 19:00:00,1610612764,1610612753,Regular Season,0
22401115,2025-04-03 19:00:00,1610612755,1610612749,Regular Season,0
22401111,2025-04-02 22:30:00,1610612746,1610612740,Regular Season,1
22401108,2025-04-02 21:30:00,1610612760,1610612765,Regular Season,1
22401110,2025-04-02 21:00:00,1610612743,1610612759,Regular Season,0
22401109,2025-04-02 20:30:00,1610612742,1610612737,Regular Season,1
22401107,2025-04-02 20:00:00,1610612745,1610612762,Regular Season,1
22401106,2025-04-02 19:30:00,1610612738,1610612748,Regular Season,0
22401103,2025-04-02 19:00:00,1610612739,1610612752,Regular Season,1
22401104,2025-04-02 19:00:00,1610612754,1610612766,Regular Season,1
22401105,2025-04-02 19:00:00,1610612764,1610612758,Regular Season,1
22401102,2025-04-01 22:00:00,1610612743,1610612750,Regular Season,0
22400988,2025-04-01 20:00:00,1610612759,1610612753,Regular Season,0
22401099,2025-04-01 20:00:00,1610612741,1610612761,Regular Season,1
22401100,2025-04-01 20:00:00,1610612763,1610612744,Regular Season,0
22401097,2025-04-01 19:30:00,1610612737,1610612757,Regular Season,0
22401098,2025-04-01 19:30:00,1610612752,1610612755,Regular Season,1
22401101,2025-04-01 19:30:00,1610612749,1610612756,Regular Season,1
22401096,2025-03-31 22:00:00,1610612747,1610612745,Regular Season,1
22401095,2025-03-31 20:30:00,1610612742,1610612751,Regular Season,0
22401094,2025-03-31 20:00:00,1610612760,1610612741,Regular Season,1
22401093,2025-03-31 19:30:00,1610612763,1610612738,Regular Season,0
22401089,2025-03-31 19:00:00,1610612766,1610612762,Regular Season,1
22401090,2025-03-31 19:00:00,1610612754,1610612758,Regular Season,1
22401091,2025-03-31 19:00:00,1610612753,1610612746,Regular Season,0
22401092,2025-03-31 19:00:00,1610612764,1610612748,Regular Season,0
22401088,2025-03-30 21:00:00,1610612756,1610612745,Regular Season,0
22401087,2025-03-30 19:30:00,1610612755,1610612761,Regular Season,0
22401083,2025-03-30 19:00:00,1610612749,1610612737,Regular Season,0
22401084,2025-03-30 19:00:00,1610612750,1610612765,Regular Season,1
22401085,2025-03-30 19:00:00,1610612740,1610612766,Regular Season,1
22401086,2025-03-30 19:00:00,1610612759,1610612744,Regular Season,0
22401082,2025-03-30 18:00:00,1610612752,1610612757,Regular Season,1
22401081,2025-03-30 15:30:00,1610612739,1610612746,Regular Season,1
22401077,2025-03-29 20:00:00,1610612741,1610612742,Regular Season,0
22401078,2025-03-29 20:00:00,1610612763,1610612747,Regular Season,0
22401079,2025-03-29 20:00:00,1610612760,1610612754,Regular Season,1
22401080,2025-03-29 20:00:00,1610612759,1610612738,Regular Season,0
22401076,2025-03-29 19:30:00,1610612755,1610612748,Regular Season,0
22401075,2025-03-29 19:00:00,1610612764,1610612751,Regular Season,0
22401074,2025-03-29 17:00:00,1610612753,1610612758,Regular Season,1
22401073,2025-03-28 21:00:00,1610612743,1610612762,Regular Season,1
22401070,2025-03-28 20:00:00,1610612749,1610612752,Regular Season,0
22401071,2025-03-28 20:00:00,1610612750,1610612756,Regular Season,1
22401072,2025-03-28 20:00:00,1610612740,1610612744,Regular Season,0
22401068,2025-03-28 19:30:00,1610612751,1610612746,Regular Season,0
22401069,2025-03-28 19:30:00,1610612761,1610612766,Regular Season,1
22401067,2025-03-28 19:00:00,1610612765,1610612739,Regular Season,1
22401066,2025-03-27 22:00:00,1610612758,1610612757,Regular Season,1
22401065,2025-03-27 21:00:00,1610612762,1610612745,Regular Season,0
22401063,2025-03-27 20:00:00,1610612741,1610612747,Regular Season,1
22401064,2025-03-27 20:00:00,1610612760,1610612763,Regular Season,1
22401062,2025-03-27 19:30:00,1610612748,1610612737,Regular Season,1
22401059,2025-03-27 19:00:00,1610612739,1610612759,Regular Season,1
22401060,2025-03-27 19:00:00,1610612753,1610612742,Regular Season,0
22401061,2025-03-27 19:00:00,1610612764,1610612754,Regular Season,0
22401058,2025-03-26 22:00:00,1610612756,1610612738,Regular Season,0
22401057,2025-03-26 21:00:00,1610612743,1610612749,Regular Season,1
22401054,2025-03-26 19:30:00,1610612751,1610612761,Regular Season,0
22401055,2025-03-26 19:30:00,1610612754,1610612747,Regular Season,0
22401056,2025-03-26 19:30:00,1610612752,1610612746,Regular Season,0
22401053,2025-03-26 19:00:00,1610612755,1610612764,Regular Season,0
22401051,2025-03-25 22:00:00,1610612757,1610612739,Regular Season,0
22401052,2025-03-25 22:00:00,1610612758,1610612760,Regular Season,0
22401050,2025-03-25 21:00:00,1610612762,1610612763,Regular Season,0
22401049,2025-03-25 20:00:00,1610612745,1610612737,Regular Season,1
22401047,2025-03-25 19:30:00,1610612748,1610612744,Regular Season,1
22401048,2025-03-25 19:30:00,1610612752,1610612742,Regular Season,1
22401045,2025-03-25 19:00:00,1610612766,1610612753,Regular Season,0
22401046,2025-03-25 19:00:00,1610612765,1610612759,Regular Season,1
22401043,2025-03-24 22:00:00,1610612756,1610612749,Regular Season,1
22401044,2025-03-24 22:00:00,1610612758,1610612738,Regular Season,0
22401042,2025-03-24 21:00:00,1610612743,1610612741,Regular Season,0
22401041,2025-03-24 20:00:00,1610612740,1610612755,Regular Season,1
22401040,2025-03-24 19:30:00,1610612751,1610612742,Regular Season,0
22401037,2025-03-24 19:00:00,1610612754,1610612750,Regular Season,1
22401038,2025-03-24 19:00:00,1610612753,1610612747,Regular Season,1
22401039,2025-03-24 19:00:00,1610612764,1610612761,Regular Season,0
22401036,2025-03-23 21:00:00,1610612746,1610612760,Regular Season,0
22401035,2025-03-23 19:00:00,1610612745,1610612743,Regular Season,0
22401031,2025-03-23 18:00:00,1610612737,1610612755,Regular Season,1
22401032,2025-03-23 18:00:00,1610612748,1610612766,Regular Season,1
22401033,2025-03-23 18:00:00,1610612761,1610612759,Regular Season,0
22401034,2025-03-23 18:00:00,1610612757,1610612738,Regular Season,0
22401030,2025-03-23 15:30:00,1610612762,1610612739,Regular Season,0
22401029,2025-03-23 15:00:00,1610612765,1610612740,Regular Season,1
22401028,2025-03-22 22:30:00,1610612747,1610612741,Regular Season,0
22401027,2025-03-22 22:00:00,1610612758,1610612749,Regular Season,0
22401026,2025-03-22 20:00:00,1610612752,1610612764,Regular Season,1
22401025,2025-03-22 19:00:00,1610612737,1610612744,Regular Season,1
22401024,2025-03-22 17:00:00,1610612754,1610612751,Regular Season,1
22401023,2025-03-21 22:30:00,1610612746,1610612763,Regular Season,1
22401021,2025-03-21 22:00:00,1610612756,1610612739,Regular Season,1
22401022,2025-03-21 22:00:00,1610612757,1610612743,Regular Season,1
22401020,2025-03-21 21:30:00,1610612762,1610612738,Regular Season,0
22401019,2025-03-21 20:30:00,1610612742,1610612765,Regular Season,1
22401015,2025-03-21 20:00:00,1610612748,1610612745,Regular Season,0
22401016,2025-03-21 20:00:00,1610612750,1610612740,Regular Season,1
22401017,2025-03-21 20:00:00,1610612760,1610612766,Regular Season,1
22401018,2025-03-21 20:00:00,1610612759,1610612755,Regular Season,1
22401014,2025-03-21 19:00:00,1610612764,1610612753,Regular Season,0
22400996,2025-03-20 22:30:00,1610612747,1610612749,Regular Season,0
22401005,2025-03-20 22:00:00,1610612744,1610612761,Regular Season,1
22401013,2025-03-20 22:00:00,1610612758,1610612741,Regular Season,0
22401010,2025-03-20 19:00:00,1610612766,1610612752,Regular Season,1
22401011,2025-03-20 19:00:00,1610612754,1610612751,Regular Season,1
22401006,2025-03-19 22:00:00,1610612747,1610612743,Regular Season,1
22401007,2025-03-19 22:00:00,1610612756,1610612741,Regular Season,1
22401008,2025-03-19 22:00:00,1610612757,1610612763,Regular Season,1
22401009,2025-03-19 22:00:00,1610612758,1610612739,Regular Season,1
22400627,2025-03-19 21:00:00,1610612762,1610612764,Regular Season,0
22401001,2025-03-19 20:00:00,1610612750,1610612740,Regular Season,0
22401002,2025-03-19 20:00:00,1610612760,1610612755,Regular Season,1
22401003,2025-03-19 20:00:00,1610612759,1610612752,Regular Season,1
22401000,2025-03-19 19:30:00,1610612748,1610612765,Regular Season,0
22400998,2025-03-19 19:00:00,1610612754,1610612742,Regular Season,1
22400999,2025-03-19 19:00:00,1610612753,1610612745,Regular Season,0
22400997,2025-03-18 22:30:00,1610612746,1610612739,Regular Season,1
22401012,2025-03-18 22:00:00,1610612744,1610612749,Regular Season,1
22400994,2025-03-18 19:30:00,1610612738,1610612751,Regular Season,1
22400993,2025-03-18 19:00:00,1610612766,1610612737,Regular Season,0
22400990,2025-03-17 22:00:00,1610612744,1610612743,Regular Season,0
22400991,2025-03-17 22:00:00,1610612756,1610612761,Regular Season,1
22400992,2025-03-17 22:00:00,1610612758,1610612763,Regular Season,1
22400995,2025-03-17 22:00:00,1610612757,1610612764,Regular Season,1
22400989,2025-03-17 21:00:00,1610612762,1610612741,Regular Season,0
22400985,2025-03-17 20:00:00,1610612745,1610612755,Regular Season,1
22400986,2025-03-17 20:00:00,1610612750,1610612754,Regular Season,0
22400987,2025-03-17 20:00:00,1610612740,1610612765,Regular Season,0
22400984,2025-03-17 19:30:00,1610612752,1610612748,Regular Season,1
22400982,2025-03-16 21:00:00,1610612749,1610612760,Regular Season,0
22400981,2025-03-16 19:00:00,1610612750,1610612762,Regular Season,1
22400978,2025-03-16 18:00:00,1610612751,1610612737,Regular Season,1
22400980,2025-03-16 18:00:00,1610612757,1610612761,Regular Season,1
22400977,2025-03-16 15:30:00,1610612747,1610612756,Regular Season,1
22400976,2025-03-16 13:00:00,1610612742,1610612755,Regular Season,0
22400979,2025-03-16 13:00:00,1610612739,1610612753,Regular Season,0
22400975,2025-03-15 21:00:00,1610612743,1610612764,Regular Season,0
22400973,2025-03-15 20:30:00,1610612759,1610612740,Regular Season,1
22400974,2025-03-15 20:30:00,1610612744,1610612752,Regular Season,1
22400970,2025-03-15 20:00:00,1610612745,1610612741,Regular Season,1
22400971,2025-03-15 20:00:00,1610612763,1610612748,Regular Season,1
22400972,2025-03-15 20:00:00,1610612749,1610612754,Regular Season,1
22400969,2025-03-15 19:00:00,1610612765,1610612760,Regular Season,0
22400968,2025-03-15 18:00:00,1610612751,1610612738,Regular Season,0
22400967,2025-03-14 22:00:00,1610612756,1610612758,Regular Season,1
22400965,2025-03-14 21:30:00,1610612743,1610612747,Regular Season,1
22400966,2025-03-14 21:30:00,1610612762,1610612761,Regular Season,0
22400961,2025-03-14 20:00:00,1610612745,1610612742,Regular Season,1
22400962,2025-03-14 20:00:00,1610612763,1610612739,Regular Season,0
22400963,2025-03-14 20:00:00,1610612750,1610612753,Regular Season,1
22400964,2025-03-14 20:00:00,1610612759,1610612766,Regular Season,0
22400960,2025-03-14 19:30:00,1610612737,1610612746,Regular Season,0
22400958,2025-03-14 19:00:00,1610612748,1610612738,Regular Season,0
22400959,2025-03-14 19:00:00,1610612755,1610612754,Regular Season,0
22400957,2025-03-13 22:00:00,1610612744,1610612758,Regular Season,1
22400956,2025-03-13 20:00:00,1610612741,1610612751,Regular Season,1
22401141,2025-03-13 20:00:00,1610612740,1610612753,Regular Season,0
22400955,2025-03-13 19:30:00,1610612749,1610612747,Regular Season,1
22400954,2025-03-13 19:00:00,1610612765,1610612764,Regular Season,0
22400952,2025-03-12 22:00:00,1610612743,1610612750,Regular Season,0
22400953,2025-03-12 22:00:00,1610612757,1610612752,Regular Season,0
22400948,2025-03-12 20:00:00,1610612748,1610612746,Regular Season,0
22400949,2025-03-12 20:00:00,1610612745,1610612756,Regular Season,1
22400950,2025-03-12 20:00:00,1610612763,1610612762,Regular Season,1
22400951,2025-03-12 20:00:00,1610612759,1610612742,Regular Season,1
22400945,2025-03-12 19:30:00,1610612737,1610612766,Regular Season,1
22400946,2025-03-12 19:30:00,1610612738,1610612760,Regular Season,0
22400947,2025-03-12 19:30:00,1610612761,1610612755,Regular Season,1
22400943,2025-03-11 20:00:00,1610612740,1610612746,Regular Season,1
22400942,2025-03-11 19:30:00,1610612754,1610612749,Regular Season,1
22400940,2025-03-11 19:00:00,1610612739,1610612751,Regular Season,1
22400941,2025-03-11 19:00:00,1610612765,1610612764,Regular Season,1
22400939,2025-03-10 22:30:00,1610612758,1610612752,Regular Season,0
22400938,2025-03-10 22:00:00,1610612744,1610612757,Regular Season,1
22400937,2025-03-10 20:30:00,1610612759,1610612742,Regular Season,0
22400933,2025-03-10 20:00:00,1610612741,1610612754,Regular Season,1
22400934,2025-03-10 20:00:00,1610612745,1610612753,Regular Season,1
22400935,2025-03-10 20:00:00,1610612763,1610612756,Regular Season,1
22400936,2025-03-10 20:00:00,1610612760,1610612743,Regular Season,0
22400928,2025-03-10 19:30:00,1610612737,1610612755,Regular Season,1
22400929,2025-03-10 19:30:00,1610612738,1610612762,Regular Season,1
22400930,2025-03-10 19:30:00,1610612751,1610612747,Regular Season,1
22400931,2025-03-10 19:30:00,1610612748,1610612766,Regular Season,0
22400932,2025-03-10 19:30:00,1610612761,1610612764,Regular Season,1
22400927,2025-03-09 21:30:00,1610612746,1610612758,Regular Season,1
22400926,2025-03-09 21:00:00,1610612757,1610612765,Regular Season,0
22400922,2025-03-09 20:00:00,1610612749,1610612739,Regular Season,0
22400925,2025-03-09 20:00:00,1610612750,1610612759,Regular Season,1
22400924,2025-03-09 19:30:00,1610612755,1610612762,Regular Season,1
22400923,2025-03-09 19:00:00,1610612740,1610612763,Regular Season,0
22400921,2025-03-09 15:30:00,1610612742,1610612756,Regular Season,0
22400920,2025-03-09 13:00:00,1610612760,1610612743,Regular Season,1
22400918,2025-03-08 20:30:00,1610612738,1610612747,Regular Season,1
22400919,2025-03-08 20:30:00,1610612744,1610612765,Regular Season,1
22400916,2025-03-08 20:00:00,1610612748,1610612741,Regular Season,0
22400917,2025-03-08 20:00:00,1610612749,1610612753,Regular Season,0
22400914,2025-03-08 19:30:00,1610612737,1610612754,Regular Season,1
22400915,2025-03-08 19:30:00,1610612761,1610612764,Regular Season,0
22400913,2025-03-08 19:00:00,1610612745,1610612740,Regular Season,1
22400912,2025-03-08 18:00:00,1610612766,1610612751,Regular Season,1
22400911,2025-03-07 22:30:00,1610612746,1610612752,Regular Season,1
22400909,2025-03-07 22:00:00,1610612743,1610612756,Regular Season,1
22400910,2025-03-07 22:00:00,1610612758,1610612759,Regular Season,1
22400907,2025-03-07 20:00:00,1610612748,1610612750,Regular Season,0
22400908,2025-03-07 20:00:00,1610612760,1610612757,Regular Season,1
22400905,2025-03-07 19:30:00,1610612761,1610612762,Regular Season,1
22400906,2025-03-07 19:30:00,1610612742,1610612763,Regular Season,0
22400904,2025-03-07 19:00:00,1610612766,1610612739,Regular Season,0
22400903,2025-03-06 22:00:00,1610612747,1610612752,Regular Season,1
22400902,2025-03-06 20:00:00,1610612740,1610612745,Regular Season,0
22400899,2025-03-06 19:30:00,1610612737,1610612754,Regular Season,1
22400900,2025-03-06 19:30:00,1610612738,1610612755,Regular Season,1
22400901,2025-03-06 19:30:00,1610612751,1610612744,Regular Season,0
22400944,2025-03-06 19:00:00,1610612753,1610612741,Regular Season,0
22400898,2025-03-05 22:30:00,1610612746,1610612765,Regular Season,1
22400895,2025-03-05 21:30:00,1610612763,1610612760,Regular Season,0
22400896,2025-03-05 21:00:00,1610612743,1610612758,Regular Season,1
22400897,2025-03-05 20:00:00,1610612749,1610612742,Regular Season,1
22400891,2025-03-05 19:00:00,1610612738,1610612757,Regular Season,1
22400892,2025-03-05 19:00:00,1610612766,1610612750,Regular Season,0
22400893,2025-03-05 19:00:00,1610612739,1610612748,Regular Season,1
22400894,2025-03-05 19:00:00,1610612764,1610612762,Regular Season,1
22400890,2025-03-04 22:30:00,1610612747,1610612740,Regular Season,1
22400889,2025-03-04 22:00:00,1610612756,1610612746,Regular Season,1
22400888,2025-03-04 20:30:00,1610612759,1610612751,Regular Season,1
22400886,2025-03-04 20:00:00,1610612741,1610612739,Regular Season,0
22400887,2025-03-04 20:00:00,1610612750,1610612755,Regular Season,1
22400884,2025-03-04 19:30:00,1610612737,1610612749,Regular Season,0
22400885,2025-03-04 19:30:00,1610612752,1610612744,Regular Season,0
22400882,2025-03-04 19:00:00,1610612754,1610612745,Regular Season,1
22400883,2025-03-04 19:00:00,1610612753,1610612761,Regular Season,0
22400881,2025-03-03 21:00:00,1610612762,1610612765,Regular Season,0
22400880,2025-03-03 20:30:00,1610612742,1610612758,Regular Season,0
22400878,2025-03-03 20:00:00,1610612763,1610612737,Regular Season,0
22400879,2025-03-03 20:00:00,1610612760,1610612745,Regular Season,1
22400877,2025-03-03 19:30:00,1610612748,1610612764,Regular Season,1
22400875,2025-03-03 19:00:00,1610612766,1610612744,Regular Season,0
22400876,2025-03-03 19:00:00,1610612755,1610612757,Regular Season,0
22400873,2025-03-02 21:30:00,1610612756,1610612750,Regular Season,0
22400874,2025-03-02 21:30:00,1610612747,1610612746,Regular Season,1
22400872,2025-03-02 20:00:00,1610612762,1610612740,Regular Season,0
22400871,2025-03-02 19:00:00,1610612759,1610612760,Regular Season,0
22400869,2025-03-02 18:00:00,1610612748,1610612752,Regular Season,0
22400870,2025-03-02 18:00:00,1610612753,1610612761,Regular Season,0
22400868,2025-03-02 17:00:00,1610612754,1610612741,Regular Season,1
22400867,2025-03-02 15:30:00,1610612739,1610612757,Regular Season,1
22400866,2025-03-02 13:00:00,1610612738,1610612743,Regular Season,1
22400864,2025-03-01 20:30:00,1610612755,1610612744,Regular Season,1
22400865,2025-03-01 20:30:00,1610612742,1610612749,Regular Season,0
22400862,2025-03-01 20:00:00,1610612745,1610612758,Regular Season,0
22400863,2025-03-01 20:00:00,1610612763,1610612759,Regular Season,0
22400861,2025-03-01 19:00:00,1610612765,1610612751,Regular Season,1
22400860,2025-03-01 18:00:00,1610612766,1610612764,Regular Season,0
22400859,2025-02-28 22:00:00,1610612747,1610612746,Regular Season,1
22400858,2025-02-28 21:30:00,1610612762,1610612750,Regular Season,1
22400857,2025-02-28 21:00:00,1610612756,1610612740,Regular Season,1
22400854,2025-02-28 20:00:00,1610612748,1610612754,Regular Season,1
22400855,2025-02-28 20:00:00,1610612741,1610612761,Regular Season,1
22400856,2025-02-28 20:00:00,1610612763,1610612752,Regular Season,0
22400851,2025-02-28 19:30:00,1610612737,1610612760,Regular Season,0
22400852,2025-02-28 19:30:00,1610612738,1610612739,Regular Season,0
22400853,2025-02-28 19:30:00,1610612751,1610612757,Regular Season,0
22400850,2025-02-28 19:00:00,1610612765,1610612743,Regular Season,0
22400849,2025-02-27 22:30:00,1610612747,1610612750,Regular Season,1
22400848,2025-02-27 21:00:00,1610612756,1610612740,Regular Season,0
22400847,2025-02-27 20:30:00,1610612742,1610612766,Regular Season,1
22400846,2025-02-27 20:00:00,1610612749,1610612743,Regular Season,1
22400845,2025-02-27 19:00:00,1610612753,1610612744,Regular Season,0
22400844,2025-02-26 21:30:00,1610612745,1610612759,Regular Season,1
22400843,2025-02-26 21:00:00,1610612762,1610612758,Regular Season,0
22400842,2025-02-26 20:00:00,1610612741,1610612746,Regular Season,0
22400840,2025-02-26 19:30:00,1610612751,1610612760,Regular Season,0
22400841,2025-02-26 19:30:00,1610612748,1610612737,Regular Season,1
22400836,2025-02-26 19:00:00,1610612765,1610612738,Regular Season,1
22400837,2025-02-26 19:00:00,1610612754,1610612761,Regular Season,1
22400838,2025-02-26 19:00:00,1610612752,1610612755,Regular Season,1
22400839,2025-02-26 19:00:00,1610612764,1610612757,Regular Season,0
22400834,2025-02-25 22:00:00,1610612744,1610612766,Regular Season,1
22400835,2025-02-25 22:00:00,1610612747,1610612742,Regular Season,1
22400831,2025-02-25 20:00:00,1610612745,1610612749,Regular Season,1
22400832,2025-02-25 20:00:00,1610612763,1610612756,Regular Season,1
22400833,2025-02-25 20:00:00,1610612740,1610612759,Regular Season,1
22400830,2025-02-25 19:30:00,1610612753,1610612739,Regular Season,0
22400829,2025-02-25 19:00:00,1610612761,1610612738,Regular Season,0
22400828,2025-02-24 22:00:00,1610612758,1610612766,Regular Season,1
22400827,2025-02-24 21:00:00,1610612762,1610612757,Regular Season,0
22400826,2025-02-24 20:00:00,1610612760,1610612750,Regular Season,0
22400825,2025-02-24 19:30:00,1610612737,1610612748,Regular Season,1
22400821,2025-02-24 19:00:00,1610612765,1610612746,Regular Season,1
22400822,2025-02-24 19:00:00,1610612754,1610612743,Regular Season,0
22400823,2025-02-24 19:00:00,1610612755,1610612741,Regular Season,0
22400824,2025-02-24 19:00:00,1610612764,1610612751,Regular Season,1
22400820,2025-02-23 21:30:00,1610612750,1610612760,Regular Season,0
22400818,2025-02-23 19:00:00,1610612740,1610612759,Regular Season,1
22400819,2025-02-23 19:00:00,1610612739,1610612763,Regular Season,1
22400814,2025-02-23 18:00:00,1610612737,1610612765,Regular Season,0
22400815,2025-02-23 18:00:00,1610612753,1610612764,Regular Season,1
22400816,2025-02-23 18:00:00,1610612761,1610612756,Regular Season,1
22400817,2025-02-23 18:00:00,1610612749,1610612748,Regular Season,1
22400813,2025-02-23 17:00:00,1610612754,1610612746,Regular Season,1
22400812,2025-02-23 15:30:00,1610612744,1610612742,Regular Season,1
22400811,2025-02-23 13:00:00,1610612738,1610612752,Regular Season,1
22400810,2025-02-22 22:00:00,1610612757,1610612766,Regular Season,1
22400809,2025-02-22 21:30:00,1610612762,1610612745,Regular Season,1
22400808,2025-02-22 20:30:00,1610612743,1610612747,Regular Season,0
22400807,2025-02-22 19:30:00,1610612755,1610612751,Regular Season,0
22400806,2025-02-22 17:00:00,1610612741,1610612756,Regular Season,0
22400805,2025-02-21 22:00:00,1610612758,1610612744,Regular Season,0
22400801,2025-02-21 21:30:00,1610612745,1610612750,Regular Season,1
22400804,2025-02-21 21:30:00,1610612762,1610612760,Regular Season,0
22400802,2025-02-21 20:30:00,1610612759,1610612765,Regular Season,0
22400803,2025-02-21 20:30:00,1610612742,1610612740,Regular Season,1
22400800,2025-02-21 19:30:00,1610612761,1610612748,Regular Season,0
22400797,2025-02-21 19:00:00,1610612739,1610612752,Regular Season,1
22400798,2025-02-21 19:00:00,1610612753,1610612763,Regular Season,0
22400799,2025-02-21 19:00:00,1610612764,1610612749,Regular Season,0
22400796,2025-02-20 22:00:00,1610612757,1610612747,Regular Season,0
22400795,2025-02-20 21:30:00,1610612759,1610612756,Regular Season,1
22400794,2025-02-20 21:00:00,1610612743,1610612766,Regular Season,1
22400793,2025-02-20 20:00:00,1610612749,1610612746,Regular Season,1
22400790,2025-02-20 19:30:00,1610612737,1610612753,Regular Season,0
22400791,2025-02-20 19:30:00,1610612751,1610612739,Regular Season,0
22400792,2025-02-20 19:30:00,1610612752,1610612741,Regular Season,1
22400788,2025-02-20 19:00:00,1610612754,1610612763,Regular Season,1
22400789,2025-02-20 19:00:00,1610612755,1610612738,Regular Season,0
22401004,2025-02-13 21:00:00,1610612762,1610612746,Regular Season,0
22400786,2025-02-13 20:30:00,1610612742,1610612748,Regular Season,1
22400787,2025-02-13 20:30:00,1610612750,1610612760,Regular Season,1
22400784,2025-02-13 20:00:00,1610612745,1610612744,Regular Season,0
22400785,2025-02-13 20:00:00,1610612740,1610612758,Regular Season,1
22400783,2025-02-12 22:30:00,1610612746,1610612763,Regular Season,1
22400782,2025-02-12 21:30:00,1610612742,1610612744,Regular Season,1
22400780,2025-02-12 21:00:00,1610612743,1610612757,Regular Season,1
22400781,2025-02-12 21:00:00,1610612762,1610612747,Regular Season,1
22400779,2025-02-12 20:30:00,1610612745,1610612756,Regular Season,1
22400775,2025-02-12 20:00:00,1610612741,1610612765,Regular Season,0
22400776,2025-02-12 20:00:00,1610612750,1610612749,Regular Season,0
22400777,2025-02-12 20:00:00,1610612740,1610612758,Regular Season,0
22400778,2025-02-12 20:00:00,1610612760,1610612748,Regular Season,1
22400772,2025-02-12 19:30:00,1610612751,1610612755,Regular Season,1
22400773,2025-02-12 19:30:00,1610612752,1610612737,Regular Season,1
22400774,2025-02-12 19:30:00,1610612761,1610612739,Regular Season,0
22400769,2025-02-12 19:00:00,1610612738,1610612759,Regular Season,1
22400770,2025-02-12 19:00:00,1610612753,1610612766,Regular Season,1
22400771,2025-02-12 19:00:00,1610612764,1610612754,Regular Season,0
22400767,2025-02-11 22:00:00,1610612756,1610612763,Regular Season,0
22400766,2025-02-11 20:00:00,1610612741,1610612765,Regular Season,0
22400765,2025-02-11 19:30:00,1610612754,1610612752,Regular Season,0
22400764,2025-02-11 19:00:00,1610612755,1610612761,Regular Season,0
22400768,2025-02-10 22:30:00,1610612747,1610612762,Regular Season,1
22400763,2025-02-10 21:00:00,1610612743,1610612757,Regular Season,1
22400762,2025-02-10 20:30:00,1610612742,1610612758,Regular Season,0
22400760,2025-02-10 20:00:00,1610612749,1610612744,Regular Season,0
22400761,2025-02-10 20:00:00,1610612760,1610612740,Regular Season,1
22400758,2025-02-10 19:30:00,1610612751,1610612766,Regular Season,1
22400759,2025-02-10 19:30:00,1610612748,1610612738,Regular Season,0
22400755,2025-02-10 19:00:00,1610612739,1610612750,Regular Season,1
22400756,2025-02-10 19:00:00,1610612753,1610612737,Regular Season,0
22400757,2025-02-10 19:00:00,1610612764,1610612759,Regular Season,0
22400753,2025-02-09 14:00:00,1610612745,1610612761,Regular Season,1
22400754,2025-02-09 14:00:00,1610612749,1610612755,Regular Season,1
22400752,2025-02-09 13:00:00,1610612765,1610612766,Regular Season,1
22400751,2025-02-08 22:30:00,1610612746,1610612762,Regular Season,1
22400750,2025-02-08 22:00:00,1610612758,1610612740,Regular Season,1
22400749,2025-02-08 21:00:00,1610612756,1610612743,Regular Season,0
22400748,2025-02-08 20:30:00,1610612752,1610612738,Regular Season,0
22400745,2025-02-08 20:00:00,1610612741,1610612744,Regular Season,0
22400746,2025-02-08 20:00:00,1610612763,1610612760,Regular Season,0
22400747,2025-02-08 20:00:00,1610612750,1610612757,Regular Season,1
22400743,2025-02-08 19:00:00,1610612753,1610612759,Regular Season,1
22400744,2025-02-08 19:00:00,1610612764,1610612737,Regular Season,0
22400742,2025-02-08 16:00:00,1610612747,1610612754,Regular Season,1
22400741,2025-02-08 15:00:00,1610612742,1610612745,Regular Season,1
22400740,2025-02-07 22:00:00,1610612756,1610612762,Regular Season,1
22400739,2025-02-07 20:00:00,1610612760,1610612761,Regular Season,1
22400736,2025-02-07 19:30:00,1610612737,1610612749,Regular Season,1
22400737,2025-02-07 19:30:00,1610612751,1610612748,Regular Season,1
22400738,2025-02-07 19:30:00,1610612765,1610612755,Regular Season,1
22400734,2025-02-07 19:00:00,1610612766,1610612759,Regular Season,1
22400735,2025-02-07 19:00:00,1610612764,1610612739,Regular Season,0
22400733,2025-02-06 22:30:00,1610612746,1610612754,Regular Season,0
22400731,2025-02-06 22:00:00,1610612747,1610612744,Regular Season,1
22400732,2025-02-06 22:00:00,1610612757,1610612758,Regular Season,1
22400730,2025-02-06 21:00:00,1610612743,1610612753,Regular Season,1
22400729,2025-02-06 20:00:00,1610612750,1610612745,Regular Season,1
22400728,2025-02-06 19:30:00,1610612738,1610612742,Regular Season,0
22400727,2025-02-05 22:00:00,1610612758,1610612753,Regular Season,0
22400724,2025-02-05 21:30:00,1610612760,1610612756,Regular Season,1
22400725,2025-02-05 21:00:00,1610612762,1610612744,Regular Season,1
22400726,2025-02-05 21:00:00,1610612743,1610612740,Regular Season,1
22400723,2025-02-05 20:00:00,1610612750,1610612741,Regular Season,1
22400720,2025-02-05 19:30:00,1610612751,1610612764,Regular Season,0
22400721,2025-02-05 19:30:00,1610612755,1610612748,Regular Season,0
22400722,2025-02-05 19:30:00,1610612761,1610612763,Regular Season,0
22400717,2025-02-05 19:00:00,1610612766,1610612749,Regular Season,0
22400718,2025-02-05 19:00:00,1610612765,1610612739,Regular Season,0
22400719,2025-02-05 19:00:00,1610612737,1610612759,Regular Season,0
22400715,2025-02-04 22:00:00,1610612746,1610612747,Regular Season,0
22400716,2025-02-04 22:00:00,1610612757,1610612754,Regular Season,1
22400714,2025-02-04 20:00:00,1610612741,1610612748,Regular Season,1
22400710,2025-02-04 19:30:00,1610612739,1610612738,Regular Season,0
22400711,2025-02-04 19:30:00,1610612751,1610612745,Regular Season,1
22400713,2025-02-04 19:30:00,1610612761,1610612752,Regular Season,0
22400712,2025-02-04 19:00:00,1610612755,1610612742,Regular Season,1
22400708,2025-02-03 22:00:00,1610612744,1610612753,Regular Season,1
22400709,2025-02-03 22:00:00,1610612757,1610612756,Regular Season,1
22400706,2025-02-03 21:00:00,1610612743,1610612740,Regular Season,1
22400707,2025-02-03 21:00:00,1610612762,1610612754,Regular Season,0
22400703,2025-02-03 20:00:00,1610612763,1610612759,Regular Season,1
22400704,2025-02-03 20:00:00,1610612750,1610612758,Regular Season,0
22400705,2025-02-03 20:00:00,1610612760,1610612749,Regular Season,1
22400702,2025-02-03 19:30:00,1610612752,1610612745,Regular Season,1
22400700,2025-02-03 19:00:00,1610612766,1610612764,Regular Season,0
22400701,2025-02-03 19:00:00,1610612765,1610612737,Regular Season,0
22400699,2025-02-02 20:30:00,1610612749,1610612763,Regular Season,0
22400698,2025-02-02 18:00:00,1610612755,1610612738,Regular Season,0
22400696,2025-02-02 15:30:00,1610612739,1610612742,Regular Season,1
22400697,2025-02-02 15:30:00,1610612761,1610612746,Regular Season,1
22400695,2025-02-02 15:00:00,1610612765,1610612741,Regular Season,1
22400694,2025-02-01 22:00:00,1610612757,1610612756,Regular Season,1
22400692,2025-02-01 20:30:00,1610612752,1610612747,Regular Season,0
22400693,2025-02-01 20:30:00,1610612759,1610612748,Regular Season,0
22400689,2025-02-01 20:00:00,1610612745,1610612751,Regular Season,0
22400690,2025-02-01 20:00:00,1610612750,1610612764,Regular Season,0
22400691,2025-02-01 20:00:00,1610612760,1610612758,Regular Season,1
22400688,2025-02-01 19:00:00,1610612766,1610612743,Regular Season,0
22400686,2025-02-01 17:00:00,1610612754,1610612737,Regular Season,1
22400687,2025-02-01 17:00:00,1610612762,1610612753,Regular Season,1
22400685,2025-01-31 22:00:00,1610612744,1610612756,Regular Season,0
22400683,2025-01-31 20:00:00,1610612740,1610612738,Regular Season,0
22400684,2025-01-31 20:00:00,1610612759,1610612749,Regular Season,1
22400681,2025-01-31 19:30:00,1610612755,1610612743,Regular Season,0
22400682,2025-01-31 19:30:00,1610612761,1610612741,Regular Season,0
22400679,2025-01-31 19:00:00,1610612766,1610612746,Regular Season,0
22400680,2025-01-31 19:00:00,1610612765,1610612742,Regular Season,1
22400678,2025-01-30 22:00:00,1610612757,1610612753,Regular Season,1
22400676,2025-01-30 21:30:00,1610612763,1610612745,Regular Season,1
22400677,2025-01-30 21:00:00,1610612762,1610612750,Regular Season,0
22400674,2025-01-30 19:00:00,1610612764,1610612747,Regular Season,0
22400675,2025-01-30 19:00:00,1610612739,1610612737,Regular Season,1
22400673,2025-01-29 22:00:00,1610612744,1610612760,Regular Season,1
22400672,2025-01-29 21:00:00,1610612756,1610612750,Regular Season,0
22400670,2025-01-29 20:00:00,1610612740,1610612742,Regular Season,0
22400671,2025-01-29 20:00:00,1610612759,1610612746,Regular Season,0
22400666,2025-01-29 19:30:00,1610612738,1610612741,Regular Season,1
22400667,2025-01-29 19:30:00,1610612748,1610612739,Regular Season,0
22400668,2025-01-29 19:30:00,1610612752,1610612743,Regular Season,1
22400669,2025-01-29 19:30:00,1610612755,1610612758,Regular Season,1
22400663,2025-01-29 19:00:00,1610612766,1610612751,Regular Season,0
22400664,2025-01-29 19:00:00,1610612754,1610612765,Regular Season,1
22400665,2025-01-29 19:00:00,1610612764,1610612761,Regular Season,0
22400661,2025-01-28 22:00:00,1610612744,1610612762,Regular Season,1
22400662,2025-01-28 22:00:00,1610612757,1610612749,Regular Season,1
22400660,2025-01-28 19:30:00,1610612755,1610612747,Regular Season,1
22400659,2025-01-27 21:30:00,1610612756,1610612746,Regular Season,1
22400658,2025-01-27 21:00:00,1610612762,1610612749,Regular Season,0
22400657,2025-01-27 20:30:00,1610612742,1610612764,Regular Season,1
22400655,2025-01-27 20:00:00,1610612741,1610612743,Regular Season,1
22400656,2025-01-27 20:00:00,1610612750,1610612737,Regular Season,1
22400650,2025-01-27 19:30:00,1610612738,1610612745,Regular Season,0
22400651,2025-01-27 19:30:00,1610612751,1610612758,Regular Season,0
22400652,2025-01-27 19:30:00,1610612748,1610612753,Regular Season,1
22400653,2025-01-27 19:30:00,1610612752,1610612763,Regular Season,1
22400654,2025-01-27 19:30:00,1610612761,1610612740,Regular Season,1
22400648,2025-01-27 19:00:00,1610612766,1610612747,Regular Season,0
22400649,2025-01-27 19:00:00,1610612739,1610612765,Regular Season,1
22400647,2025-01-26 18:00:00,1610612757,1610612760,Regular Season,0
22400646,2025-01-25 22:30:00,1610612746,1610612749,Regular Season,1
22400645,2025-01-25 21:00:00,1610612756,1610612764,Regular Season,1
22400644,2025-01-25 20:30:00,1610612744,1610612747,Regular Season,0
22400642,2025-01-25 20:00:00,1610612741,1610612755,Regular Season,0
22400643,2025-01-25 20:00:00,1610612763,1610612762,Regular Season,1
22400639,2025-01-25 19:30:00,1610612737,1610612761,Regular Season,0
22400640,2025-01-25 19:30:00,1610612739,1610612745,Regular Season,0
22400641,2025-01-25 19:30:00,1610612752,1610612758,Regular Season,1
22400637,2025-01-25 19:00:00,1610612766,1610612740,Regular Season,1
22400638,2025-01-25 19:00:00,1610612753,1610612765,Regular Season,1
22400636,2025-01-25 18:00:00,1610612751,1610612748,Regular Season,0
22400635,2025-01-25 17:30:00,1610612742,1610612738,Regular Season,0
22400634,2025-01-25 15:00:00,1610612750,1610612743,Regular Season,1
22400633,2025-01-25 12:00:00,1610612759,1610612754,Regular Season,0
22400632,2025-01-24 20:00:00,1610612763,1610612740,Regular Season,1
22400630,2025-01-24 19:00:00,1610612766,1610612757,Regular Season,0
22400631,2025-01-24 19:00:00,1610612755,1610612739,Regular Season,1
22400983,2025-01-23 22:30:00,1610612746,1610612764,Regular Season,1
22400628,2025-01-23 22:00:00,1610612744,1610612741,Regular Season,1
22400629,2025-01-23 22:00:00,1610612747,1610612738,Regular Season,1
22400626,2025-01-23 21:00:00,1610612743,1610612758,Regular Season,1
22400624,2025-01-23 20:30:00,1610612749,1610612748,Regular Season,1
22400625,2025-01-23 20:00:00,1610612760,1610612742,Regular Season,0
22400623,2025-01-23 19:30:00,1610612737,1610612761,Regular Season,0
22400622,2025-01-23 19:00:00,1610612753,1610612757,Regular Season,0
22400621,2025-01-23 14:00:00,1610612754,1610612759,Regular Season,0
22400620,2025-01-22 22:30:00,1610612746,1610612738,Regular Season,0
22400619,2025-01-22 22:00:00,1610612758,1610612744,Regular Season,1
22400615,2025-01-22 20:00:00,1610612745,1610612739,Regular Season,1
22400616,2025-01-22 20:00:00,1610612763,1610612766,Regular Season,1
22400618,2025-01-22 20:00:00,1610612760,1610612762,Regular Season,1
22400612,2025-01-22 19:30:00,1610612737,1610612765,Regular Season,0
22400613,2025-01-22 19:30:00,1610612751,1610612756,Regular Season,0
22400614,2025-01-22 19:30:00,1610612742,1610612750,Regular Season,0
22400610,2025-01-21 22:30:00,1610612747,1610612764,Regular Season,1
22400609,2025-01-21 22:00:00,1610612743,1610612755,Regular Season,1
22400606,2025-01-21 19:30:00,1610612751,1610612752,Regular Season,0
22400607,2025-01-21 19:30:00,1610612748,1610612757,Regular Season,0
22400608,2025-01-21 19:30:00,1610612761,1610612753,Regular Season,1
22400611,2025-01-20 22:30:00,1610612746,1610612741,Regular Season,0
22400605,2025-01-20 20:00:00,1610612740,1610612762,Regular Season,1
22400604,2025-01-20 17:00:00,1610612744,1610612738,Regular Season,0
22400603,2025-01-20 15:30:00,1610612739,1610612756,Regular Season,1
22400602,2025-01-20 15:00:00,1610612752,1610612737,Regular Season,1
22400601,2025-01-20 14:30:00,1610612763,1610612750,Regular Season,1
22400600,2025-01-20 14:00:00,1610612745,1610612765,Regular Season,0
22400599,2025-01-20 12:00:00,1610612766,1610612742,Regular Season,1
22400596,2025-01-19 21:00:00,1610612746,1610612747,Regular Season,1
22400597,2025-01-19 21:00:00,1610612757,1610612741,Regular Season,1
22400598,2025-01-19 21:00:00,1610612758,1610612764,Regular Season,1
22400594,2025-01-19 19:00:00,1610612749,1610612755,Regular Season,1
22400595,2025-01-19 19:00:00,1610612760,1610612751,Regular Season,1
22400593,2025-01-19 18:00:00,1610612753,1610612743,Regular Season,0
22400592,2025-01-19 15:00:00,1610612748,1610612759,Regular Season,1
22400591,2025-01-18 22:00:00,1610612757,1610612745,Regular Season,0
22400590,2025-01-18 21:00:00,1610612750,1610612739,Regular Season,0
22400589,2025-01-18 20:30:00,1610612744,1610612764,Regular Season,1
22400587,2025-01-18 19:00:00,1610612738,1610612737,Regular Season,0
22400588,2025-01-18 19:00:00,1610612754,1610612755,Regular Season,1
22400586,2025-01-18 16:00:00,1610612765,1610612756,Regular Season,0
22400585,2025-01-17 22:30:00,1610612747,1610612751,Regular Season,1
22400582,2025-01-17 21:30:00,1610612759,1610612763,Regular Season,0
22400583,2025-01-17 20:30:00,1610612742,1610612760,Regular Season,1
22400579,2025-01-17 20:00:00,1610612748,1610612743,Regular Season,0
22400580,2025-01-17 20:00:00,1610612749,1610612761,Regular Season,1
22400581,2025-01-17 20:00:00,1610612740,1610612762,Regular Season,1
22400584,2025-01-17 20:00:00,1610612741,1610612766,Regular Season,0
22400578,2025-01-17 19:30:00,1610612752,1610612750,Regular Season,0
22400577,2025-01-17 19:00:00,1610612738,1610612753,Regular Season,1
22400575,2025-01-16 22:00:00,1610612757,1610612746,Regular Season,0
22400576,2025-01-16 22:00:00,1610612758,1610612745,Regular Season,1
22400574,2025-01-16 19:30:00,1610612760,1610612739,Regular Season,1
22400572,2025-01-16 19:00:00,1610612765,1610612754,Regular Season,0
22400573,2025-01-16 19:00:00,1610612764,1610612756,Regular Season,0
22400571,2025-01-15 22:30:00,1610612746,1610612751,Regular Season,1
22400570,2025-01-15 22:00:00,1610612747,1610612748,Regular Season,1
22400565,2025-01-15 21:30:00,1610612750,1610612744,Regular Season,0
22400568,2025-01-15 21:00:00,1610612743,1610612745,Regular Season,0
22400569,2025-01-15 21:00:00,1610612762,1610612766,Regular Season,0
22400563,2025-01-15 20:00:00,1610612741,1610612737,Regular Season,0
22400564,2025-01-15 20:00:00,1610612749,1610612753,Regular Season,1
22400566,2025-01-15 20:00:00,1610612740,1610612742,Regular Season,1
22400567,2025-01-15 20:00:00,1610612759,1610612763,Regular Season,0
22400562,2025-01-15 19:30:00,1610612761,1610612738,Regular Season,1
22400561,2025-01-15 19:00:00,1610612755,1610612752,Regular Season,0
22400560,2025-01-14 22:00:00,1610612757,1610612751,Regular Season,0
22400559,2025-01-14 21:30:00,1610612742,1610612743,Regular Season,0
22400557,2025-01-14 20:00:00,1610612741,1610612740,Regular Season,0
22400558,2025-01-14 20:00:00,1610612749,1610612758,Regular Season,1
22400556,2025-01-14 19:30:00,1610612737,1610612756,Regular Season,1
22400554,2025-01-14 19:00:00,1610612754,1610612739,Regular Season,0
22400555,2025-01-14 19:00:00,1610612755,1610612760,Regular Season,0
22400552,2025-01-13 22:30:00,1610612747,1610612759,Regular Season,0
22400553,2025-01-13 22:30:00,1610612746,1610612748,Regular Season,1
22400551,2025-01-13 20:00:00,1610612745,1610612763,Regular Season,1
22400549,2025-01-13 19:30:00,1610612752,1610612765,Regular Season,0
22400550,2025-01-13 19:30:00,1610612761,1610612744,Regular Season,1
22400548,2025-01-13 19:00:00,1610612764,1610612750,Regular Season,0
22400547,2025-01-12 21:00:00,1610612756,1610612766,Regular Season,1
22400546,2025-01-12 20:00:00,1610612762,1610612751,Regular Season,1
22400542,2025-01-12 18:00:00,1610612738,1610612740,Regular Season,1
22400543,2025-01-12 18:00:00,1610612739,1610612754,Regular Season,0
22400544,2025-01-12 18:00:00,1610612753,1610612755,Regular Season,1
22400545,2025-01-12 18:00:00,1610612764,1610612760,Regular Season,0
22400541,2025-01-12 15:30:00,1610612741,1610612758,Regular Season,0
22400539,2025-01-12 15:00:00,1610612752,1610612749,Regular Season,1
22400540,2025-01-12 15:00:00,1610612742,1610612743,Regular Season,0
22400536,2025-01-11 22:00:00,1610612757,1610612748,Regular Season,0
22400535,2025-01-11 20:00:00,1610612750,1610612763,Regular Season,0
22400534,2025-01-11 19:00:00,1610612765,1610612761,Regular Season,1
22400533,2025-01-11 17:00:00,1610612756,1610612762,Regular Season,1
22400531,2025-01-10 21:00:00,1610612743,1610612751,Regular Season,1
22400530,2025-01-10 20:00:00,1610612741,1610612764,Regular Season,1
22400528,2025-01-10 19:30:00,1610612738,1610612758,Regular Season,0
22400529,2025-01-10 19:30:00,1610612752,1610612760,Regular Season,0
22400525,2025-01-10 19:00:00,1610612754,1610612744,Regular Season,1
22400526,2025-01-10 19:00:00,1610612753,1610612749,Regular Season,0
22400527,2025-01-10 19:00:00,1610612755,1610612740,Regular Season,0
22400522,2025-01-09 21:00:00,1610612756,1610612737,Regular Season,1
22400523,2025-01-09 21:00:00,1610612762,1610612748,Regular Season,0
22400520,2025-01-09 20:00:00,1610612763,1610612745,Regular Season,0
22400521,2025-01-09 19:30:00,1610612742,1610612757,Regular Season,1
22400517,2025-01-09 19:00:00,1610612739,1610612761,Regular Season,1
22400518,2025-01-09 19:00:00,1610612765,1610612744,Regular Season,0
22400519,2025-01-09 19:00:00,1610612753,1610612750,Regular Season,0
22400516,2025-01-08 21:30:00,1610612749,1610612759,Regular Season,1
22400515,2025-01-08 21:00:00,1610612743,1610612746,Regular Season,1
22400514,2025-01-08 20:00:00,1610612740,1610612757,Regular Season,0
22400511,2025-01-08 19:30:00,1610612752,1610612761,Regular Season,1
22400513,2025-01-08 19:30:00,1610612751,1610612765,Regular Season,0
22400509,2025-01-08 19:00:00,1610612739,1610612760,Regular Season,1
22400510,2025-01-08 19:00:00,1610612754,1610612741,Regular Season,1
22400512,2025-01-08 19:00:00,1610612755,1610612764,Regular Season,1
22400507,2025-01-07 22:00:00,1610612743,1610612738,Regular Season,0
22400508,2025-01-07 22:00:00,1610612744,1610612748,Regular Season,0
22400506,2025-01-07 21:00:00,1610612762,1610612737,Regular Season,0
22400505,2025-01-07 20:00:00,1610612740,1610612750,Regular Season,0
22400504,2025-01-07 19:30:00,1610612742,1610612747,Regular Season,1
22400502,2025-01-07 19:00:00,1610612766,1610612756,Regular Season,1
22400503,2025-01-07 19:00:00,1610612764,1610612745,Regular Season,0
22400501,2025-01-06 22:00:00,1610612758,1610612748,Regular Season,1
22400498,2025-01-06 20:00:00,1610612741,1610612759,Regular Season,1
22400499,2025-01-06 20:00:00,1610612763,1610612742,Regular Season,1
22400500,2025-01-06 20:00:00,1610612750,1610612746,Regular Season,1
22400495,2025-01-06 19:30:00,1610612751,1610612754,Regular Season,0
22400496,2025-01-06 19:30:00,1610612752,1610612753,Regular Season,0
22400497,2025-01-06 19:30:00,1610612761,1610612749,Regular Season,0
22400493,2025-01-06 19:00:00,1610612765,1610612757,Regular Season,1
22400494,2025-01-06 19:00:00,1610612755,1610612756,Regular Season,0
22400492,2025-01-05 20:30:00,1610612744,1610612758,Regular Season,0
22400491,2025-01-05 19:00:00,1610612745,1610612747,Regular Season,1
22400490,2025-01-05 18:30:00,1610612753,1610612762,Regular Season,0
22400488,2025-01-05 18:00:00,1610612739,1610612766,Regular Season,1
22400489,2025-01-05 18:00:00,1610612764,1610612740,Regular Season,0
22400487,2025-01-05 15:30:00,1610612760,1610612738,Regular Season,1
22400486,2025-01-04 22:30:00,1610612746,1610612737,Regular Season,1
22400485,2025-01-04 20:30:00,1610612744,1610612763,Regular Season,1
22400481,2025-01-04 20:00:00,1610612748,1610612762,Regular Season,0
22400482,2025-01-04 20:00:00,1610612741,1610612752,Regular Season,1
22400483,2025-01-04 20:00:00,1610612749,1610612757,Regular Season,0
22400484,2025-01-04 20:00:00,1610612759,1610612743,Regular Season,0
22400479,2025-01-04 19:00:00,1610612765,1610612750,Regular Season,1
22400480,2025-01-04 19:00:00,1610612754,1610612756,Regular Season,1
22400478,2025-01-04 18:00:00,1610612751,1610612755,Regular Season,0
22400477,2025-01-03 22:30:00,1610612747,1610612737,Regular Season,1
22400476,2025-01-03 22:00:00,1610612758,1610612763,Regular Season,1
22400475,2025-01-03 21:00:00,1610612743,1610612759,Regular Season,0
22400474,2025-01-03 20:30:00,1610612742,1610612739,Regular Season,0
22400471,2025-01-03 20:00:00,1610612745,1610612738,Regular Season,0
22400472,2025-01-03 20:00:00,1610612740,1610612764,Regular Season,1
22400473,2025-01-03 20:00:00,1610612760,1610612752,Regular Season,1
22400470,2025-01-03 19:30:00,1610612761,1610612753,Regular Season,0
22400469,2025-01-03 19:00:00,1610612765,1610612766,Regular Season,1
22400468,2025-01-02 22:30:00,1610612747,1610612757,Regular Season,1
22400467,2025-01-02 22:00:00,1610612744,1610612755,Regular Season,1
22400465,2025-01-02 20:00:00,1610612749,1610612751,Regular Season,0
22400466,2025-01-02 20:00:00,1610612760,1610612746,Regular Season,1
22400463,2025-01-02 19:30:00,1610612748,1610612754,Regular Season,0
22400464,2025-01-02 19:30:00,1610612750,1610612738,Regular Season,0
22400462,2025-01-01 22:00:00,1610612758,1610612755,Regular Season,1
22400461,2025-01-01 21:00:00,1610612743,1610612737,Regular Season,1
22400460,2025-01-01 20:00:00,1610612745,1610612742,Regular Season,1
22400457,2025-01-01 19:30:00,1610612748,1610612740,Regular Season,1
22400458,2025-01-01 19:30:00,1610612752,1610612762,Regular Season,1
22400459,2025-01-01 19:30:00,1610612761,1610612751,Regular Season,1
22400455,2025-01-01 19:00:00,1610612765,1610612753,Regular Season,1
22400456,2025-01-01 19:00:00,1610612764,1610612741,Regular Season,1
22400453,2024-12-31 21:00:00,1610612756,1610612763,Regular Season,0
22400454,2024-12-31 21:00:00,1610612747,1610612739,Regular Season,0
22400452,2024-12-31 20:00:00,1610612760,1610612750,Regular Season,1
22400451,2024-12-31 19:00:00,1610612759,1610612746,Regular Season,1
22400449,2024-12-31 15:00:00,1610612738,1610612761,Regular Season,1
22400450,2024-12-31 15:00:00,1610612754,1610612749,Regular Season,0
22400446,2024-12-30 22:00:00,1610612744,1610612739,Regular Season,0
22400447,2024-12-30 22:00:00,1610612757,1610612755,Regular Season,0
22400448,2024-12-30 22:00:00,1610612758,1610612742,Regular Season,1
22400445,2024-12-30 21:00:00,1610612762,1610612743,Regular Season,0
22400444,2024-12-30 20:00:00,1610612740,1610612746,Regular Season,0
22400442,2024-12-30 19:00:00,1610612766,1610612741,Regular Season,0
22400443,2024-12-30 19:00:00,1610612764,1610612752,Regular Season,0
22400441,2024-12-29 21:00:00,1610612750,1610612759,Regular Season,1
22400439,2024-12-29 19:00:00,1610612745,1610612748,Regular Season,0
22400440,2024-12-29 19:00:00,1610612760,1610612763,Regular Season,1
22400437,2024-12-29 18:00:00,1610612738,1610612754,Regular Season,0
22400438,2024-12-29 18:00:00,1610612761,1610612737,Regular Season,0
22400436,2024-12-29 15:30:00,1610612753,1610612751,Regular Season,1
22400435,2024-12-28 22:30:00,1610612747,1610612758,Regular Season,1
22400434,2024-12-28 22:00:00,1610612757,1610612742,Regular Season,1
22400433,2024-12-28 21:30:00,1610612762,1610612755,Regular Season,0
22400432,2024-12-28 21:00:00,1610612743,1610612765,Regular Season,1
22400431,2024-12-28 20:30:00,1610612744,1610612756,Regular Season,1
22400430,2024-12-28 20:00:00,1610612741,1610612749,Regular Season,1
22400429,2024-12-28 19:00:00,1610612764,1610612752,Regular Season,0
22400428,2024-12-28 18:00:00,1610612766,1610612760,Regular Season,0
22400427,2024-12-28 15:00:00,1610612737,1610612748,Regular Season,1
22400426,2024-12-27 22:00:00,1610612746,1610612744,Regular Season,1
22400424,2024-12-27 21:00:00,1610612743,1610612739,Regular Season,0
22400425,2024-12-27 21:00:00,1610612756,1610612742,Regular Season,0
22400422,2024-12-27 20:00:00,1610612745,1610612750,Regular Season,0
22400423,2024-12-27 20:00:00,1610612740,1610612763,Regular Season,0
22400420,2024-12-27 19:30:00,1610612738,1610612754,Regular Season,1
22400421,2024-12-27 19:30:00,1610612751,1610612759,Regular Season,0
22400419,2024-12-27 19:00:00,1610612753,1610612752,Regular Season,0
22400417,2024-12-26 22:00:00,1610612757,1610612762,Regular Season,1
22400418,2024-12-26 22:00:00,1610612758,1610612765,Regular Season,0
22400414,2024-12-26 20:00:00,1610612763,1610612761,Regular Season,1
22400415,2024-12-26 20:00:00,1610612749,1610612751,Regular Season,0
22400416,2024-12-26 20:00:00,1610612740,1610612745,Regular Season,0
22400413,2024-12-26 19:30:00,1610612737,1610612741,Regular Season,1
22400410,2024-12-26 19:00:00,1610612754,1610612760,Regular Season,0
22400411,2024-12-26 19:00:00,1610612753,1610612748,Regular Season,0
22400412,2024-12-26 19:00:00,1610612764,1610612766,Regular Season,1
22400409,2024-12-25 22:30:00,1610612756,1610612743,Regular Season,1
22400408,2024-12-25 20:00:00,1610612744,1610612747,Regular Season,0
22400407,2024-12-25 17:00:00,1610612738,1610612755,Regular Season,0
22400406,2024-12-25 14:30:00,1610612742,1610612750,Regular Season,0
22400405,2024-12-25 12:00:00,1610612752,1610612759,Regular Season,1
22400404,2024-12-23 22:30:00,1610612747,1610612765,Regular Season,0
22400402,2024-12-23 22:00:00,1610612743,1610612756,Regular Season,1
22400403,2024-12-23 22:00:00,1610612744,1610612754,Regular Season,0
22400401,2024-12-23 20:30:00,1610612742,1610612757,Regular Season,1
22400398,2024-12-23 20:00:00,1610612741,1610612749,Regular Season,0
22400399,2024-12-23 20:00:00,1610612763,1610612746,Regular Season,0
22400400,2024-12-23 20:00:00,1610612760,1610612764,Regular Season,1
22400395,2024-12-23 19:30:00,1610612737,1610612750,Regular Season,1
22400396,2024-12-23 19:30:00,1610612748,1610612751,Regular Season,1
22400397,2024-12-23 19:30:00,1610612752,1610612761,Regular Season,1
22400391,2024-12-23 19:00:00,1610612766,1610612745,Regular Season,0
22400392,2024-12-23 19:00:00,1610612739,1610612762,Regular Season,1
22400393,2024-12-23 19:00:00,1610612753,1610612738,Regular Season,1
22400394,2024-12-23 19:00:00,1610612755,1610612759,Regular Season,1
22400390,2024-12-22 19:00:00,1610612740,1610612743,Regular Season,0
22400388,2024-12-22 18:00:00,1610612761,1610612745,Regular Season,0
22400389,2024-12-22 18:00:00,1610612758,1610612754,Regular Season,0
22400387,2024-12-21 21:00:00,1610612756,1610612765,Regular Season,0
22400385,2024-12-21 20:30:00,1610612742,1610612746,Regular Season,1
22400386,2024-12-21 20:30:00,1610612759,1610612757,Regular Season,1
22400380,2024-12-21 20:00:00,1610612739,1610612755,Regular Season,1
22400381,2024-12-21 20:00:00,1610612741,1610612738,Regular Season,0
22400382,2024-12-21 20:00:00,1610612749,1610612764,Regular Season,1
22400383,2024-12-21 20:00:00,1610612750,1610612744,Regular Season,0
22400384,2024-12-21 20:00:00,1610612740,1610612752,Regular Season,0
22400378,2024-12-21 19:30:00,1610612737,1610612763,Regular Season,0
22400379,2024-12-21 19:30:00,1610612751,1610612762,Regular Season,0
22400377,2024-12-21 19:00:00,1610612753,1610612748,Regular Season,1
22400376,2024-12-21 18:00:00,1610612758,1610612747,Regular Season,0
22400375,2024-12-20 20:00:00,1610612748,1610612760,Regular Season,0
22400374,2024-12-20 19:30:00,1610612739,1610612749,Regular Season,1
22400373,2024-12-20 19:00:00,1610612755,1610612766,Regular Season,1
22400371,2024-12-19 22:00:00,1610612757,1610612743,Regular Season,1
22400372,2024-12-19 22:00:00,1610612758,1610612747,Regular Season,0
22400367,2024-12-19 21:30:00,1610612750,1610612752,Regular Season,0
22400369,2024-12-19 21:00:00,1610612756,1610612754,Regular Season,0
22400368,2024-12-19 20:30:00,1610612742,1610612746,Regular Season,0
22400365,2024-12-19 20:00:00,1610612745,1610612740,Regular Season,1
22400366,2024-12-19 20:00:00,1610612763,1610612744,Regular Season,1
22400370,2024-12-19 20:00:00,1610612759,1610612737,Regular Season,1
22400363,2024-12-19 19:30:00,1610612738,1610612741,Regular Season,0
22400364,2024-12-19 19:30:00,1610612761,1610612751,Regular Season,0
22400360,2024-12-19 19:00:00,1610612765,1610612762,Regular Season,0
22400361,2024-12-19 19:00:00,1610612753,1610612760,Regular Season,0
22400362,2024-12-19 19:00:00,1610612764,1610612766,Regular Season,1
62400001,2024-12-17 20:30:00,1610612760,1610612749,Regular Season,0
22401226,2024-12-16 22:30:00,1610612746,1610612762,Regular Season,1
22401225,2024-12-16 22:00:00,1610612758,1610612743,Regular Season,0
22401223,2024-12-16 19:30:00,1610612761,1610612741,Regular Season,0
22401224,2024-12-16 19:30:00,1610612751,1610612739,Regular Season,0
22401221,2024-12-16 19:00:00,1610612765,1610612748,Regular Season,1
22401222,2024-12-16 19:00:00,1610612766,1610612755,Regular Season,0
22401220,2024-12-15 21:30:00,1610612747,1610612763,Regular Season,1
22401228,2024-12-15 20:30:00,1610612744,1610612742,Regular Season,0
22401219,2024-12-15 20:00:00,1610612756,1610612757,Regular Season,1
22401218,2024-12-15 19:00:00,1610612759,1610612750,Regular Season,0
22401217,2024-12-15 18:00:00,1610612764,1610612738,Regular Season,0
22401227,2024-12-15 18:00:00,1610612753,1610612752,Regular Season,0
22401216,2024-12-15 17:00:00,1610612754,1610612740,Regular Season,1
22401230,2024-12-14 20:30:00,1610612760,1610612745,Regular Season,1
22401229,2024-12-14 16:30:00,1610612749,1610612737,Regular Season,1
22401215,2024-12-13 22:00:00,1610612757,1610612759,Regular Season,0
22401214,2024-12-13 21:30:00,1610612762,1610612756,Regular Season,0
22401213,2024-12-13 21:00:00,1610612743,1610612746,Regular Season,1
22401210,2024-12-13 20:00:00,1610612750,1610612747,Regular Season,1
22401211,2024-12-13 20:00:00,1610612763,1610612751,Regular Season,1
22401212,2024-12-13 20:00:00,1610612741,1610612766,Regular Season,1
22401208,2024-12-13 19:00:00,1610612739,1610612764,Regular Season,1
22401209,2024-12-13 19:00:00,1610612755,1610612754,Regular Season,0
22401207,2024-12-12 20:00:00,1610612740,1610612758,Regular Season,0
22401205,2024-12-12 19:30:00,1610612738,1610612765,Regular Season,1
22401206,2024-12-12 19:30:00,1610612748,1610612761,Regular Season,1
22401204,2024-12-11 21:30:00,1610612745,1610612744,Regular Season,1
22401202,2024-12-11 19:00:00,1610612752,1610612737,Regular Season,0
22401203,2024-12-10 21:30:00,1610612760,1610612742,Regular Season,1
22401201,2024-12-10 19:00:00,1610612749,1610612753,Regular Season,1
22400359,2024-12-09 19:30:00,1610612761,1610612752,Regular Season,0
22400358,2024-12-08 21:30:00,1610612747,1610612757,Regular Season,1
22400356,2024-12-08 21:00:00,1610612746,1610612745,Regular Season,0
22400357,2024-12-08 21:00:00,1610612758,1610612762,Regular Season,1
22400355,2024-12-08 20:30:00,1610612744,1610612750,Regular Season,1
22400353,2024-12-08 19:00:00,1610612764,1610612763,Regular Season,0
22400354,2024-12-08 19:00:00,1610612759,1610612740,Regular Season,1
22400352,2024-12-08 18:30:00,1610612753,1610612756,Regular Season,1
22400350,2024-12-08 18:00:00,1610612737,1610612743,Regular Season,0
22400351,2024-12-08 18:00:00,1610612748,1610612739,Regular Season,1
22400349,2024-12-08 17:00:00,1610612754,1610612766,Regular Season,0
22400348,2024-12-08 15:30:00,1610612751,1610612749,Regular Season,0
22400347,2024-12-08 13:00:00,1610612741,1610612755,Regular Season,0
22400345,2024-12-07 20:00:00,1610612738,1610612763,Regular Season,0
22400346,2024-12-07 20:00:00,1610612748,1610612756,Regular Season,1
22400343,2024-12-07 19:30:00,1610612752,1610612765,Regular Season,0
22400344,2024-12-07 19:30:00,1610612761,1610612742,Regular Season,0
22400341,2024-12-07 19:00:00,1610612764,1610612743,Regular Season,1
22400342,2024-12-07 19:00:00,1610612740,1610612760,Regular Season,0
22400340,2024-12-07 13:00:00,1610612766,1610612739,Regular Season,0
22400338,2024-12-06 22:00:00,1610612744,1610612750,Regular Season,0
22400339,2024-12-06 22:00:00,1610612757,1610612762,Regular Season,0
22400336,2024-12-06 20:00:00,1610612741,1610612754,Regular Season,0
22400337,2024-12-06 20:00:00,1610612759,1610612758,Regular Season,0
22400334,2024-12-06 19:30:00,1610612737,1610612747,Regular Season,1
22400335,2024-12-06 19:30:00,1610612738,1610612749,Regular Season,1
22400333,2024-12-06 19:00:00,1610612755,1610612753,Regular Season,1
22400332,2024-12-05 22:00:00,1610612744,1610612745,Regular Season,1
22400329,2024-12-05 20:00:00,1610612763,1610612758,Regular Season,1
22400330,2024-12-05 20:00:00,1610612740,1610612756,Regular Season,1
22400331,2024-12-05 20:00:00,1610612759,1610612741,Regular Season,0
22400327,2024-12-05 19:30:00,1610612752,1610612766,Regular Season,1
22400328,2024-12-05 19:30:00,1610612761,1610612760,Regular Season,0
22400325,2024-12-05 19:00:00,1610612739,1610612743,Regular Season,1
22400326,2024-12-05 19:00:00,1610612764,1610612742,Regular Season,0
22400324,2024-12-04 22:30:00,1610612746,1610612750,Regular Season,0
22400323,2024-12-04 20:00:00,1610612749,1610612737,Regular Season,0
22400319,2024-12-04 19:30:00,1610612738,1610612765,Regular Season,1
22400320,2024-12-04 19:30:00,1610612751,1610612754,Regular Season,1
22400321,2024-12-04 19:30:00,1610612748,1610612747,Regular Season,1
22400322,2024-12-04 19:30:00,1610612755,1610612753,Regular Season,0
22400060,2024-12-03 22:30:00,1610612746,1610612757,Regular Season,1
22400058,2024-12-03 22:00:00,1610612743,1610612744,Regular Season,1
22400059,2024-12-03 22:00:00,1610612758,1610612745,Regular Season,1
22400057,2024-12-03 21:00:00,1610612756,1610612759,Regular Season,1
22400056,2024-12-03 20:30:00,1610612742,1610612763,Regular Season,1
22400055,2024-12-03 20:00:00,1610612760,1610612762,Regular Season,1
22400053,2024-12-03 19:30:00,1610612752,1610612753,Regular Season,1
22400054,2024-12-03 19:30:00,1610612761,1610612754,Regular Season,1
22400050,2024-12-03 19:00:00,1610612766,1610612755,Regular Season,0
22400051,2024-12-03 19:00:00,1610612739,1610612764,Regular Season,1
22400052,2024-12-03 19:00:00,1610612765,1610612749,Regular Season,0
22400317,2024-12-02 20:00:00,1610612741,1610612751,Regular Season,1
22400318,2024-12-02 20:00:00,1610612750,1610612747,Regular Season,1
22400315,2024-12-02 19:30:00,1610612737,1610612740,Regular Season,1
22400316,2024-12-02 19:30:00,1610612738,1610612748,Regular Season,1
22400314,2024-12-01 22:00:00,1610612746,1610612743,Regular Season,1
22400312,2024-12-01 21:00:00,1610612757,1610612742,Regular Season,0
22400313,2024-12-01 21:00:00,1610612758,1610612759,Regular Season,0
22400311,2024-12-01 20:00:00,1610612762,1610612747,Regular Season,0
22400310,2024-12-01 19:00:00,1610612745,1610612760,Regular Season,1
22400307,2024-12-01 18:00:00,1610612739,1610612738,Regular Season,1
22400308,2024-12-01 18:00:00,1610612752,1610612740,Regular Season,1
22400309,2024-12-01 18:00:00,1610612761,1610612748,Regular Season,1
22400305,2024-12-01 15:30:00,1610612751,1610612753,Regular Season,0
22400306,2024-12-01 15:30:00,1610612763,1610612754,Regular Season,1
22400304,2024-11-30 21:30:00,1610612762,1610612742,Regular Season,0
22400303,2024-11-30 21:00:00,1610612756,1610612744,Regular Season,1
22400302,2024-11-30 20:00:00,1610612749,1610612764,Regular Season,1
22400301,2024-11-30 19:00:00,1610612765,1610612755,Regular Season,0
22400300,2024-11-30 18:00:00,1610612766,1610612737,Regular Season,0
22400048,2024-11-29 22:00:00,1610612747,1610612760,Regular Season,0
22400049,2024-11-29 22:00:00,1610612757,1610612758,Regular Season,1
22400045,2024-11-29 20:00:00,1610612754,1610612765,Regular Season,0
22400046,2024-11-29 20:00:00,1610612748,1610612761,Regular Season,1
22400047,2024-11-29 20:00:00,1610612741,1610612738,Regular Season,0
22400043,2024-11-29 19:30:00,1610612751,1610612753,Regular Season,0
22400044,2024-11-29 19:30:00,1610612750,1610612746,Regular Season,1
22400042,2024-11-29 17:00:00,1610612763,1610612740,Regular Season,1
22400041,2024-11-29 14:30:00,1610612737,1610612739,Regular Season,1
22400040,2024-11-29 12:00:00,1610612766,1610612752,Regular Season,0
22400299,2024-11-27 22:00:00,1610612744,1610612760,Regular Season,0
22400297,2024-11-27 21:00:00,1610612756,1610612751,Regular Season,0
22400298,2024-11-27 21:00:00,1610612762,1610612743,Regular Season,0
22400296,2024-11-27 20:30:00,1610612759,1610612747,Regular Season,0
22400293,2024-11-27 20:00:00,1610612763,1610612765,Regular Season,1
22400294,2024-11-27 20:00:00,1610612750,1610612758,Regular Season,0
22400295,2024-11-27 20:00:00,1610612740,1610612761,Regular Season,0
22400292,2024-11-27 19:30:00,1610612742,1610612752,Regular Season,1
22400286,2024-11-27 19:00:00,1610612766,1610612748,Regular Season,0
22400287,2024-11-27 19:00:00,1610612739,1610612737,Regular Season,0
22400288,2024-11-27 19:00:00,1610612754,1610612757,Regular Season,1
22400289,2024-11-27 19:00:00,1610612753,1610612741,Regular Season,1
22400290,2024-11-27 19:00:00,1610612755,1610612745,Regular Season,0
22400291,2024-11-27 19:00:00,1610612764,1610612746,Regular Season,0
22400039,2024-11-26 22:00:00,1610612756,1610612747,Regular Season,1
22400038,2024-11-26 21:00:00,1610612762,1610612759,Regular Season,0
22400037,2024-11-26 20:00:00,1610612750,1610612745,Regular Season,0
22400036,2024-11-26 19:30:00,1610612748,1610612749,Regular Season,0
22400035,2024-11-26 19:00:00,1610612764,1610612741,Regular Season,0
22400284,2024-11-25 22:00:00,1610612744,1610612751,Regular Season,0
22400285,2024-11-25 22:00:00,1610612758,1610612760,Regular Season,0
22400283,2024-11-25 21:00:00,1610612743,1610612752,Regular Season,0
22400282,2024-11-25 20:00:00,1610612763,1610612757,Regular Season,1
22400280,2024-11-25 19:30:00,1610612737,1610612742,Regular Season,0
22400281,2024-11-25 19:30:00,1610612738,1610612746,Regular Season,1
22400277,2024-11-25 19:00:00,1610612766,1610612753,Regular Season,0
22400278,2024-11-25 19:00:00,1610612765,1610612761,Regular Season,1
22400279,2024-11-25 19:00:00,1610612754,1610612740,Regular Season,1
22400276,2024-11-24 21:00:00,1610612758,1610612751,Regular Season,0
22400275,2024-11-24 19:30:00,1610612739,1610612761,Regular Season,1
22400273,2024-11-24 18:00:00,1610612748,1610612742,Regular Season,1
22400274,2024-11-24 18:00:00,1610612755,1610612746,Regular Season,0
22400272,2024-11-24 17:00:00,1610612754,1610612764,Regular Season,1
22400271,2024-11-24 15:30:00,1610612738,1610612750,Regular Season,1
22400270,2024-11-23 22:30:00,1610612747,1610612743,Regular Season,0
22400269,2024-11-23 20:30:00,1610612759,1610612744,Regular Season,1
22400266,2024-11-23 20:00:00,1610612741,1610612763,Regular Season,0
22400267,2024-11-23 20:00:00,1610612745,1610612757,Regular Season,0
22400268,2024-11-23 20:00:00,1610612749,1610612766,Regular Season,1
22400265,2024-11-23 19:00:00,1610612753,1610612765,Regular Season,1
22400264,2024-11-23 17:00:00,1610612762,1610612752,Regular Season,1
22400034,2024-11-22 22:30:00,1610612746,1610612758,Regular Season,1
22400033,2024-11-22 22:00:00,1610612743,1610612742,Regular Season,0
22400029,2024-11-22 20:00:00,1610612749,1610612754,Regular Season,1
22400030,2024-11-22 20:00:00,1610612741,1610612737,Regular Season,1
22400031,2024-11-22 20:00:00,1610612745,1610612757,Regular Season,1
22400032,2024-11-22 19:30:00,1610612740,1610612744,Regular Season,0
22400027,2024-11-22 19:00:00,1610612755,1610612751,Regular Season,1
22400028,2024-11-22 19:00:00,1610612764,1610612738,Regular Season,0
22400263,2024-11-21 22:30:00,1610612747,1610612753,Regular Season,0
22400262,2024-11-21 20:00:00,1610612759,1610612762,Regular Season,1
22400261,2024-11-21 19:30:00,1610612761,1610612750,Regular Season,1
22400260,2024-11-21 19:00:00,1610612766,1610612765,Regular Season,1
22400259,2024-11-20 22:30:00,1610612746,1610612753,Regular Season,1
22400257,2024-11-20 22:00:00,1610612756,1610612752,Regular Season,0
22400258,2024-11-20 22:00:00,1610612744,1610612737,Regular Season,1
22400254,2024-11-20 20:00:00,1610612745,1610612754,Regular Season,1
22400255,2024-11-20 20:00:00,1610612763,1610612755,Regular Season,1
22400256,2024-11-20 20:00:00,1610612760,1610612757,Regular Season,1
22400252,2024-11-20 19:30:00,1610612739,1610612740,Regular Season,1
22400253,2024-11-20 19:30:00,1610612749,1610612741,Regular Season,1
22400026,2024-11-19 22:30:00,1610612747,1610612762,Regular Season,1
22400025,2024-11-19 21:30:00,1610612759,1610612760,Regular Season,1
22400024,2024-11-19 20:30:00,1610612742,1610612740,Regular Season,1
22400023,2024-11-19 20:00:00,1610612763,1610612743,Regular Season,0
22400022,2024-11-19 19:30:00,1610612751,1610612766,Regular Season,1
22400021,2024-11-19 19:00:00,1610612738,1610612739,Regular Season,1
22400251,2024-11-18 22:30:00,1610612746,1610612744,Regular Season,1
22400250,2024-11-18 22:00:00,1610612758,1610612737,Regular Season,0
22400249,2024-11-18 21:00:00,1610612756,1610612753,Regular Season,0
22400248,2024-11-18 20:00:00,1610612749,1610612745,Regular Season,1
22400245,2024-11-18 19:30:00,1610612748,1610612755,Regular Season,1
22400246,2024-11-18 19:30:00,1610612752,1610612764,Regular Season,1
22400247,2024-11-18 19:30:00,1610612761,1610612754,Regular Season,1
22400244,2024-11-18 19:00:00,1610612765,1610612741,Regular Season,0
22400243,2024-11-17 21:00:00,1610612746,1610612762,Regular Season,1
22400240,2024-11-17 19:00:00,1610612752,1610612751,Regular Season,1
22400241,2024-11-17 19:00:00,1610612741,1610612745,Regular Season,0
22400242,2024-11-17 19:00:00,1610612760,1610612742,Regular Season,0
22400236,2024-11-17 18:00:00,1610612739,1610612766,Regular Season,1
22400237,2024-11-17 18:00:00,1610612764,1610612765,Regular Season,0
22400238,2024-11-17 18:00:00,1610612763,1610612743,Regular Season,1
22400239,2024-11-17 18:00:00,1610612757,1610612737,Regular Season,1
22400235,2024-11-17 17:00:00,1610612754,1610612748,Regular Season,1
22400234,2024-11-17 15:30:00,1610612750,1610612756,Regular Season,1
22400233,2024-11-16 22:00:00,1610612758,1610612762,Regular Season,1
22400232,2024-11-16 20:30:00,1610612742,1610612759,Regular Season,1
22400230,2024-11-16 20:00:00,1610612738,1610612761,Regular Season,1
22400231,2024-11-16 20:00:00,1610612740,1610612747,Regular Season,0
22400229,2024-11-16 15:00:00,1610612766,1610612749,Regular Season,1
22400019,2024-11-15 22:00:00,1610612744,1610612763,Regular Season,1
22400020,2024-11-15 22:00:00,1610612758,1610612750,Regular Season,0
22400016,2024-11-15 20:00:00,1610612745,1610612746,Regular Season,1
22400017,2024-11-15 20:00:00,1610612740,1610612743,Regular Season,1
22400018,2024-11-15 20:00:00,1610612760,1610612756,Regular Season,1
22400012,2024-11-15 19:30:00,1610612737,1610612764,Regular Season,1
22400013,2024-11-15 19:30:00,1610612739,1610612741,Regular Season,1
22400014,2024-11-15 19:30:00,1610612752,1610612751,Regular Season,1
22400015,2024-11-15 19:30:00,1610612759,1610612747,Regular Season,0
22400009,2024-11-15 19:00:00,1610612754,1610612748,Regular Season,0
22400010,2024-11-15 19:00:00,1610612753,1610612755,Regular Season,1
22400011,2024-11-15 19:00:00,1610612761,1610612765,Regular Season,0
22400228,2024-11-14 21:00:00,1610612762,1610612742,Regular Season,1
22400225,2024-11-13 22:00:00,1610612747,1610612763,Regular Season,1
22400226,2024-11-13 22:00:00,1610612757,1610612750,Regular Season,1
22400227,2024-11-13 22:00:00,1610612758,1610612756,Regular Season,1
22400222,2024-11-13 20:00:00,1610612745,1610612746,Regular Season,1
22400223,2024-11-13 20:00:00,1610612749,1610612765,Regular Season,1
22400224,2024-11-13 20:00:00,1610612759,1610612764,Regular Season,1
22400218,2024-11-13 19:30:00,1610612751,1610612738,Regular Season,0
22400219,2024-11-13 19:30:00,1610612752,1610612741,Regular Season,0
22400220,2024-11-13 19:30:00,1610612755,1610612739,Regular Season,0
22400221,2024-11-13 19:30:00,1610612760,1610612740,Regular Season,1
22400217,2024-11-13 19:00:00,1610612753,1610612754,Regular Season,1
22400007,2024-11-12 22:00:00,1610612744,1610612742,Regular Season,1
22400008,2024-11-12 22:00:00,1610612757,1610612750,Regular Season,1
22400006,2024-11-12 21:00:00,1610612762,1610612756,Regular Season,0
22400005,2024-11-12 20:00:00,1610612749,1610612761,Regular Season,1
22400004,2024-11-12 19:30:00,1610612755,1610612752,Regular Season,0
22400001,2024-11-12 19:00:00,1610612738,1610612737,Regular Season,0
22400002,2024-11-12 19:00:00,1610612765,1610612748,Regular Season,1
22400003,2024-11-12 19:00:00,1610612753,1610612766,Regular Season,1
22400212,2024-11-11 20:00:00,1610612741,1610612739,Regular Season,0
22400213,2024-11-11 20:00:00,1610612745,1610612764,Regular Season,1
22400214,2024-11-11 20:00:00,1610612740,1610612751,Regular Season,0
22400215,2024-11-11 20:00:00,1610612760,1610612746,Regular Season,1
22400216,2024-11-11 20:00:00,1610612759,1610612758,Regular Season,1
22400211,2024-11-10 21:30:00,1610612747,1610612761,Regular Season,1
22400210,2024-11-10 21:00:00,1610612757,1610612763,Regular Season,0
22400208,2024-11-10 20:00:00,1610612743,1610612742,Regular Season,1
22400209,2024-11-10 20:00:00,1610612756,1610612758,Regular Season,0
22400205,2024-11-10 19:00:00,1610612755,1610612766,Regular Season,1
22400206,2024-11-10 19:00:00,1610612750,1610612748,Regular Season,0
22400207,2024-11-10 19:00:00,1610612760,1610612744,Regular Season,0
22400204,2024-11-10 18:00:00,1610612753,1610612764,Regular Season,1
22400203,2024-11-10 17:00:00,1610612754,1610612752,Regular Season,1
22400202,2024-11-10 15:30:00,1610612749,1610612738,Regular Season,0
22400201,2024-11-10 15:00:00,1610612765,1610612745,Regular Season,0
22400200,2024-11-09 22:30:00,1610612746,1610612761,Regular Season,1
22400198,2024-11-09 19:30:00,1610612737,1610612741,Regular Season,0
22400199,2024-11-09 19:30:00,1610612739,1610612751,Regular Season,1
22400197,2024-11-09 17:00:00,1610612759,1610612762,Regular Season,0
22400195,2024-11-08 22:00:00,1610612747,1610612755,Regular Season,1
22400196,2024-11-08 22:00:00,1610612758,1610612746,Regular Season,0
22400193,2024-11-08 21:00:00,1610612750,1610612757,Regular Season,1
22400194,2024-11-08 21:00:00,1610612743,1610612748,Regular Season,1
22400191,2024-11-08 20:00:00,1610612763,1610612764,Regular Season,1
22400192,2024-11-08 20:00:00,1610612760,1610612745,Regular Season,1
22400187,2024-11-08 19:30:00,1610612738,1610612751,Regular Season,1
22400188,2024-11-08 19:30:00,1610612739,1610612744,Regular Season,1
22400189,2024-11-08 19:30:00,1610612752,1610612749,Regular Season,1
22400190,2024-11-08 19:30:00,1610612742,1610612756,Regular Season,0
22400184,2024-11-08 19:00:00,1610612766,1610612754,Regular Season,1
22400185,2024-11-08 19:00:00,1610612765,1610612737,Regular Season,1
22400186,2024-11-08 19:00:00,1610612753,1610612740,Regular Season,1
22400181,2024-11-07 20:00:00,1610612741,1610612750,Regular Season,0
22400182,2024-11-07 20:00:00,1610612749,1610612762,Regular Season,1
22400183,2024-11-07 20:00:00,1610612759,1610612757,Regular Season,1
22400179,2024-11-06 22:00:00,1610612746,1610612755,Regular Season,1
22400180,2024-11-06 22:00:00,1610612758,1610612761,Regular Season,1
22400177,2024-11-06 21:00:00,1610612743,1610612760,Regular Season,1
22400178,2024-11-06 21:00:00,1610612756,1610612748,Regular Season,1
22400176,2024-11-06 20:30:00,1610612742,1610612741,Regular Season,1
22400173,2024-11-06 20:00:00,1610612745,1610612759,Regular Season,1
22400174,2024-11-06 20:00:00,1610612763,1610612747,Regular Season,1
22400175,2024-11-06 20:00:00,1610612740,1610612739,Regular Season,0
22400171,2024-11-06 19:30:00,1610612737,1610612752,Regular Season,1
22400172,2024-11-06 19:30:00,1610612738,1610612744,Regular Season,0
22400169,2024-11-06 19:00:00,1610612766,1610612765,Regular Season,1
22400170,2024-11-06 19:00:00,1610612754,1610612753,Regular Season,1
22400168,2024-11-04 22:30:00,1610612746,1610612759,Regular Season,1
22400167,2024-11-04 22:15:00,1610612756,1610612755,Regular Season,1
22400166,2024-11-04 22:00:00,1610612743,1610612761,Regular Season,1
22400165,2024-11-04 21:45:00,1610612742,1610612754,Regular Season,0
22400164,2024-11-04 21:30:00,1610612740,1610612757,Regular Season,0
22400163,2024-11-04 21:15:00,1610612760,1610612753,Regular Season,1
22400162,2024-11-04 21:00:00,1610612750,1610612766,Regular Season,1
22400161,2024-11-04 20:45:00,1610612745,1610612752,Regular Season,1
22400160,2024-11-04 20:30:00,1610612741,1610612762,Regular Season,0
22400159,2024-11-04 20:15:00,1610612748,1610612758,Regular Season,0
22400158,2024-11-04 20:00:00,1610612751,1610612763,Regular Season,1
22400157,2024-11-04 19:45:00,1610612737,1610612738,Regular Season,0
22400156,2024-11-04 19:30:00,1610612765,1610612747,Regular Season,1
22400155,2024-11-04 19:15:00,1610612764,1610612744,Regular Season,0
22400154,2024-11-04 19:00:00,1610612739,1610612749,Regular Season,1
22400153,2024-11-03 19:30:00,1610612742,1610612753,Regular Season,1
22400152,2024-11-03 19:00:00,1610612740,1610612737,Regular Season,0
22400151,2024-11-03 15:30:00,1610612751,1610612765,Regular Season,0
22400150,2024-11-02 22:30:00,1610612746,1610612760,Regular Season,0
22400148,2024-11-02 22:00:00,1610612743,1610612762,Regular Season,1
22400149,2024-11-02 22:00:00,1610612756,1610612757,Regular Season,1
22400147,2024-11-02 21:30:00,1610612764,1610612748,Regular Season,0
22400144,2024-11-02 20:00:00,1610612745,1610612744,Regular Season,0
22400145,2024-11-02 20:00:00,1610612749,1610612739,Regular Season,0
22400146,2024-11-02 20:00:00,1610612759,1610612750,Regular Season,1
22400142,2024-11-02 19:30:00,1610612755,1610612763,Regular Season,0
22400143,2024-11-02 19:30:00,1610612761,1610612758,Regular Season,1
22400141,2024-11-02 18:00:00,1610612766,1610612738,Regular Season,0
22400140,2024-11-01 22:00:00,1610612757,1610612760,Regular Season,0
22400139,2024-11-01 21:30:00,1610612750,1610612743,Regular Season,1
22400138,2024-11-01 20:00:00,1610612740,1610612754,Regular Season,1
22400135,2024-11-01 19:30:00,1610612737,1610612758,Regular Season,0
22400136,2024-11-01 19:30:00,1610612751,1610612741,Regular Season,1
22400137,2024-11-01 19:30:00,1610612761,1610612747,Regular Season,0
22400132,2024-11-01 19:00:00,1610612766,1610612738,Regular Season,0
22400133,2024-11-01 19:00:00,1610612739,1610612753,Regular Season,1
22400134,2024-11-01 19:00:00,1610612765,1610612752,Regular Season,0
22400131,2024-10-31 22:30:00,1610612746,1610612756,Regular Season,0
22400130,2024-10-31 21:00:00,1610612762,1610612759,Regular Season,0
22400129,2024-10-31 20:30:00,1610612742,1610612745,Regular Season,0
22400128,2024-10-31 20:00:00,1610612763,1610612749,Regular Season,1
22400127,2024-10-30 22:30:00,1610612746,1610612757,Regular Season,0
22400126,2024-10-30 22:00:00,1610612744,1610612740,Regular Season,1
22400125,2024-10-30 21:30:00,1610612760,1610612759,Regular Season,1
22400123,2024-10-30 20:00:00,1610612741,1610612753,Regular Season,1
22400124,2024-10-30 20:00:00,1610612763,1610612751,Regular Season,0
22400122,2024-10-30 19:30:00,1610612748,1610612752,Regular Season,0
22400117,2024-10-30 19:00:00,1610612766,1610612761,Regular Season,1
22400118,2024-10-30 19:00:00,1610612739,1610612747,Regular Season,1
22400119,2024-10-30 19:00:00,1610612754,1610612738,Regular Season,1
22400120,2024-10-30 19:00:00,1610612755,1610612765,Regular Season,0
22400121,2024-10-30 19:00:00,1610612764,1610612737,Regular Season,1
22400116,2024-10-29 22:00:00,1610612744,1610612740,Regular Season,1
22400115,2024-10-29 21:00:00,1610612762,1610612758,Regular Season,0
22400113,2024-10-29 19:30:00,1610612751,1610612743,Regular Season,0
22400114,2024-10-29 19:30:00,1610612750,1610612742,Regular Season,0
22400111,2024-10-28 22:00:00,1610612756,1610612747,Regular Season,1
22400112,2024-10-28 22:00:00,1610612758,1610612757,Regular Season,1
22400110,2024-10-28 20:30:00,1610612742,1610612762,Regular Season,1
22400108,2024-10-28 20:00:00,1610612763,1610612741,Regular Season,0
22400109,2024-10-28 20:00:00,1610612759,1610612745,Regular Season,0
22400103,2024-10-28 19:30:00,1610612737,1610612764,Regular Season,0
22400104,2024-10-28 19:30:00,1610612738,1610612749,Regular Season,1
22400105,2024-10-28 19:30:00,1610612748,1610612765,Regular Season,1
22400106,2024-10-28 19:30:00,1610612752,1610612739,Regular Season,0
22400107,2024-10-28 19:30:00,1610612761,1610612743,Regular Season,0
22400102,2024-10-28 19:00:00,1610612753,1610612754,Regular Season,1
22400101,2024-10-27 20:30:00,1610612744,1610612746,Regular Season,0
22400100,2024-10-27 19:00:00,1610612760,1610612737,Regular Season,1
22400098,2024-10-27 18:00:00,1610612751,1610612749,Regular Season,1
22400099,2024-10-27 18:00:00,1610612757,1610612740,Regular Season,1
22400097,2024-10-27 15:30:00,1610612754,1610612755,Regular Season,0
22400096,2024-10-26 22:30:00,1610612747,1610612758,Regular Season,1
22400095,2024-10-26 22:00:00,1610612756,1610612742,Regular Season,1
22400094,2024-10-26 20:30:00,1610612759,1610612745,Regular Season,1
22400091,2024-10-26 20:00:00,1610612741,1610612760,Regular Season,0
22400092,2024-10-26 20:00:00,1610612763,1610612753,Regular Season,1
22400093,2024-10-26 20:00:00,1610612750,1610612761,Regular Season,1
22400088,2024-10-26 19:00:00,1610612766,1610612748,Regular Season,0
22400089,2024-10-26 19:00:00,1610612765,1610612738,Regular Season,0
22400090,2024-10-26 19:00:00,1610612764,1610612739,Regular Season,0
22400087,2024-10-26 17:00:00,1610612743,1610612746,Regular Season,0
22400085,2024-10-25 22:00:00,1610612747,1610612756,Regular Season,1
22400086,2024-10-25 22:00:00,1610612757,1610612740,Regular Season,0
22400084,2024-10-25 21:30:00,1610612762,1610612744,Regular Season,0
22400082,2024-10-25 20:00:00,1610612745,1610612763,Regular Season,1
22400083,2024-10-25 20:00:00,1610612749,1610612741,Regular Season,0
22400079,2024-10-25 19:30:00,1610612737,1610612766,Regular Season,1
22400080,2024-10-25 19:30:00,1610612739,1610612765,Regular Season,1
22400081,2024-10-25 19:30:00,1610612752,1610612754,Regular Season,1
22400077,2024-10-25 19:00:00,1610612753,1610612751,Regular Season,1
22400078,2024-10-25 19:00:00,1610612761,1610612755,Regular Season,1
22400075,2024-10-24 22:00:00,1610612743,1610612760,Regular Season,0
22400076,2024-10-24 22:00:00,1610612758,1610612750,Regular Season,0
22400074,2024-10-24 19:30:00,1610612742,1610612759,Regular Season,1
22400073,2024-10-24 19:00:00,1610612764,1610612738,Regular Season,0
22400071,2024-10-23 22:00:00,1610612746,1610612756,Regular Season,0
22400072,2024-10-23 22:00:00,1610612757,1610612744,Regular Season,0
22400070,2024-10-23 21:00:00,1610612762,1610612763,Regular Season,0
22400068,2024-10-23 20:00:00,1610612745,1610612766,Regular Season,0
22400069,2024-10-23 20:00:00,1610612740,1610612741,Regular Season,1
22400064,2024-10-23 19:30:00,1610612737,1610612751,Regular Season,1
22400065,2024-10-23 19:30:00,1610612748,1610612753,Regular Season,0
22400066,2024-10-23 19:30:00,1610612755,1610612749,Regular Season,0
22400067,2024-10-23 19:30:00,1610612761,1610612739,Regular Season,0
22400063,2024-10-23 19:00:00,1610612765,1610612754,Regular Season,0
22400062,2024-10-22 22:00:00,1610612747,1610612750,Regular Season,1
22400061,2024-10-22 19:30:00,1610612738,1610612752,Regular Season,1
12400074,2024-10-18 22:30:00,1610612744,1610612747,Preseason,1
12400073,2024-10-18 22:00:00,1610612757,1610612762,Preseason,1
12400070,2024-10-18 20:00:00,1610612741,1610612739,Preseason,1
12400071,2024-10-18 20:00:00,1610612763,1610612748,Preseason,0
12400069,2024-10-18 19:30:00,1610612751,1610612761,Preseason,0
12400067,2024-10-18 19:00:00,1610612753,1610612755,Preseason,1
12400068,2024-10-18 19:00:00,1610612764,1610612752,Preseason,1
12400066,2024-10-17 22:30:00,1610612746,1610612758,Preseason,1
12400065,2024-10-17 22:00:00,1610612756,1610612747,Preseason,0
12400063,2024-10-17 20:00:00,1610612745,1610612759,Preseason,1
12400064,2024-10-17 20:00:00,1610612760,1610612737,Preseason,1
12400072,2024-10-17 20:00:00,1610612750,1610612743,Preseason,0
12400062,2024-10-17 19:30:00,1610612742,1610612749,Preseason,1
12400061,2024-10-17 19:00:00,1610612754,1610612766,Preseason,1
12400059,2024-10-16 20:00:00,1610612741,1610612750,Preseason,1
12400025,2024-10-16 19:30:00,1610612748,1610612737,Preseason,1
12400057,2024-10-16 19:00:00,1610612765,1610612739,Preseason,1
12400058,2024-10-16 19:00:00,1610612755,1610612751,Preseason,1
12400056,2024-10-15 22:00:00,1610612747,1610612744,Preseason,0
12400054,2024-10-15 21:00:00,1610612743,1610612760,Preseason,0
12400055,2024-10-15 21:00:00,1610612762,1610612758,Preseason,1
12400053,2024-10-15 20:00:00,1610612745,1610612740,Preseason,1
12400051,2024-10-15 19:30:00,1610612748,1610612759,Preseason,1
12400052,2024-10-15 19:30:00,1610612752,1610612766,Preseason,1
12400050,2024-10-15 19:00:00,1610612761,1610612738,Preseason,1
12400049,2024-10-14 22:30:00,1610612746,1610612742,Preseason,1
12400048,2024-10-14 20:00:00,1610612749,1610612741,Preseason,1
12400046,2024-10-14 19:30:00,1610612737,1610612755,Preseason,0
12400047,2024-10-14 19:30:00,1610612751,1610612764,Preseason,1
12400045,2024-10-14 19:00:00,1610612754,1610612763,Preseason,0
12400043,2024-10-13 20:30:00,1610612743,1610612756,Preseason,0
12400044,2024-10-13 20:30:00,1610612744,1610612765,Preseason,1
12400042,2024-10-13 19:00:00,1610612738,1610612761,Preseason,1
12400040,2024-10-13 18:00:00,1610612752,1610612750,Preseason,1
12400041,2024-10-13 18:00:00,1610612758,1610612757,Preseason,0
12400039,2024-10-13 15:30:00,1610612748,1610612740,Preseason,1
12400036,2024-10-12 20:00:00,1610612738,1610612755,Preseason,1
12400037,2024-10-12 20:00:00,1610612741,1610612763,Preseason,0
12400038,2024-10-12 20:00:00,1610612759,1610612762,Preseason,1
12400035,2024-10-11 22:30:00,1610612746,1610612757,Preseason,1
12400033,2024-10-11 22:00:00,1610612744,1610612758,Preseason,1
12400034,2024-10-11 22:00:00,1610612756,1610612765,Preseason,0
12400031,2024-10-11 19:00:00,1610612764,1610612761,Preseason,1
12400032,2024-10-11 19:00:00,1610612750,1610612755,Preseason,1
12400026,2024-10-10 20:00:00,1610612742,1610612762,Preseason,0
12400027,2024-10-10 20:00:00,1610612763,1610612766,Preseason,0
12400028,2024-10-10 20:00:00,1610612749,1610612747,Preseason,0
12400024,2024-10-10 19:00:00,1610612739,1610612754,Preseason,0
12400023,2024-10-09 22:30:00,1610612758,1610612744,Preseason,0
12400021,2024-10-09 20:00:00,1610612760,1610612745,Preseason,0
12400022,2024-10-09 20:00:00,1610612759,1610612753,Preseason,1
12400020,2024-10-09 19:30:00,1610612752,1610612764,Preseason,1
12400019,2024-10-08 22:30:00,1610612746,1610612751,Preseason,1
12400018,2024-10-08 19:30:00,1610612737,1610612754,Preseason,1
12400015,2024-10-08 19:00:00,1610612766,1610612748,Preseason,1
12400016,2024-10-08 19:00:00,1610612739,1610612741,Preseason,0
12400017,2024-10-08 19:00:00,1610612765,1610612756,Preseason,0
12400014,2024-10-07 21:00:00,1610612762,1610612745,Preseason,1
12400012,2024-10-07 20:00:00,1610612742,1610612763,Preseason,0
12400013,2024-10-07 20:00:00,1610612759,1610612760,Preseason,0
12400010,2024-10-07 13:30:00,1610612740,1610612753,Preseason,1
12400009,2024-10-06 21:30:00,1610612747,1610612756,Preseason,0
12400008,2024-10-06 20:00:00,1610612765,1610612749,Preseason,1
12400007,2024-10-06 19:30:00,1610612761,1610612764,Preseason,1
12400006,2024-10-06 17:00:00,1610612766,1610612752,Preseason,0
12400005,2024-10-06 10:00:00,1610612738,1610612743,Preseason,1
12400004,2024-10-05 19:00:00,1610612746,1610612744,Preseason,0
12400003,2024-10-04 22:30:00,1610612747,1610612750,Preseason,0
12400001,2024-10-04 12:00:00,1610612743,1610612738,Preseason,0
42300405,2024-06-17 20:30:00,1610612738,1610612742,Playoffs,1
42300404,2024-06-14 20:30:00,1610612742,1610612738,Playoffs,1
42300403,2024-06-12 20:30:00,1610612742,1610612738,Playoffs,0
42300402,2024-06-09 20:00:00,1610612738,1610612742,Playoffs,1
42300401,2024-06-06 20:30:00,1610612738,1610612742,Playoffs,1
42300315,2024-05-30 20:30:00,1610612750,1610612742,Playoffs,0
42300314,2024-05-28 20:30:00,1610612742,1610612750,Playoffs,0
42300304,2024-05-27 20:00:00,1610612754,1610612738,Playoffs,0
42300313,2024-05-26 20:00:00,1610612742,1610612750,Playoffs,1
42300303,2024-05-25 20:30:00,1610612754,1610612738,Playoffs,0
42300312,2024-05-24 20:30:00,1610612750,1610612742,Playoffs,0
42300302,2024-05-23 20:00:00,1610612738,1610612754,Playoffs,1
42300311,2024-05-22 20:30:00,1610612750,1610612742,Playoffs,0
42300301,2024-05-21 20:00:00,1610612738,1610612754,Playoffs,1
42300237,2024-05-19 20:00:00,1610612743,1610612750,Playoffs,0
42300217,2024-05-19 15:30:00,1610612752,1610612754,Playoffs,0
42300226,2024-05-18 20:00:00,1610612742,1610612760,Playoffs,1
42300216,2024-05-17 20:30:00,1610612754,1610612752,Playoffs,1
42300236,2024-05-16 20:30:00,1610612750,1610612743,Playoffs,1
42300225,2024-05-15 21:30:00,1610612760,1610612742,Playoffs,0
42300205,2024-05-15 19:00:00,1610612738,1610612739,Playoffs,1
42300235,2024-05-14 22:30:00,1610612743,1610612750,Playoffs,1
42300215,2024-05-14 20:00:00,1610612752,1610612754,Playoffs,1
42300224,2024-05-13 21:30:00,1610612742,1610612760,Playoffs,0
42300204,2024-05-13 19:00:00,1610612739,1610612738,Playoffs,0
42300234,2024-05-12 20:00:00,1610612750,1610612743,Playoffs,0
42300214,2024-05-12 15:30:00,1610612754,1610612752,Playoffs,1
42300203,2024-05-11 20:30:00,1610612739,1610612738,Playoffs,0
42300223,2024-05-11 15:30:00,1610612742,1610612760,Playoffs,1
42300233,2024-05-10 21:30:00,1610612750,1610612743,Playoffs,0
42300213,2024-05-10 19:00:00,1610612754,1610612752,Playoffs,1
42300222,2024-05-09 21:30:00,1610612760,1610612742,Playoffs,0
42300202,2024-05-09 19:00:00,1610612738,1610612739,Playoffs,0
42300212,2024-05-08 20:00:00,1610612752,1610612754,Playoffs,1
42300221,2024-05-07 21:30:00,1610612760,1610612742,Playoffs,1
42300201,2024-05-07 19:00:00,1610612738,1610612739,Playoffs,1
42300232,2024-05-06 22:00:00,1610612743,1610612750,Playoffs,0
42300211,2024-05-06 19:30:00,1610612752,1610612754,Playoffs,1
42300137,2024-05-05 13:00:00,1610612739,1610612753,Playoffs,1
42300231,2024-05-04 19:00:00,1610612743,1610612750,Playoffs,0
42300176,2024-05-03 21:30:00,1610612742,1610612746,Playoffs,1
42300136,2024-05-03 19:00:00,1610612753,1610612739,Playoffs,1
42300116,2024-05-02 21:00:00,1610612755,1610612752,Playoffs,0
42300126,2024-05-02 18:30:00,1610612754,1610612749,Playoffs,1
42300175,2024-05-01 22:00:00,1610612746,1610612742,Playoffs,0
42300105,2024-05-01 19:30:00,1610612738,1610612748,Playoffs,1
42300125,2024-04-30 21:30:00,1610612749,1610612754,Playoffs,1
42300135,2024-04-30 20:00:00,1610612739,1610612753,Playoffs,1
42300115,2024-04-30 19:00:00,1610612752,1610612755,Playoffs,0
42300155,2024-04-29 22:00:00,1610612743,1610612747,Playoffs,1
42300144,2024-04-29 20:30:00,1610612740,1610612760,Playoffs,0
42300104,2024-04-29 19:30:00,1610612748,1610612738,Playoffs,0
42300164,2024-04-28 21:30:00,1610612756,1610612750,Playoffs,0
42300124,2024-04-28 19:00:00,1610612754,1610612749,Playoffs,1
42300174,2024-04-28 15:30:00,1610612742,1610612746,Playoffs,0
42300114,2024-04-28 13:00:00,1610612755,1610612752,Playoffs,0
42300154,2024-04-27 20:30:00,1610612747,1610612743,Playoffs,1
42300103,2024-04-27 18:00:00,1610612748,1610612738,Playoffs,0
42300143,2024-04-27 15:30:00,1610612740,1610612760,Playoffs,0
42300134,2024-04-27 13:00:00,1610612753,1610612739,Playoffs,1
42300163,2024-04-26 22:30:00,1610612756,1610612750,Playoffs,0
42300173,2024-04-26 20:00:00,1610612742,1610612746,Playoffs,1
42300123,2024-04-26 17:30:00,1610612754,1610612749,Playoffs,1
42300153,2024-04-25 22:00:00,1610612747,1610612743,Playoffs,0
42300113,2024-04-25 19:30:00,1610612755,1610612752,Playoffs,1
42300133,2024-04-25 19:00:00,1610612753,1610612739,Playoffs,1
42300142,2024-04-24 21:30:00,1610612760,1610612740,Playoffs,1
42300102,2024-04-24 19:00:00,1610612738,1610612748,Playoffs,0
42300172,2024-04-23 22:00:00,1610612746,1610612742,Playoffs,0
42300122,2024-04-23 20:30:00,1610612749,1610612754,Playoffs,0
42300162,2024-04-23 19:30:00,1610612750,1610612756,Playoffs,1
42300152,2024-04-22 22:00:00,1610612743,1610612747,Playoffs,1
42300112,2024-04-22 19:30:00,1610612752,1610612755,Playoffs,1
42300132,2024-04-22 19:00:00,1610612739,1610612753,Playoffs,1
42300141,2024-04-21 21:30:00,1610612760,1610612740,Playoffs,1
42300121,2024-04-21 19:00:00,1610612749,1610612754,Playoffs,1
42300171,2024-04-21 15:30:00,1610612746,1610612742,Playoffs,1
42300101,2024-04-21 13:00:00,1610612738,1610612748,Playoffs,1
42300151,2024-04-20 20:30:00,1610612743,1610612747,Playoffs,1
42300111,2024-04-20 18:00:00,1610612752,1610612755,Playoffs,1
42300161,2024-04-20 15:30:00,1610612750,1610612756,Playoffs,1
42300131,2024-04-20 13:00:00,1610612739,1610612753,Playoffs,1
52300211,2024-04-19 21:30:00,1610612740,1610612758,Play-in Tournament,1
52300201,2024-04-19 19:00:00,1610612748,1610612741,Play-in Tournament,1
52300111,2024-04-17 21:30:00,1610612741,1610612737,Play-in Tournament,1
52300101,2024-04-17 19:00:00,1610612755,1610612748,Play-in Tournament,1
52300131,2024-04-16 22:00:00,1610612758,1610612744,Play-in Tournament,1
52300121,2024-04-16 19:30:00,1610612740,1610612747,Play-in Tournament,0
22301193,2024-04-14 15:30:00,1610612763,1610612743,Regular Season,0
22301194,2024-04-14 15:30:00,1610612750,1610612756,Regular Season,0
22301195,2024-04-14 15:30:00,1610612740,1610612747,Regular Season,0
22301196,2024-04-14 15:30:00,1610612760,1610612742,Regular Season,1
22301197,2024-04-14 15:30:00,1610612759,1610612765,Regular Season,1
22301198,2024-04-14 15:30:00,1610612744,1610612762,Regular Season,1
22301199,2024-04-14 15:30:00,1610612746,1610612745,Regular Season,0
22301200,2024-04-14 15:30:00,1610612758,1610612757,Regular Season,1
22301186,2024-04-14 13:00:00,1610612738,1610612764,Regular Season,1
22301187,2024-04-14 13:00:00,1610612739,1610612766,Regular Season,0
22301188,2024-04-14 13:00:00,1610612754,1610612737,Regular Season,1
22301189,2024-04-14 13:00:00,1610612748,1610612761,Regular Season,1
22301190,2024-04-14 13:00:00,1610612752,1610612741,Regular Season,1
22301191,2024-04-14 13:00:00,1610612753,1610612749,Regular Season,1
22301192,2024-04-14 13:00:00,1610612755,1610612751,Regular Season,1
22301184,2024-04-12 22:30:00,1610612746,1610612762,Regular Season,0
22301185,2024-04-12 22:30:00,1610612758,1610612756,Regular Season,0
22301182,2024-04-12 22:00:00,1610612744,1610612740,Regular Season,0
22301183,2024-04-12 22:00:00,1610612757,1610612745,Regular Season,0
22301181,2024-04-12 20:30:00,1610612742,1610612765,Regular Season,0
22301176,2024-04-12 20:00:00,1610612748,1610612761,Regular Season,1
22301177,2024-04-12 20:00:00,1610612763,1610612747,Regular Season,0
22301178,2024-04-12 20:00:00,1610612750,1610612737,Regular Season,1
22301179,2024-04-12 20:00:00,1610612760,1610612749,Regular Season,1
22301180,2024-04-12 20:00:00,1610612759,1610612743,Regular Season,1
22301173,2024-04-12 19:30:00,1610612738,1610612766,Regular Season,1
22301174,2024-04-12 19:30:00,1610612739,1610612754,Regular Season,1
22301175,2024-04-12 19:30:00,1610612752,1610612751,Regular Season,1
22301171,2024-04-12 19:00:00,1610612755,1610612753,Regular Season,1
22301172,2024-04-12 19:00:00,1610612764,1610612741,Regular Season,0
22301169,2024-04-11 22:00:00,1610612757,1610612744,Regular Season,0
22301170,2024-04-11 22:00:00,1610612758,1610612740,Regular Season,0
22301168,2024-04-11 21:00:00,1610612762,1610612745,Regular Season,1
22301167,2024-04-11 19:30:00,1610612738,1610612752,Regular Season,0
22301166,2024-04-11 19:00:00,1610612765,1610612741,Regular Season,0
22301165,2024-04-10 22:30:00,1610612746,1610612756,Regular Season,0
22301164,2024-04-10 22:00:00,1610612743,1610612750,Regular Season,1
22301162,2024-04-10 20:00:00,1610612749,1610612753,Regular Season,1
22301163,2024-04-10 20:00:00,1610612760,1610612759,Regular Season,1
22301159,2024-04-10 19:30:00,1610612737,1610612766,Regular Season,0
22301160,2024-04-10 19:30:00,1610612751,1610612761,Regular Season,1
22301161,2024-04-10 19:30:00,1610612748,1610612742,Regular Season,0
22301158,2024-04-10 19:00:00,1610612739,1610612763,Regular Season,1
22301155,2024-04-09 22:00:00,1610612747,1610612744,Regular Season,0
22301156,2024-04-09 22:00:00,1610612756,1610612746,Regular Season,0
22301157,2024-04-09 22:00:00,1610612757,1610612740,Regular Season,0
22301154,2024-04-09 21:00:00,1610612762,1610612743,Regular Season,0
22301149,2024-04-09 20:00:00,1610612741,1610612752,Regular Season,0
22301150,2024-04-09 20:00:00,1610612745,1610612753,Regular Season,1
22301151,2024-04-09 20:00:00,1610612763,1610612759,Regular Season,0
22301152,2024-04-09 20:00:00,1610612750,1610612764,Regular Season,1
22301153,2024-04-09 20:00:00,1610612760,1610612758,Regular Season,1
22301147,2024-04-09 19:30:00,1610612737,1610612748,Regular Season,0
22301148,2024-04-09 19:30:00,1610612749,1610612738,Regular Season,1
22301144,2024-04-09 19:00:00,1610612766,1610612742,Regular Season,0
22301145,2024-04-09 19:00:00,1610612755,1610612765,Regular Season,1
22301146,2024-04-09 19:00:00,1610612761,1610612754,Regular Season,0
22301143,2024-04-07 22:00:00,1610612747,1610612750,Regular Season,0
22301142,2024-04-07 20:30:00,1610612744,1610612762,Regular Season,1
22301141,2024-04-07 19:30:00,1610612751,1610612758,Regular Season,0
22301139,2024-04-07 19:00:00,1610612749,1610612752,Regular Season,0
22301140,2024-04-07 19:00:00,1610612759,1610612755,Regular Season,0
22301134,2024-04-07 18:00:00,1610612738,1610612757,Regular Season,1
22301135,2024-04-07 18:00:00,1610612766,1610612760,Regular Season,0
22301136,2024-04-07 18:00:00,1610612753,1610612741,Regular Season,1
22301137,2024-04-07 18:00:00,1610612761,1610612764,Regular Season,1
22301138,2024-04-07 18:00:00,1610612756,1610612740,Regular Season,0
22301133,2024-04-07 17:00:00,1610612754,1610612748,Regular Season,1
22301131,2024-04-07 15:30:00,1610612742,1610612745,Regular Season,1
22301132,2024-04-07 15:30:00,1610612746,1610612739,Regular Season,1
22301130,2024-04-06 21:00:00,1610612743,1610612737,Regular Season,1
22301129,2024-04-06 20:00:00,1610612763,1610612755,Regular Season,0
22301128,2024-04-06 19:00:00,1610612751,1610612765,Regular Season,1
22301127,2024-04-06 15:30:00,1610612747,1610612739,Regular Season,1
22301126,2024-04-05 22:30:00,1610612746,1610612762,Regular Season,1
22301125,2024-04-05 22:00:00,1610612756,1610612750,Regular Season,1
22301097,2024-04-05 20:30:00,1610612742,1610612744,Regular Season,1
22301119,2024-04-05 20:00:00,1610612741,1610612752,Regular Season,1
22301120,2024-04-05 20:00:00,1610612745,1610612748,Regular Season,0
22301121,2024-04-05 20:00:00,1610612763,1610612765,Regular Season,1
22301122,2024-04-05 20:00:00,1610612749,1610612761,Regular Season,0
22301123,2024-04-05 20:00:00,1610612740,1610612759,Regular Season,0
22301118,2024-04-05 19:30:00,1610612738,1610612758,Regular Season,1
22301115,2024-04-05 19:00:00,1610612766,1610612753,Regular Season,1
22301116,2024-04-05 19:00:00,1610612754,1610612760,Regular Season,1
22301117,2024-04-05 19:00:00,1610612764,1610612757,Regular Season,0
22301114,2024-04-04 22:00:00,1610612746,1610612743,Regular Season,1
22301113,2024-04-04 20:00:00,1610612745,1610612744,Regular Season,0
22301111,2024-04-04 19:30:00,1610612748,1610612755,Regular Season,0
22301112,2024-04-04 19:30:00,1610612752,1610612758,Regular Season,1
22301124,2024-04-04 19:30:00,1610612742,1610612737,Regular Season,1
22301110,2024-04-03 22:00:00,1610612756,1610612739,Regular Season,1
22301107,2024-04-03 20:00:00,1610612749,1610612763,Regular Season,0
22301108,2024-04-03 20:00:00,1610612750,1610612761,Regular Season,1
22301109,2024-04-03 20:00:00,1610612740,1610612753,Regular Season,0
22301104,2024-04-03 19:30:00,1610612737,1610612765,Regular Season,1
22301105,2024-04-03 19:30:00,1610612738,1610612760,Regular Season,1
22301106,2024-04-03 19:30:00,1610612751,1610612754,Regular Season,1
22301102,2024-04-03 19:00:00,1610612766,1610612757,Regular Season,0
22301103,2024-04-03 19:00:00,1610612764,1610612747,Regular Season,0
22300589,2024-04-02 22:00:00,1610612744,1610612742,Regular Season,1
22301101,2024-04-02 22:00:00,1610612758,1610612746,Regular Season,1
22301099,2024-04-02 21:00:00,1610612743,1610612759,Regular Season,1
22301100,2024-04-02 21:00:00,1610612762,1610612739,Regular Season,0
22301098,2024-04-02 20:00:00,1610612750,1610612745,Regular Season,1
22301093,2024-04-02 19:30:00,1610612755,1610612760,Regular Season,1
22301096,2024-04-02 19:30:00,1610612748,1610612752,Regular Season,1
22301094,2024-04-02 19:00:00,1610612761,1610612747,Regular Season,0
22301095,2024-04-02 19:00:00,1610612764,1610612749,Regular Season,1
22301091,2024-04-01 20:00:00,1610612741,1610612737,Regular Season,0
22301092,2024-04-01 20:00:00,1610612740,1610612756,Regular Season,0
22301087,2024-04-01 19:00:00,1610612766,1610612738,Regular Season,0
22301088,2024-04-01 19:00:00,1610612765,1610612763,Regular Season,0
22301089,2024-04-01 19:00:00,1610612754,1610612751,Regular Season,1
22301090,2024-04-01 19:00:00,1610612753,1610612757,Regular Season,1
22301086,2024-03-31 21:00:00,1610612758,1610612762,Regular Season,1
22301082,2024-03-31 19:00:00,1610612752,1610612760,Regular Season,0
22301083,2024-03-31 19:00:00,1610612745,1610612742,Regular Season,0
22301084,2024-03-31 19:00:00,1610612750,1610612741,Regular Season,0
22301085,2024-03-31 19:00:00,1610612759,1610612744,Regular Season,0
22301078,2024-03-31 18:00:00,1610612751,1610612747,Regular Season,0
22301079,2024-03-31 18:00:00,1610612766,1610612746,Regular Season,0
22301080,2024-03-31 18:00:00,1610612761,1610612755,Regular Season,0
22301081,2024-03-31 18:00:00,1610612764,1610612748,Regular Season,0
22301077,2024-03-31 15:30:00,1610612743,1610612739,Regular Season,1
22301076,2024-03-30 19:30:00,1610612737,1610612749,Regular Season,0
22301075,2024-03-30 19:00:00,1610612753,1610612763,Regular Season,1
22301074,2024-03-30 17:00:00,1610612740,1610612738,Regular Season,0
22301073,2024-03-29 22:00:00,1610612758,1610612742,Regular Season,0
22301072,2024-03-29 21:30:00,1610612762,1610612745,Regular Season,0
22301071,2024-03-29 21:00:00,1610612743,1610612750,Regular Season,0
22301068,2024-03-29 20:00:00,1610612748,1610612757,Regular Season,1
22301069,2024-03-29 20:00:00,1610612760,1610612756,Regular Season,1
22301070,2024-03-29 20:00:00,1610612759,1610612752,Regular Season,1
22301066,2024-03-29 19:30:00,1610612751,1610612741,Regular Season,1
22301067,2024-03-29 19:30:00,1610612739,1610612755,Regular Season,1
22301062,2024-03-29 19:00:00,1610612766,1610612744,Regular Season,0
22301063,2024-03-29 19:00:00,1610612754,1610612747,Regular Season,1
22301064,2024-03-29 19:00:00,1610612753,1610612746,Regular Season,0
22301065,2024-03-29 19:00:00,1610612764,1610612765,Regular Season,0
22301061,2024-03-28 20:00:00,1610612740,1610612749,Regular Season,1
22301060,2024-03-28 19:30:00,1610612737,1610612738,Regular Season,1
22301059,2024-03-27 22:00:00,1610612743,1610612756,Regular Season,0
22301058,2024-03-27 21:00:00,1610612762,1610612759,Regular Season,0
22301054,2024-03-27 20:00:00,1610612741,1610612754,Regular Season,1
22301055,2024-03-27 20:00:00,1610612763,1610612747,Regular Season,0
22301056,2024-03-27 20:00:00,1610612750,1610612765,Regular Season,1
22301057,2024-03-27 20:00:00,1610612760,1610612745,Regular Season,0
22301051,2024-03-27 19:30:00,1610612737,1610612757,Regular Season,1
22301052,2024-03-27 19:30:00,1610612755,1610612746,Regular Season,0
22301053,2024-03-27 19:30:00,1610612761,1610612752,Regular Season,0
22301048,2024-03-27 19:00:00,1610612766,1610612739,Regular Season,1
22301049,2024-03-27 19:00:00,1610612753,1610612744,Regular Season,0
22301050,2024-03-27 19:00:00,1610612764,1610612751,Regular Season,0
22301047,2024-03-26 22:00:00,1610612758,1610612742,Regular Season,0
22301046,2024-03-26 20:00:00,1610612740,1610612760,Regular Season,0
22301044,2024-03-26 19:30:00,1610612748,1610612744,Regular Season,0
22301045,2024-03-26 19:30:00,1610612749,1610612747,Regular Season,0
22301043,2024-03-25 22:30:00,1610612746,1610612754,Regular Season,0
22301042,2024-03-25 22:00:00,1610612758,1610612755,Regular Season,1
22301040,2024-03-25 21:00:00,1610612743,1610612763,Regular Season,1
22301041,2024-03-25 21:00:00,1610612762,1610612742,Regular Season,0
22301037,2024-03-25 20:00:00,1610612741,1610612764,Regular Season,0
22301038,2024-03-25 20:00:00,1610612745,1610612757,Regular Season,1
22301039,2024-03-25 20:00:00,1610612759,1610612756,Regular Season,1
22301034,2024-03-25 19:30:00,1610612737,1610612738,Regular Season,1
22301035,2024-03-25 19:30:00,1610612752,1610612765,Regular Season,1
22301036,2024-03-25 19:30:00,1610612761,1610612751,Regular Season,0
22301033,2024-03-25 19:00:00,1610612739,1610612766,Regular Season,1
22301032,2024-03-24 22:00:00,1610612747,1610612754,Regular Season,1
22301030,2024-03-24 19:00:00,1610612749,1610612760,Regular Season,1
22301031,2024-03-24 19:00:00,1610612750,1610612744,Regular Season,1
22301029,2024-03-24 18:00:00,1610612748,1610612739,Regular Season,1
22301028,2024-03-24 15:30:00,1610612746,1610612755,Regular Season,0
22301027,2024-03-24 15:00:00,1610612765,1610612740,Regular Season,0
22301026,2024-03-23 22:00:00,1610612757,1610612743,Regular Season,0
22301022,2024-03-23 20:00:00,1610612764,1610612761,Regular Season,1
22301023,2024-03-23 20:00:00,1610612741,1610612738,Regular Season,0
22301024,2024-03-23 20:00:00,1610612745,1610612762,Regular Season,1
22301025,2024-03-23 20:00:00,1610612759,1610612756,Regular Season,0
22301021,2024-03-23 19:30:00,1610612737,1610612766,Regular Season,1
22301020,2024-03-23 19:00:00,1610612753,1610612758,Regular Season,0
22301019,2024-03-23 13:00:00,1610612752,1610612751,Regular Season,1
22301018,2024-03-22 22:30:00,1610612747,1610612755,Regular Season,1
22301016,2024-03-22 22:00:00,1610612744,1610612754,Regular Season,0
22301017,2024-03-22 22:00:00,1610612757,1610612746,Regular Season,0
22301013,2024-03-22 20:00:00,1610612748,1610612740,Regular Season,0
22301014,2024-03-22 20:00:00,1610612750,1610612739,Regular Season,1
22301015,2024-03-22 20:00:00,1610612759,1610612763,Regular Season,0
22301011,2024-03-22 19:00:00,1610612765,1610612738,Regular Season,0
22301012,2024-03-22 19:00:00,1610612761,1610612760,Regular Season,0
22301010,2024-03-21 22:30:00,1610612756,1610612737,Regular Season,1
22301009,2024-03-21 21:00:00,1610612743,1610612752,Regular Season,1
22301008,2024-03-21 20:30:00,1610612742,1610612762,Regular Season,1
22301006,2024-03-21 20:00:00,1610612745,1610612741,Regular Season,1
22301007,2024-03-21 20:00:00,1610612749,1610612751,Regular Season,1
22301004,2024-03-21 19:00:00,1610612753,1610612740,Regular Season,1
22301005,2024-03-21 19:00:00,1610612764,1610612758,Regular Season,1
22301001,2024-03-20 22:00:00,1610612744,1610612763,Regular Season,1
22301002,2024-03-20 22:00:00,1610612756,1610612755,Regular Season,1
22301003,2024-03-20 22:00:00,1610612757,1610612746,Regular Season,0
22301000,2024-03-20 20:00:00,1610612760,1610612762,Regular Season,1
22300998,2024-03-20 19:30:00,1610612738,1610612749,Regular Season,1
22300999,2024-03-20 19:30:00,1610612761,1610612758,Regular Season,0
22300996,2024-03-20 19:00:00,1610612739,1610612748,Regular Season,0
22300997,2024-03-20 19:00:00,1610612765,1610612754,Regular Season,0
22300995,2024-03-19 21:00:00,1610612750,1610612743,Regular Season,0
22300994,2024-03-19 20:00:00,1610612759,1610612742,Regular Season,0
22300993,2024-03-19 19:30:00,1610612751,1610612740,Regular Season,0
22300991,2024-03-19 19:00:00,1610612753,1610612766,Regular Season,1
22300992,2024-03-19 19:00:00,1610612764,1610612745,Regular Season,0
22300990,2024-03-18 22:30:00,1610612747,1610612737,Regular Season,1
22300988,2024-03-18 22:00:00,1610612744,1610612752,Regular Season,0
22300989,2024-03-18 22:00:00,1610612758,1610612763,Regular Season,1
22300987,2024-03-18 21:00:00,1610612762,1610612750,Regular Season,0
22300986,2024-03-18 20:00:00,1610612741,1610612757,Regular Season,1
22300984,2024-03-18 19:30:00,1610612738,1610612765,Regular Season,1
22300985,2024-03-18 19:30:00,1610612755,1610612748,Regular Season,1
22300983,2024-03-18 19:00:00,1610612754,1610612739,Regular Season,0
22300982,2024-03-17 21:30:00,1610612746,1610612737,Regular Season,0
22300981,2024-03-17 19:00:00,1610612759,1610612751,Regular Season,1
22300979,2024-03-17 18:00:00,1610612753,1610612761,Regular Season,1
22300980,2024-03-17 18:00:00,1610612764,1610612738,Regular Season,0
22300978,2024-03-17 15:30:00,1610612742,1610612743,Regular Season,1
22300977,2024-03-17 15:00:00,1610612765,1610612748,Regular Season,0
22300976,2024-03-17 13:00:00,1610612749,1610612756,Regular Season,1
22300975,2024-03-16 22:00:00,1610612758,1610612752,Regular Season,0
22300974,2024-03-16 21:30:00,1610612762,1610612750,Regular Season,0
22300973,2024-03-16 20:30:00,1610612747,1610612744,Regular Season,0
22300971,2024-03-16 20:00:00,1610612741,1610612764,Regular Season,1
22300972,2024-03-16 20:00:00,1610612763,1610612760,Regular Season,0
22300968,2024-03-16 19:00:00,1610612754,1610612751,Regular Season,1
22300969,2024-03-16 19:00:00,1610612755,1610612766,Regular Season,1
22300970,2024-03-16 19:00:00,1610612740,1610612757,Regular Season,1
22300967,2024-03-16 17:00:00,1610612745,1610612739,Regular Season,1
22300966,2024-03-15 21:30:00,1610612762,1610612737,Regular Season,1
22300965,2024-03-15 20:30:00,1610612759,1610612743,Regular Season,0
22300964,2024-03-15 20:00:00,1610612740,1610612746,Regular Season,1
22300963,2024-03-15 19:30:00,1610612761,1610612753,Regular Season,0
22300961,2024-03-15 19:00:00,1610612766,1610612756,Regular Season,0
22300962,2024-03-15 19:00:00,1610612765,1610612748,Regular Season,0
22300959,2024-03-14 22:00:00,1610612760,1610612742,Regular Season,1
22300960,2024-03-14 22:00:00,1610612757,1610612752,Regular Season,0
22300956,2024-03-14 20:00:00,1610612741,1610612746,Regular Season,0
22300957,2024-03-14 20:00:00,1610612745,1610612764,Regular Season,1
22300958,2024-03-14 20:00:00,1610612749,1610612755,Regular Season,1
22300955,2024-03-14 19:30:00,1610612738,1610612756,Regular Season,1
22300953,2024-03-13 22:00:00,1610612757,1610612737,Regular Season,1
22300954,2024-03-13 22:00:00,1610612758,1610612747,Regular Season,1
22300952,2024-03-13 20:30:00,1610612742,1610612744,Regular Season,1
22300950,2024-03-13 20:00:00,1610612763,1610612766,Regular Season,0
22300951,2024-03-13 20:00:00,1610612740,1610612739,Regular Season,0
22300948,2024-03-13 19:30:00,1610612754,1610612741,Regular Season,0
22300949,2024-03-13 19:30:00,1610612748,1610612743,Regular Season,0
22300946,2024-03-13 19:00:00,1610612765,1610612761,Regular Season,1
22300947,2024-03-13 19:00:00,1610612753,1610612751,Regular Season,1
22300944,2024-03-12 22:00:00,1610612746,1610612750,Regular Season,0
22300945,2024-03-12 22:00:00,1610612758,1610612749,Regular Season,1
22300943,2024-03-12 21:00:00,1610612762,1610612738,Regular Season,0
22300942,2024-03-12 20:30:00,1610612759,1610612745,Regular Season,0
22300940,2024-03-12 20:00:00,1610612763,1610612764,Regular Season,1
22300941,2024-03-12 20:00:00,1610612760,1610612754,Regular Season,0
22300939,2024-03-12 19:30:00,1610612752,1610612755,Regular Season,1
22300938,2024-03-11 22:30:00,1610612757,1610612738,Regular Season,0
22300937,2024-03-11 21:00:00,1610612743,1610612761,Regular Season,1
22300935,2024-03-11 20:00:00,1610612741,1610612742,Regular Season,0
22300936,2024-03-11 20:00:00,1610612759,1610612744,Regular Season,0
22300934,2024-03-11 19:30:00,1610612739,1610612756,Regular Season,0
22300933,2024-03-11 19:00:00,1610612765,1610612766,Regular Season,1
22300932,2024-03-10 21:30:00,1610612747,1610612750,Regular Season,1
22300927,2024-03-10 19:00:00,1610612752,1610612755,Regular Season,0
22300930,2024-03-10 19:00:00,1610612739,1610612751,Regular Season,0
22300931,2024-03-10 19:00:00,1610612760,1610612763,Regular Season,1
22300925,2024-03-10 18:00:00,1610612737,1610612740,Regular Season,0
22300926,2024-03-10 18:00:00,1610612748,1610612764,Regular Season,0
22300928,2024-03-10 18:00:00,1610612753,1610612754,Regular Season,0
22300929,2024-03-10 18:00:00,1610612758,1610612745,Regular Season,0
22300924,2024-03-10 15:00:00,1610612746,1610612749,Regular Season,0
22300923,2024-03-09 22:00:00,1610612757,1610612761,Regular Season,1
22300922,2024-03-09 21:00:00,1610612743,1610612762,Regular Season,1
22300920,2024-03-09 20:30:00,1610612756,1610612738,Regular Season,0
22300921,2024-03-09 20:30:00,1610612744,1610612759,Regular Season,0
22300918,2024-03-09 19:00:00,1610612766,1610612751,Regular Season,1
22300919,2024-03-09 19:00:00,1610612765,1610612742,Regular Season,0
22300917,2024-03-09 16:00:00,1610612746,1610612741,Regular Season,1
22300915,2024-03-08 22:00:00,1610612747,1610612749,Regular Season,1
22300916,2024-03-08 22:00:00,1610612757,1610612745,Regular Season,0
22300913,2024-03-08 20:00:00,1610612763,1610612737,Regular Season,0
22300914,2024-03-08 20:00:00,1610612760,1610612748,Regular Season,1
22300911,2024-03-08 19:30:00,1610612739,1610612750,Regular Season,1
22300912,2024-03-08 19:30:00,1610612752,1610612753,Regular Season,1
22300909,2024-03-08 19:00:00,1610612755,1610612740,Regular Season,0
22300910,2024-03-08 19:00:00,1610612764,1610612766,Regular Season,1
22300906,2024-03-07 22:00:00,1610612743,1610612738,Regular Season,1
22300907,2024-03-07 22:00:00,1610612744,1610612741,Regular Season,0
22300908,2024-03-07 22:00:00,1610612758,1610612759,Regular Season,1
22300905,2024-03-07 21:00:00,1610612756,1610612761,Regular Season,1
22300904,2024-03-07 19:30:00,1610612742,1610612748,Regular Season,1
22300902,2024-03-07 19:00:00,1610612765,1610612751,Regular Season,1
22300903,2024-03-07 19:00:00,1610612754,1610612750,Regular Season,0
22300901,2024-03-06 22:30:00,1610612747,1610612758,Regular Season,0
22300899,2024-03-06 22:00:00,1610612744,1610612749,Regular Season,1
22300900,2024-03-06 22:00:00,1610612757,1610612760,Regular Season,0
22300898,2024-03-06 21:00:00,1610612762,1610612741,Regular Season,0
22300895,2024-03-06 19:30:00,1610612737,1610612739,Regular Season,1
22300896,2024-03-06 19:30:00,1610612755,1610612763,Regular Season,0
22300897,2024-03-06 19:30:00,1610612745,1610612746,Regular Season,0
22300894,2024-03-06 19:00:00,1610612764,1610612753,Regular Season,0
22300893,2024-03-05 22:00:00,1610612743,1610612756,Regular Season,0
22300892,2024-03-05 20:30:00,1610612742,1610612754,Regular Season,0
22300891,2024-03-05 20:00:00,1610612745,1610612759,Regular Season,1
22300886,2024-03-05 19:30:00,1610612739,1610612738,Regular Season,1
22300887,2024-03-05 19:30:00,1610612751,1610612755,Regular Season,1
22300888,2024-03-05 19:30:00,1610612748,1610612765,Regular Season,1
22300889,2024-03-05 19:30:00,1610612752,1610612737,Regular Season,0
22300890,2024-03-05 19:30:00,1610612761,1610612740,Regular Season,0
22300885,2024-03-05 19:00:00,1610612766,1610612753,Regular Season,0
22300884,2024-03-04 22:30:00,1610612747,1610612760,Regular Season,1
22300883,2024-03-04 22:00:00,1610612758,1610612741,Regular Season,0
22300882,2024-03-04 21:00:00,1610612762,1610612764,Regular Season,1
22300880,2024-03-04 20:00:00,1610612749,1610612746,Regular Season,1
22300881,2024-03-04 20:00:00,1610612750,1610612757,Regular Season,1
22300879,2024-03-04 19:30:00,1610612751,1610612763,Regular Season,0
22300878,2024-03-03 21:30:00,1610612756,1610612760,Regular Season,0
22300876,2024-03-03 19:00:00,1610612739,1610612752,Regular Season,0
22300877,2024-03-03 19:00:00,1610612759,1610612754,Regular Season,1
22300874,2024-03-03 18:00:00,1610612753,1610612765,Regular Season,1
22300875,2024-03-03 18:00:00,1610612761,1610612766,Regular Season,1
22300872,2024-03-03 15:30:00,1610612738,1610612744,Regular Season,1
22300873,2024-03-03 15:30:00,1610612750,1610612746,Regular Season,0
22300871,2024-03-03 13:00:00,1610612742,1610612755,Regular Season,0
22300870,2024-03-02 21:00:00,1610612756,1610612745,Regular Season,0
22300869,2024-03-02 20:30:00,1610612747,1610612743,Regular Season,0
22300868,2024-03-02 20:00:00,1610612763,1610612757,Regular Season,0
22300867,2024-03-02 17:00:00,1610612748,1610612762,Regular Season,1
22300866,2024-03-02 15:00:00,1610612751,1610612737,Regular Season,1
22300865,2024-03-01 22:30:00,1610612746,1610612764,Regular Season,1
22300864,2024-03-01 22:00:00,1610612741,1610612749,Regular Season,0
22300861,2024-03-01 20:00:00,1610612763,1610612757,Regular Season,0
22300862,2024-03-01 20:00:00,1610612750,1610612758,Regular Season,0
22300863,2024-03-01 20:00:00,1610612740,1610612754,Regular Season,1
22300859,2024-03-01 19:30:00,1610612738,1610612742,Regular Season,1
22300860,2024-03-01 19:30:00,1610612761,1610612744,Regular Season,0
22300857,2024-03-01 19:00:00,1610612765,1610612739,Regular Season,0
22300858,2024-03-01 19:00:00,1610612755,1610612766,Regular Season,1
22300856,2024-02-29 22:30:00,1610612747,1610612764,Regular Season,1
22300855,2024-02-29 22:00:00,1610612743,1610612748,Regular Season,1
22300854,2024-02-29 21:00:00,1610612756,1610612745,Regular Season,1
22300853,2024-02-29 20:30:00,1610612759,1610612760,Regular Season,1
22300851,2024-02-29 19:30:00,1610612751,1610612737,Regular Season,1
22300852,2024-02-29 19:30:00,1610612752,1610612744,Regular Season,0
22300849,2024-02-29 19:00:00,1610612766,1610612749,Regular Season,0
22300850,2024-02-29 19:00:00,1610612753,1610612762,Regular Season,1
22300848,2024-02-28 22:00:00,1610612746,1610612747,Regular Season,0
22300847,2024-02-28 21:00:00,1610612743,1610612758,Regular Season,1
22300845,2024-02-28 20:00:00,1610612750,1610612763,Regular Season,1
22300846,2024-02-28 20:00:00,1610612741,1610612739,Regular Season,1
22300843,2024-02-28 19:30:00,1610612754,1610612740,Regular Season,1
22300844,2024-02-28 19:30:00,1610612761,1610612742,Regular Season,0
22300841,2024-02-27 22:00:00,1610612760,1610612745,Regular Season,1
22300842,2024-02-27 22:00:00,1610612757,1610612748,Regular Season,0
22300838,2024-02-27 20:00:00,1610612750,1610612759,Regular Season,1
22300839,2024-02-27 20:00:00,1610612741,1610612765,Regular Season,0
22300840,2024-02-27 20:00:00,1610612749,1610612766,Regular Season,1
22300835,2024-02-27 19:30:00,1610612737,1610612762,Regular Season,1
22300836,2024-02-27 19:30:00,1610612738,1610612755,Regular Season,1
22300837,2024-02-27 19:30:00,1610612752,1610612740,Regular Season,0
22300832,2024-02-27 19:00:00,1610612739,1610612742,Regular Season,1
22300833,2024-02-27 19:00:00,1610612753,1610612751,Regular Season,1
22300834,2024-02-27 19:00:00,1610612764,1610612744,Regular Season,0
22300831,2024-02-26 22:00:00,1610612758,1610612748,Regular Season,0
22300830,2024-02-26 20:00:00,1610612763,1610612751,Regular Season,0
22300828,2024-02-26 19:30:00,1610612752,1610612765,Regular Season,1
22300829,2024-02-26 19:00:00,1610612754,1610612761,Regular Season,0
22300827,2024-02-25 21:30:00,1610612746,1610612758,Regular Season,0
22300826,2024-02-25 21:00:00,1610612757,1610612766,Regular Season,0
22300825,2024-02-25 20:00:00,1610612762,1610612759,Regular Season,1
22300821,2024-02-25 19:00:00,1610612737,1610612753,Regular Season,1
22300822,2024-02-25 19:00:00,1610612745,1610612760,Regular Season,0
22300823,2024-02-25 19:00:00,1610612740,1610612741,Regular Season,0
22300824,2024-02-25 19:00:00,1610612744,1610612743,Regular Season,0
22300820,2024-02-25 18:00:00,1610612764,1610612739,Regular Season,0
22300819,2024-02-25 17:00:00,1610612754,1610612742,Regular Season,1
22300818,2024-02-25 15:30:00,1610612756,1610612747,Regular Season,1
22300817,2024-02-25 13:00:00,1610612755,1610612749,Regular Season,0
22300815,2024-02-24 21:00:00,1610612750,1610612751,Regular Season,1
22300816,2024-02-24 20:30:00,1610612752,1610612738,Regular Season,0
22300814,2024-02-24 20:00:00,1610612765,1610612753,Regular Season,0
22300813,2024-02-23 22:30:00,1610612747,1610612759,Regular Season,1
22300808,2024-02-23 22:00:00,1610612750,1610612749,Regular Season,0
22300811,2024-02-23 22:00:00,1610612744,1610612766,Regular Season,1
22300812,2024-02-23 22:00:00,1610612757,1610612743,Regular Season,0
22300806,2024-02-23 20:00:00,1610612745,1610612756,Regular Season,1
22300807,2024-02-23 20:00:00,1610612763,1610612746,Regular Season,0
22300809,2024-02-23 20:00:00,1610612760,1610612764,Regular Season,1
22300810,2024-02-23 20:00:00,1610612740,1610612748,Regular Season,0
22300804,2024-02-23 19:30:00,1610612737,1610612761,Regular Season,0
22300805,2024-02-23 19:30:00,1610612755,1610612739,Regular Season,1
22300802,2024-02-22 22:00:00,1610612744,1610612747,Regular Season,1
22300803,2024-02-22 22:00:00,1610612758,1610612759,Regular Season,1
22300800,2024-02-22 21:00:00,1610612743,1610612764,Regular Season,1
22300801,2024-02-22 21:00:00,1610612762,1610612766,Regular Season,0
22300797,2024-02-22 20:00:00,1610612741,1610612738,Regular Season,0
22300798,2024-02-22 20:00:00,1610612740,1610612745,Regular Season,1
22300799,2024-02-22 20:00:00,1610612760,1610612746,Regular Season,1
22300796,2024-02-22 19:30:00,1610612742,1610612756,Regular Season,1
22300792,2024-02-22 19:00:00,1610612739,1610612753,Regular Season,0
22300793,2024-02-22 19:00:00,1610612754,1610612765,Regular Season,1
22300794,2024-02-22 19:00:00,1610612755,1610612752,Regular Season,0
22300795,2024-02-22 19:00:00,1610612761,1610612751,Regular Season,1
22300791,2024-02-15 22:00:00,1610612757,1610612750,Regular Season,0
22300576,2024-02-15 21:00:00,1610612762,1610612744,Regular Season,0
22300790,2024-02-15 20:30:00,1610612763,1610612749,Regular Season,1
22300789,2024-02-14 22:00:00,1610612744,1610612746,Regular Season,0
22300786,2024-02-14 21:00:00,1610612743,1610612758,Regular Season,0
22300787,2024-02-14 21:00:00,1610612756,1610612765,Regular Season,1
22300788,2024-02-14 21:00:00,1610612762,1610612747,Regular Season,0
22300785,2024-02-14 20:30:00,1610612742,1610612759,Regular Season,1
22300783,2024-02-14 20:00:00,1610612763,1610612745,Regular Season,1
22300784,2024-02-14 20:00:00,1610612740,1610612764,Regular Season,1
22300780,2024-02-14 19:30:00,1610612738,1610612751,Regular Season,1
22300781,2024-02-14 19:30:00,1610612739,1610612741,Regular Season,1
22300782,2024-02-14 19:30:00,1610612761,1610612754,Regular Season,0
22300777,2024-02-14 19:00:00,1610612766,1610612737,Regular Season,1
22300778,2024-02-14 19:00:00,1610612753,1610612752,Regular Season,1
22300779,2024-02-14 19:00:00,1610612755,1610612748,Regular Season,0
22300776,2024-02-13 22:30:00,1610612747,1610612765,Regular Season,1
22300774,2024-02-13 22:00:00,1610612756,1610612758,Regular Season,1
22300775,2024-02-13 22:00:00,1610612757,1610612750,Regular Season,0
22300773,2024-02-13 20:00:00,1610612749,1610612748,Regular Season,0
22300771,2024-02-13 19:30:00,1610612751,1610612738,Regular Season,0
22300772,2024-02-13 19:30:00,1610612753,1610612760,Regular Season,0
22300770,2024-02-12 22:30:00,1610612746,1610612750,Regular Season,0
22300769,2024-02-12 21:00:00,1610612762,1610612744,Regular Season,0
22300768,2024-02-12 20:30:00,1610612742,1610612764,Regular Season,1
22300765,2024-02-12 20:00:00,1610612745,1610612752,Regular Season,1
22300766,2024-02-12 20:00:00,1610612763,1610612740,Regular Season,0
22300767,2024-02-12 20:00:00,1610612749,1610612743,Regular Season,1
22300763,2024-02-12 19:30:00,1610612737,1610612741,Regular Season,0
22300764,2024-02-12 19:30:00,1610612761,1610612759,Regular Season,0
22300761,2024-02-12 19:00:00,1610612766,1610612754,Regular Season,1
22300762,2024-02-12 19:00:00,1610612739,1610612755,Regular Season,0
22300760,2024-02-11 15:00:00,1610612760,1610612758,Regular Season,1
22300759,2024-02-11 14:00:00,1610612748,1610612738,Regular Season,0
22300758,2024-02-10 22:00:00,1610612757,1610612740,Regular Season,0
22300757,2024-02-10 20:30:00,1610612744,1610612756,Regular Season,1
22300754,2024-02-10 19:30:00,1610612737,1610612745,Regular Season,1
22300755,2024-02-10 19:30:00,1610612752,1610612754,Regular Season,0
22300756,2024-02-10 19:30:00,1610612761,1610612739,Regular Season,0
22300751,2024-02-10 19:00:00,1610612766,1610612763,Regular Season,1
22300752,2024-02-10 19:00:00,1610612753,1610612741,Regular Season,1
22300753,2024-02-10 19:00:00,1610612764,1610612755,Regular Season,0
22300750,2024-02-10 18:00:00,1610612751,1610612759,Regular Season,1
22300749,2024-02-10 15:30:00,1610612746,1610612765,Regular Season,1
22300748,2024-02-10 15:00:00,1610612742,1610612760,Regular Season,1
22300747,2024-02-09 22:30:00,1610612747,1610612740,Regular Season,1
22300746,2024-02-09 22:00:00,1610612758,1610612743,Regular Season,1
22300745,2024-02-09 20:00:00,1610612749,1610612766,Regular Season,1
22300743,2024-02-09 19:30:00,1610612738,1610612764,Regular Season,1
22300744,2024-02-09 19:30:00,1610612761,1610612745,Regular Season,1
22300742,2024-02-09 19:00:00,1610612755,1610612737,Regular Season,0
22300740,2024-02-08 22:00:00,1610612747,1610612743,Regular Season,0
22300741,2024-02-08 22:00:00,1610612757,1610612765,Regular Season,0
22300739,2024-02-08 21:00:00,1610612756,1610612762,Regular Season,1
22300737,2024-02-08 20:00:00,1610612763,1610612741,Regular Season,0
22300738,2024-02-08 20:00:00,1610612749,1610612750,Regular Season,0
22300735,2024-02-08 19:30:00,1610612751,1610612739,Regular Season,0
22300736,2024-02-08 19:30:00,1610612752,1610612742,Regular Season,0
22300733,2024-02-08 19:00:00,1610612754,1610612744,Regular Season,0
22300734,2024-02-08 19:00:00,1610612753,1610612759,Regular Season,1
22300731,2024-02-07 22:00:00,1610612746,1610612740,Regular Season,0
22300732,2024-02-07 22:00:00,1610612758,1610612765,Regular Season,0
22300727,2024-02-07 19:30:00,1610612755,1610612744,Regular Season,0
22300729,2024-02-07 19:30:00,1610612738,1610612737,Regular Season,1
22300730,2024-02-07 19:30:00,1610612748,1610612759,Regular Season,1
22300726,2024-02-07 19:00:00,1610612766,1610612761,Regular Season,0
22300728,2024-02-07 19:00:00,1610612764,1610612739,Regular Season,0
22300725,2024-02-06 22:00:00,1610612756,1610612749,Regular Season,1
22300724,2024-02-06 21:00:00,1610612762,1610612760,Regular Season,1
22300723,2024-02-06 20:00:00,1610612741,1610612750,Regular Season,1
22300720,2024-02-06 19:30:00,1610612751,1610612742,Regular Season,0
22300721,2024-02-06 19:30:00,1610612748,1610612753,Regular Season,1
22300722,2024-02-06 19:30:00,1610612752,1610612763,Regular Season,1
22300719,2024-02-06 19:00:00,1610612754,1610612745,Regular Season,1
22300718,2024-02-05 20:00:00,1610612740,1610612761,Regular Season,1
22300716,2024-02-05 19:30:00,1610612737,1610612746,Regular Season,0
22300717,2024-02-05 19:30:00,1610612751,1610612744,Regular Season,0
22300713,2024-02-05 19:00:00,1610612766,1610612747,Regular Season,0
22300714,2024-02-05 19:00:00,1610612739,1610612758,Regular Season,1
22300715,2024-02-05 19:00:00,1610612755,1610612742,Regular Season,0
22300712,2024-02-04 20:30:00,1610612743,1610612757,Regular Season,1
22300711,2024-02-04 20:00:00,1610612762,1610612749,Regular Season,1
22300709,2024-02-04 19:00:00,1610612750,1610612745,Regular Season,1
22300710,2024-02-04 19:00:00,1610612760,1610612761,Regular Season,1
22300706,2024-02-04 18:00:00,1610612738,1610612763,Regular Season,1
22300707,2024-02-04 18:00:00,1610612766,1610612754,Regular Season,0
22300708,2024-02-04 18:00:00,1610612748,1610612746,Regular Season,0
22300705,2024-02-04 15:30:00,1610612764,1610612756,Regular Season,0
22300704,2024-02-04 15:00:00,1610612765,1610612753,Regular Season,0
22300701,2024-02-03 20:30:00,1610612752,1610612747,Regular Season,0
22300702,2024-02-03 20:30:00,1610612742,1610612749,Regular Season,0
22300703,2024-02-03 20:30:00,1610612759,1610612739,Regular Season,0
22300700,2024-02-03 20:00:00,1610612741,1610612758,Regular Season,0
22300699,2024-02-03 19:30:00,1610612737,1610612744,Regular Season,1
22300698,2024-02-03 18:00:00,1610612755,1610612751,Regular Season,0
22300697,2024-02-02 21:00:00,1610612743,1610612757,Regular Season,1
22300692,2024-02-02 20:00:00,1610612745,1610612761,Regular Season,1
22300693,2024-02-02 20:00:00,1610612763,1610612744,Regular Season,0
22300694,2024-02-02 20:00:00,1610612750,1610612753,Regular Season,0
22300695,2024-02-02 20:00:00,1610612760,1610612766,Regular Season,1
22300696,2024-02-02 20:00:00,1610612759,1610612740,Regular Season,0
22300690,2024-02-02 19:30:00,1610612737,1610612756,Regular Season,1
22300691,2024-02-02 19:30:00,1610612754,1610612758,Regular Season,0
22300688,2024-02-02 19:00:00,1610612765,1610612746,Regular Season,0
22300689,2024-02-02 19:00:00,1610612764,1610612748,Regular Season,0
22300686,2024-02-01 22:00:00,1610612762,1610612755,Regular Season,0
22300687,2024-02-01 20:00:00,1610612763,1610612739,Regular Season,0
22300684,2024-02-01 19:30:00,1610612738,1610612747,Regular Season,0
22300685,2024-02-01 19:30:00,1610612752,1610612754,Regular Season,1
22300683,2024-01-31 22:00:00,1610612757,1610612749,Regular Season,1
22300677,2024-01-31 20:30:00,1610612751,1610612756,Regular Season,0
22300679,2024-01-31 20:00:00,1610612745,1610612740,Regular Season,0
22300680,2024-01-31 20:00:00,1610612750,1610612742,Regular Season,1
22300681,2024-01-31 20:00:00,1610612759,1610612753,Regular Season,0
22300682,2024-01-31 20:00:00,1610612760,1610612743,Regular Season,1
22300678,2024-01-31 19:30:00,1610612748,1610612758,Regular Season,1
22300674,2024-01-31 19:00:00,1610612766,1610612741,Regular Season,0
22300675,2024-01-31 19:00:00,1610612739,1610612765,Regular Season,1
22300676,2024-01-31 19:00:00,1610612764,1610612746,Regular Season,0
22300673,2024-01-30 22:00:00,1610612744,1610612755,Regular Season,1
22300672,2024-01-30 20:00:00,1610612741,1610612761,Regular Season,0
22300669,2024-01-30 19:30:00,1610612737,1610612747,Regular Season,1
22300670,2024-01-30 19:30:00,1610612738,1610612754,Regular Season,1
22300671,2024-01-30 19:30:00,1610612752,1610612762,Regular Season,1
22300668,2024-01-29 22:00:00,1610612757,1610612755,Regular Season,1
22300667,2024-01-29 21:00:00,1610612743,1610612749,Regular Season,1
22300666,2024-01-29 20:30:00,1610612742,1610612753,Regular Season,1
22300662,2024-01-29 20:00:00,1610612745,1610612747,Regular Season,1
22300663,2024-01-29 20:00:00,1610612763,1610612758,Regular Season,0
22300664,2024-01-29 20:00:00,1610612760,1610612750,Regular Season,0
22300665,2024-01-29 20:00:00,1610612759,1610612764,Regular Season,0
22300659,2024-01-29 19:30:00,1610612738,1610612740,Regular Season,1
22300660,2024-01-29 19:30:00,1610612751,1610612762,Regular Season,1
22300661,2024-01-29 19:30:00,1610612748,1610612756,Regular Season,0
22300657,2024-01-29 19:00:00,1610612766,1610612752,Regular Season,0
22300658,2024-01-29 19:00:00,1610612739,1610612746,Regular Season,1
22300656,2024-01-28 21:00:00,1610612757,1610612741,Regular Season,0
22300653,2024-01-28 18:00:00,1610612737,1610612761,Regular Season,1
22300655,2024-01-28 18:00:00,1610612753,1610612756,Regular Season,1
22300652,2024-01-28 15:30:00,1610612754,1610612763,Regular Season,1
22300654,2024-01-28 14:00:00,1610612765,1610612760,Regular Season,1
22300651,2024-01-27 21:00:00,1610612742,1610612758,Regular Season,0
22300649,2024-01-27 20:30:00,1610612759,1610612750,Regular Season,1
22300650,2024-01-27 20:30:00,1610612744,1610612747,Regular Season,0
22300648,2024-01-27 20:00:00,1610612749,1610612740,Regular Season,1
22300646,2024-01-27 19:00:00,1610612738,1610612746,Regular Season,0
22300647,2024-01-27 19:00:00,1610612766,1610612762,Regular Season,0
22300645,2024-01-27 18:00:00,1610612751,1610612745,Regular Season,1
22300644,2024-01-27 17:30:00,1610612743,1610612755,Regular Season,1
22300643,2024-01-27 15:00:00,1610612752,1610612748,Regular Season,1
22300642,2024-01-27 12:00:00,1610612765,1610612764,Regular Season,0
22300641,2024-01-26 21:30:00,1610612759,1610612757,Regular Season,1
22300638,2024-01-26 20:00:00,1610612763,1610612753,Regular Season,1
22300639,2024-01-26 20:00:00,1610612749,1610612739,Regular Season,0
22300640,2024-01-26 20:00:00,1610612740,1610612760,Regular Season,0
22300637,2024-01-26 19:30:00,1610612761,1610612746,Regular Season,0
22300634,2024-01-26 19:00:00,1610612737,1610612742,Regular Season,0
22300635,2024-01-26 19:00:00,1610612766,1610612745,Regular Season,0
22300636,2024-01-26 19:00:00,1610612754,1610612756,Regular Season,1
22300633,2024-01-25 22:30:00,1610612747,1610612741,Regular Season,1
22300632,2024-01-25 22:00:00,1610612744,1610612758,Regular Season,0
22300629,2024-01-25 19:30:00,1610612751,1610612750,Regular Season,0
22300630,2024-01-25 19:30:00,1610612748,1610612738,Regular Season,0
22300631,2024-01-25 19:30:00,1610612752,1610612743,Regular Season,1
22300627,2024-01-25 19:00:00,1610612754,1610612755,Regular Season,1
22300628,2024-01-25 19:00:00,1610612764,1610612762,Regular Season,0
22300626,2024-01-24 22:00:00,1610612744,1610612737,Regular Season,1
22300622,2024-01-24 21:30:00,1610612759,1610612760,Regular Season,0
22300625,2024-01-24 20:30:00,1610612742,1610612756,Regular Season,0
22300623,2024-01-24 20:00:00,1610612745,1610612757,Regular Season,0
22300624,2024-01-24 20:00:00,1610612749,1610612739,Regular Season,1
22300621,2024-01-24 19:30:00,1610612748,1610612763,Regular Season,0
22300619,2024-01-24 19:00:00,1610612765,1610612766,Regular Season,1
22300620,2024-01-24 19:00:00,1610612764,1610612750,Regular Season,0
22300618,2024-01-23 22:00:00,1610612746,1610612747,Regular Season,1
22300616,2024-01-23 20:00:00,1610612740,1610612762,Regular Season,1
22300617,2024-01-23 20:00:00,1610612760,1610612757,Regular Season,1
22300615,2024-01-23 19:30:00,1610612751,1610612752,Regular Season,0
22300614,2024-01-23 19:00:00,1610612754,1610612743,Regular Season,0
22300613,2024-01-22 22:00:00,1610612758,1610612737,Regular Season,1
22300612,2024-01-22 21:00:00,1610612756,1610612741,Regular Season,1
22300611,2024-01-22 20:30:00,1610612742,1610612738,Regular Season,0
22300610,2024-01-22 20:00:00,1610612750,1610612766,Regular Season,0
22300609,2024-01-22 19:30:00,1610612761,1610612763,Regular Season,0
22300606,2024-01-22 19:00:00,1610612765,1610612749,Regular Season,0
22300607,2024-01-22 19:00:00,1610612753,1610612739,Regular Season,0
22300608,2024-01-22 19:00:00,1610612755,1610612759,Regular Season,1
22300605,2024-01-21 22:00:00,1610612747,1610612757,Regular Season,1
22300604,2024-01-21 20:00:00,1610612756,1610612754,Regular Season,1
22300603,2024-01-21 19:00:00,1610612745,1610612738,Regular Season,0
22300601,2024-01-21 18:00:00,1610612753,1610612748,Regular Season,1
22300602,2024-01-21 18:00:00,1610612764,1610612743,Regular Season,0
22300600,2024-01-21 15:30:00,1610612746,1610612751,Regular Season,1
22300597,2024-01-20 20:00:00,1610612741,1610612763,Regular Season,1
22300598,2024-01-20 20:00:00,1610612745,1610612762,Regular Season,1
22300599,2024-01-20 20:00:00,1610612750,1610612760,Regular Season,0
22300595,2024-01-20 19:30:00,1610612737,1610612739,Regular Season,0
22300596,2024-01-20 19:30:00,1610612752,1610612761,Regular Season,1
22300593,2024-01-20 19:00:00,1610612766,1610612755,Regular Season,0
22300594,2024-01-20 19:00:00,1610612764,1610612759,Regular Season,0
22300592,2024-01-20 15:00:00,1610612765,1610612749,Regular Season,0
22300591,2024-01-19 22:30:00,1610612747,1610612751,Regular Season,0
22300590,2024-01-19 22:00:00,1610612757,1610612754,Regular Season,1
22300587,2024-01-19 20:00:00,1610612748,1610612737,Regular Season,0
22300588,2024-01-19 20:00:00,1610612740,1610612756,Regular Season,0
22300586,2024-01-19 19:30:00,1610612738,1610612743,Regular Season,0
22300584,2024-01-19 19:00:00,1610612766,1610612759,Regular Season,1
22300585,2024-01-19 19:00:00,1610612753,1610612755,Regular Season,0
22300582,2024-01-18 22:00:00,1610612750,1610612763,Regular Season,1
22300583,2024-01-18 22:00:00,1610612758,1610612754,Regular Season,0
22300581,2024-01-18 21:00:00,1610612762,1610612760,Regular Season,0
22300579,2024-01-18 19:30:00,1610612752,1610612764,Regular Season,1
22300580,2024-01-18 19:30:00,1610612761,1610612741,Regular Season,0
22300578,2024-01-17 22:00:00,1610612757,1610612751,Regular Season,1
22300577,2024-01-17 20:30:00,1610612747,1610612742,Regular Season,1
22300575,2024-01-17 20:00:00,1610612740,1610612766,Regular Season,1
22300570,2024-01-17 19:30:00,1610612737,1610612753,Regular Season,1
22300571,2024-01-17 19:30:00,1610612738,1610612759,Regular Season,1
22300572,2024-01-17 19:30:00,1610612739,1610612749,Regular Season,1
22300573,2024-01-17 19:30:00,1610612752,1610612745,Regular Season,1
22300574,2024-01-17 19:30:00,1610612761,1610612748,Regular Season,1
22300569,2024-01-17 19:00:00,1610612765,1610612750,Regular Season,0
22300568,2024-01-16 22:00:00,1610612746,1610612760,Regular Season,1
22300567,2024-01-16 21:00:00,1610612756,1610612758,Regular Season,1
22300566,2024-01-16 19:30:00,1610612755,1610612743,Regular Season,1
22300565,2024-01-15 22:30:00,1610612747,1610612760,Regular Season,1
22300564,2024-01-15 21:00:00,1610612762,1610612754,Regular Season,1
22300562,2024-01-15 19:30:00,1610612751,1610612748,Regular Season,0
22300563,2024-01-15 19:30:00,1610612761,1610612738,Regular Season,0
22300561,2024-01-15 19:00:00,1610612739,1610612741,Regular Season,1
22300560,2024-01-15 18:00:00,1610612763,1610612744,Regular Season,1
22300559,2024-01-15 15:30:00,1610612737,1610612759,Regular Season,1
22300557,2024-01-15 15:00:00,1610612752,1610612753,Regular Season,0
22300558,2024-01-15 15:00:00,1610612764,1610612765,Regular Season,0
22300556,2024-01-15 14:30:00,1610612742,1610612740,Regular Season,1
22300555,2024-01-15 13:00:00,1610612755,1610612745,Regular Season,1
22300554,2024-01-14 21:00:00,1610612757,1610612756,Regular Season,0
22300552,2024-01-14 19:00:00,1610612749,1610612758,Regular Season,1
22300553,2024-01-14 19:00:00,1610612750,1610612746,Regular Season,1
22300551,2024-01-14 18:00:00,1610612748,1610612766,Regular Season,1
22300550,2024-01-14 15:30:00,1610612743,1610612754,Regular Season,1
22300549,2024-01-13 21:30:00,1610612762,1610612747,Regular Season,1
22300547,2024-01-13 20:30:00,1610612742,1610612740,Regular Season,0
22300548,2024-01-13 20:30:00,1610612759,1610612741,Regular Season,0
22300544,2024-01-13 20:00:00,1610612763,1610612752,Regular Season,0
22300545,2024-01-13 20:00:00,1610612749,1610612744,Regular Season,1
22300546,2024-01-13 20:00:00,1610612760,1610612753,Regular Season,1
22300543,2024-01-13 19:30:00,1610612737,1610612764,Regular Season,0
22300542,2024-01-13 19:00:00,1610612738,1610612745,Regular Season,1
22300539,2024-01-12 22:00:00,1610612743,1610612740,Regular Season,1
22300540,2024-01-12 21:30:00,1610612762,1610612761,Regular Season,1
22300535,2024-01-12 20:00:00,1610612748,1610612753,Regular Season,1
22300536,2024-01-12 20:00:00,1610612741,1610612744,Regular Season,0
22300537,2024-01-12 20:00:00,1610612763,1610612746,Regular Season,0
22300538,2024-01-12 20:00:00,1610612750,1610612757,Regular Season,1
22300541,2024-01-12 20:00:00,1610612759,1610612766,Regular Season,1
22300532,2024-01-12 19:30:00,1610612755,1610612758,Regular Season,1
22300533,2024-01-12 19:30:00,1610612737,1610612754,Regular Season,0
22300534,2024-01-12 19:30:00,1610612765,1610612745,Regular Season,0
22300531,2024-01-11 22:00:00,1610612747,1610612756,Regular Season,0
22300530,2024-01-11 20:30:00,1610612742,1610612752,Regular Season,1
22300529,2024-01-11 20:00:00,1610612760,1610612757,Regular Season,1
22300528,2024-01-11 19:30:00,1610612749,1610612738,Regular Season,1
22300527,2024-01-11 14:00:00,1610612739,1610612751,Regular Season,1
22300526,2024-01-10 22:30:00,1610612746,1610612761,Regular Season,1
22300524,2024-01-10 22:00:00,1610612762,1610612743,Regular Season,1
22300525,2024-01-10 20:30:00,1610612744,1610612740,Regular Season,0
22300523,2024-01-10 20:00:00,1610612741,1610612745,Regular Season,1
22300521,2024-01-10 19:30:00,1610612737,1610612755,Regular Season,1
22300522,2024-01-10 19:30:00,1610612748,1610612760,Regular Season,0
22300517,2024-01-10 19:00:00,1610612738,1610612750,Regular Season,1
22300518,2024-01-10 19:00:00,1610612766,1610612758,Regular Season,0
22300519,2024-01-10 19:00:00,1610612765,1610612759,Regular Season,0
22300520,2024-01-10 19:00:00,1610612754,1610612764,Regular Season,1
22300516,2024-01-09 22:30:00,1610612747,1610612761,Regular Season,1
22300515,2024-01-09 20:30:00,1610612742,1610612763,Regular Season,0
22300514,2024-01-09 19:30:00,1610612752,1610612757,Regular Season,1
22300512,2024-01-09 19:00:00,1610612765,1610612758,Regular Season,0
22300513,2024-01-09 19:00:00,1610612753,1610612750,Regular Season,0
22300511,2024-01-08 22:30:00,1610612746,1610612756,Regular Season,1
22300510,2024-01-08 20:00:00,1610612749,1610612762,Regular Season,0
22300509,2024-01-08 19:30:00,1610612748,1610612745,Regular Season,1
22300506,2024-01-08 19:00:00,1610612766,1610612741,Regular Season,0
22300507,2024-01-08 19:00:00,1610612754,1610612738,Regular Season,1
22300508,2024-01-08 19:00:00,1610612764,1610612760,Regular Season,0
22300505,2024-01-07 21:30:00,1610612747,1610612746,Regular Season,1
22300504,2024-01-07 20:30:00,1610612744,1610612761,Regular Season,0
22300502,2024-01-07 20:00:00,1610612743,1610612765,Regular Season,1
22300503,2024-01-07 20:00:00,1610612756,1610612763,Regular Season,0
22300501,2024-01-07 19:30:00,1610612742,1610612750,Regular Season,1
22300499,2024-01-07 18:00:00,1610612753,1610612737,Regular Season,1
22300500,2024-01-07 18:00:00,1610612758,1610612740,Regular Season,0
22300498,2024-01-07 15:00:00,1610612751,1610612757,Regular Season,0
22300497,2024-01-07 13:00:00,1610612739,1610612759,Regular Season,1
22300496,2024-01-06 20:00:00,1610612745,1610612749,Regular Season,1
22300495,2024-01-06 19:30:00,1610612755,1610612762,Regular Season,0
22300493,2024-01-06 19:00:00,1610612754,1610612738,Regular Season,0
22300494,2024-01-06 19:00:00,1610612764,1610612752,Regular Season,0
22300490,2024-01-05 22:00:00,1610612744,1610612765,Regular Season,1
22300491,2024-01-05 22:00:00,1610612747,1610612763,Regular Season,0
22300492,2024-01-05 22:00:00,1610612758,1610612761,Regular Season,1
22300488,2024-01-05 21:00:00,1610612743,1610612753,Regular Season,0
22300489,2024-01-05 21:00:00,1610612756,1610612748,Regular Season,1
22300487,2024-01-05 20:30:00,1610612742,1610612757,Regular Season,1
22300484,2024-01-05 20:00:00,1610612741,1610612766,Regular Season,1
22300485,2024-01-05 20:00:00,1610612745,1610612750,Regular Season,0
22300486,2024-01-05 20:00:00,1610612740,1610612746,Regular Season,0
22300481,2024-01-05 19:30:00,1610612751,1610612760,Regular Season,1
22300482,2024-01-05 19:30:00,1610612739,1610612764,Regular Season,1
22300483,2024-01-05 19:30:00,1610612755,1610612752,Regular Season,0
22300479,2024-01-05 19:00:00,1610612738,1610612762,Regular Season,1
22300480,2024-01-05 19:00:00,1610612754,1610612737,Regular Season,1
22300478,2024-01-04 22:00:00,1610612744,1610612743,Regular Season,0
22300477,2024-01-04 19:30:00,1610612759,1610612749,Regular Season,0
22300475,2024-01-03 22:00:00,1610612747,1610612748,Regular Season,0
22300476,2024-01-03 22:00:00,1610612758,1610612753,Regular Season,1
22300473,2024-01-03 21:00:00,1610612756,1610612746,Regular Season,0
22300474,2024-01-03 21:00:00,1610612762,1610612765,Regular Season,1
22300468,2024-01-03 20:30:00,1610612752,1610612741,Regular Season,1
22300472,2024-01-03 20:30:00,1610612742,1610612757,Regular Season,1
22300469,2024-01-03 20:00:00,1610612745,1610612751,Regular Season,1
22300470,2024-01-03 20:00:00,1610612763,1610612761,Regular Season,0
22300471,2024-01-03 20:00:00,1610612750,1610612740,Regular Season,0
22300467,2024-01-03 19:30:00,1610612737,1610612760,Regular Season,1
22300465,2024-01-03 19:00:00,1610612739,1610612764,Regular Season,1
22300466,2024-01-03 19:00:00,1610612754,1610612749,Regular Season,1
22300463,2024-01-02 22:00:00,1610612744,1610612753,Regular Season,1
22300464,2024-01-02 22:00:00,1610612758,1610612766,Regular Season,0
22300460,2024-01-02 20:00:00,1610612763,1610612759,Regular Season,1
22300461,2024-01-02 20:00:00,1610612740,1610612751,Regular Season,1
22300462,2024-01-02 20:00:00,1610612760,1610612738,Regular Season,1
22300459,2024-01-02 19:00:00,1610612755,1610612741,Regular Season,1
22300458,2024-01-01 22:30:00,1610612746,1610612748,Regular Season,1
22300455,2024-01-01 21:00:00,1610612743,1610612766,Regular Season,1
22300456,2024-01-01 21:00:00,1610612756,1610612757,Regular Season,1
22300457,2024-01-01 21:00:00,1610612762,1610612742,Regular Season,1
22300453,2024-01-01 20:00:00,1610612745,1610612765,Regular Season,1
22300454,2024-01-01 20:00:00,1610612749,1610612754,Regular Season,0
22300452,2024-01-01 19:30:00,1610612761,1610612739,Regular Season,1
22300451,2024-01-01 15:00:00,1610612752,1610612750,Regular Season,1
22300449,2023-12-31 20:00:00,1610612763,1610612758,Regular Season,0
22300450,2023-12-31 20:00:00,1610612756,1610612753,Regular Season,1
22300446,2023-12-31 19:00:00,1610612740,1610612747,Regular Season,1
22300447,2023-12-31 19:00:00,1610612760,1610612751,Regular Season,1
22300448,2023-12-31 19:00:00,1610612759,1610612738,Regular Season,0
22300445,2023-12-31 15:00:00,1610612764,1610612737,Regular Season,0
22300444,2023-12-30 20:30:00,1610612744,1610612742,Regular Season,0
22300442,2023-12-30 20:00:00,1610612741,1610612755,Regular Season,1
22300443,2023-12-30 20:00:00,1610612750,1610612747,Regular Season,1
22300441,2023-12-30 19:00:00,1610612754,1610612752,Regular Season,1
22300440,2023-12-30 18:00:00,1610612765,1610612761,Regular Season,1
22300439,2023-12-30 17:00:00,1610612762,1610612748,Regular Season,1
22300438,2023-12-29 22:30:00,1610612746,1610612763,Regular Season,1
22300437,2023-12-29 22:00:00,1610612757,1610612759,Regular Season,1
22300435,2023-12-29 21:00:00,1610612743,1610612760,Regular Season,0
22300436,2023-12-29 21:00:00,1610612756,1610612766,Regular Season,1
22300434,2023-12-29 20:00:00,1610612745,1610612755,Regular Season,0
22300431,2023-12-29 19:30:00,1610612737,1610612758,Regular Season,0
22300432,2023-12-29 19:30:00,1610612738,1610612761,Regular Season,1
22300433,2023-12-29 19:30:00,1610612739,1610612749,Regular Season,0
22300429,2023-12-29 19:00:00,1610612753,1610612752,Regular Season,1
22300430,2023-12-29 19:00:00,1610612764,1610612751,Regular Season,1
22300428,2023-12-28 22:30:00,1610612747,1610612766,Regular Season,1
22300426,2023-12-28 22:00:00,1610612744,1610612748,Regular Season,0
22300427,2023-12-28 22:00:00,1610612757,1610612759,Regular Season,0
22300425,2023-12-28 21:00:00,1610612743,1610612763,Regular Season,1
22300422,2023-12-28 20:00:00,1610612741,1610612754,Regular Season,0
22300423,2023-12-28 20:00:00,1610612750,1610612742,Regular Season,1
22300424,2023-12-28 20:00:00,1610612740,1610612762,Regular Season,1
22300421,2023-12-28 19:30:00,1610612738,1610612765,Regular Season,1
22300420,2023-12-27 20:30:00,1610612742,1610612739,Regular Season,0
22300418,2023-12-27 20:00:00,1610612745,1610612756,Regular Season,0
22300419,2023-12-27 20:00:00,1610612760,1610612752,Regular Season,1
22300417,2023-12-27 19:30:00,1610612751,1610612749,Regular Season,0
22300415,2023-12-27 19:00:00,1610612753,1610612755,Regular Season,0
22300416,2023-12-27 19:00:00,1610612764,1610612761,Regular Season,0
22300414,2023-12-26 22:30:00,1610612746,1610612766,Regular Season,1
22300413,2023-12-26 22:00:00,1610612757,1610612758,Regular Season,1
22300408,2023-12-26 20:00:00,1610612741,1610612737,Regular Season,1
22300409,2023-12-26 20:00:00,1610612745,1610612754,Regular Season,0
22300410,2023-12-26 20:00:00,1610612740,1610612763,Regular Season,0
22300411,2023-12-26 20:00:00,1610612760,1610612750,Regular Season,1
22300412,2023-12-26 20:00:00,1610612759,1610612762,Regular Season,0
22300406,2023-12-26 19:00:00,1610612765,1610612751,Regular Season,0
22300407,2023-12-26 19:00:00,1610612764,1610612753,Regular Season,0
22300405,2023-12-25 22:30:00,1610612756,1610612742,Regular Season,0
22300404,2023-12-25 20:00:00,1610612748,1610612755,Regular Season,1
22300403,2023-12-25 17:00:00,1610612747,1610612738,Regular Season,0
22300402,2023-12-25 14:30:00,1610612743,1610612744,Regular Season,1
22300401,2023-12-25 12:00:00,1610612752,1610612749,Regular Season,1
22300400,2023-12-23 22:00:00,1610612758,1610612750,Regular Season,0
22300398,2023-12-23 20:30:00,1610612742,1610612759,Regular Season,1
22300399,2023-12-23 20:30:00,1610612744,1610612757,Regular Season,1
22300396,2023-12-23 20:00:00,1610612741,1610612739,Regular Season,0
22300397,2023-12-23 20:00:00,1610612760,1610612747,Regular Season,0
22300393,2023-12-23 19:30:00,1610612737,1610612763,Regular Season,0
22300394,2023-12-23 19:30:00,1610612751,1610612765,Regular Season,1
22300395,2023-12-23 19:30:00,1610612761,1610612762,Regular Season,0
22300390,2023-12-23 19:00:00,1610612766,1610612743,Regular Season,0
22300391,2023-12-23 19:00:00,1610612754,1610612753,Regular Season,0
22300392,2023-12-23 19:00:00,1610612740,1610612745,Regular Season,0
22300389,2023-12-23 15:30:00,1610612746,1610612738,Regular Season,0
22300388,2023-12-23 12:30:00,1610612752,1610612749,Regular Season,0
22300386,2023-12-22 22:00:00,1610612744,1610612764,Regular Season,1
22300387,2023-12-22 22:00:00,1610612758,1610612756,Regular Season,1
22300384,2023-12-22 20:00:00,1610612748,1610612737,Regular Season,1
22300385,2023-12-22 20:00:00,1610612745,1610612742,Regular Season,1
22300383,2023-12-22 19:30:00,1610612751,1610612743,Regular Season,0
22300382,2023-12-22 19:00:00,1610612755,1610612761,Regular Season,1
22300381,2023-12-21 22:00:00,1610612757,1610612764,Regular Season,0
22300380,2023-12-21 21:00:00,1610612750,1610612747,Regular Season,1
22300376,2023-12-21 20:00:00,1610612741,1610612759,Regular Season,1
22300377,2023-12-21 20:00:00,1610612763,1610612754,Regular Season,1
22300378,2023-12-21 20:00:00,1610612749,1610612753,Regular Season,1
22300379,2023-12-21 20:00:00,1610612760,1610612746,Regular Season,1
22300375,2023-12-21 19:30:00,1610612739,1610612740,Regular Season,0
22300374,2023-12-21 19:00:00,1610612765,1610612762,Regular Season,0
22300373,2023-12-20 22:00:00,1610612758,1610612738,Regular Season,0
22300372,2023-12-20 20:30:00,1610612742,1610612746,Regular Season,0
22300370,2023-12-20 20:00:00,1610612741,1610612747,Regular Season,1
22300371,2023-12-20 20:00:00,1610612745,1610612737,Regular Season,0
22300368,2023-12-20 19:30:00,1610612751,1610612752,Regular Season,0
22300369,2023-12-20 19:30:00,1610612761,1610612743,Regular Season,0
22300364,2023-12-20 19:00:00,1610612739,1610612762,Regular Season,1
22300365,2023-12-20 19:00:00,1610612754,1610612766,Regular Season,1
22300366,2023-12-20 19:00:00,1610612753,1610612748,Regular Season,0
22300367,2023-12-20 19:00:00,1610612755,1610612750,Regular Season,1
22300362,2023-12-19 22:00:00,1610612744,1610612738,Regular Season,1
22300363,2023-12-19 22:00:00,1610612757,1610612756,Regular Season,1
22300361,2023-12-19 20:00:00,1610612749,1610612759,Regular Season,1
22300360,2023-12-19 19:30:00,1610612740,1610612763,Regular Season,0
22300359,2023-12-18 22:30:00,1610612747,1610612752,Regular Season,0
22300358,2023-12-18 22:00:00,1610612758,1610612764,Regular Season,1
22300356,2023-12-18 21:00:00,1610612743,1610612742,Regular Season,1
22300357,2023-12-18 21:00:00,1610612762,1610612751,Regular Season,1
22300355,2023-12-18 20:00:00,1610612760,1610612763,Regular Season,1
22300352,2023-12-18 19:30:00,1610612737,1610612765,Regular Season,1
22300353,2023-12-18 19:30:00,1610612748,1610612750,Regular Season,0
22300354,2023-12-18 19:30:00,1610612761,1610612766,Regular Season,1
22300349,2023-12-18 19:00:00,1610612739,1610612745,Regular Season,1
22300350,2023-12-18 19:00:00,1610612754,1610612746,Regular Season,0
22300351,2023-12-18 19:00:00,1610612755,1610612741,Regular Season,0
22300348,2023-12-17 21:00:00,1610612757,1610612744,Regular Season,0
22300347,2023-12-17 20:00:00,1610612756,1610612764,Regular Season,1
22300346,2023-12-17 19:00:00,1610612749,1610612745,Regular Season,1
22300345,2023-12-17 15:30:00,1610612759,1610612740,Regular Season,0
22300344,2023-12-17 15:00:00,1610612738,1610612753,Regular Season,1
22300343,2023-12-16 22:30:00,1610612746,1610612752,Regular Season,1
22300342,2023-12-16 22:00:00,1610612758,1610612762,Regular Season,1
22300340,2023-12-16 21:00:00,1610612743,1610612760,Regular Season,0
22300341,2023-12-16 21:00:00,1610612757,1610612742,Regular Season,0
22300339,2023-12-16 20:30:00,1610612744,1610612751,Regular Season,1
22300337,2023-12-16 20:00:00,1610612748,1610612741,Regular Season,1
22300338,2023-12-16 20:00:00,1610612750,1610612754,Regular Season,1
22300336,2023-12-16 19:30:00,1610612739,1610612737,Regular Season,1
22300335,2023-12-16 19:00:00,1610612766,1610612755,Regular Season,0
22300334,2023-12-16 18:00:00,1610612749,1610612765,Regular Season,1
22300333,2023-12-15 22:00:00,1610612756,1610612752,Regular Season,0
22300332,2023-12-15 20:00:00,1610612763,1610612745,Regular Season,0
22300329,2023-12-15 19:30:00,1610612738,1610612753,Regular Season,1
22300330,2023-12-15 19:30:00,1610612761,1610612737,Regular Season,0
22300331,2023-12-15 19:30:00,1610612759,1610612747,Regular Season,1
22300326,2023-12-15 19:00:00,1610612766,1610612740,Regular Season,0
22300327,2023-12-15 19:00:00,1610612755,1610612765,Regular Season,1
22300328,2023-12-15 19:00:00,1610612764,1610612754,Regular Season,1
22300325,2023-12-14 22:30:00,1610612746,1610612744,Regular Season,1
22300323,2023-12-14 22:00:00,1610612757,1610612762,Regular Season,0
22300324,2023-12-14 22:00:00,1610612758,1610612760,Regular Season,1
22300322,2023-12-14 21:00:00,1610612743,1610612751,Regular Season,1
22300321,2023-12-14 20:30:00,1610612742,1610612750,Regular Season,0
22300319,2023-12-14 19:30:00,1610612738,1610612739,Regular Season,1
22300320,2023-12-14 19:30:00,1610612748,1610612741,Regular Season,0
22300317,2023-12-13 21:00:00,1610612756,1610612751,Regular Season,0
22300318,2023-12-13 21:00:00,1610612762,1610612752,Regular Season,1
22300314,2023-12-13 20:00:00,1610612745,1610612763,Regular Season,1
22300315,2023-12-13 20:00:00,1610612749,1610612754,Regular Season,1
22300316,2023-12-13 20:00:00,1610612759,1610612747,Regular Season,0
22300312,2023-12-13 19:30:00,1610612748,1610612766,Regular Season,1
22300313,2023-12-13 19:30:00,1610612761,1610612737,Regular Season,1
22300310,2023-12-13 19:00:00,1610612765,1610612755,Regular Season,0
22300311,2023-12-13 19:00:00,1610612764,1610612740,Regular Season,0
22300309,2023-12-12 22:30:00,1610612746,1610612758,Regular Season,1
22300308,2023-12-12 22:00:00,1610612756,1610612744,Regular Season,1
22300307,2023-12-12 20:00:00,1610612741,1610612743,Regular Season,0
22300305,2023-12-12 19:30:00,1610612738,1610612739,Regular Season,1
22300306,2023-12-12 19:30:00,1610612742,1610612747,Regular Season,1
22300304,2023-12-11 22:30:00,1610612746,1610612757,Regular Season,1
22300303,2023-12-11 22:00:00,1610612758,1610612751,Regular Season,1
22300298,2023-12-11 20:00:00,1610612745,1610612759,Regular Season,1
22300299,2023-12-11 20:00:00,1610612763,1610612742,Regular Season,0
22300300,2023-12-11 20:00:00,1610612749,1610612741,Regular Season,1
22300301,2023-12-11 20:00:00,1610612740,1610612750,Regular Season,1
22300302,2023-12-11 20:00:00,1610612760,1610612762,Regular Season,1
22300296,2023-12-11 19:30:00,1610612737,1610612743,Regular Season,0
22300297,2023-12-11 19:30:00,1610612752,1610612761,Regular Season,1
22300292,2023-12-11 19:00:00,1610612766,1610612748,Regular Season,0
22300293,2023-12-11 19:00:00,1610612765,1610612754,Regular Season,0
22300294,2023-12-11 19:00:00,1610612753,1610612739,Regular Season,1
22300295,2023-12-11 19:00:00,1610612755,1610612764,Regular Season,1
62300001,2023-12-09 20:30:00,1610612747,1610612754,NBA Cup,1
22301225,2023-12-08 22:00:00,1610612762,1610612746,Regular Season,0
22301226,2023-12-08 22:00:00,1610612757,1610612742,Regular Season,0
22301224,2023-12-08 21:00:00,1610612743,1610612745,Regular Season,0
22301228,2023-12-08 21:00:00,1610612756,1610612758,Regular Season,0
22301223,2023-12-08 20:30:00,1610612759,1610612741,Regular Season,0
22301220,2023-12-08 20:00:00,1610612748,1610612739,Regular Season,0
22301221,2023-12-08 20:00:00,1610612763,1610612750,Regular Season,0
22301222,2023-12-08 20:00:00,1610612760,1610612744,Regular Season,1
22301219,2023-12-08 19:30:00,1610612751,1610612764,Regular Season,1
22301227,2023-12-08 19:30:00,1610612738,1610612752,Regular Season,1
22301216,2023-12-08 19:00:00,1610612766,1610612761,Regular Season,1
22301217,2023-12-08 19:00:00,1610612753,1610612765,Regular Season,1
22301218,2023-12-08 19:00:00,1610612755,1610612737,Regular Season,1
22301230,2023-12-07 21:00:00,1610612747,1610612740,NBA Emirates Cup,1
22301229,2023-12-07 17:00:00,1610612749,1610612754,NBA Emirates Cup,0
22301214,2023-12-06 22:00:00,1610612744,1610612757,Regular Season,1
22301215,2023-12-06 22:00:00,1610612746,1610612743,Regular Season,1
22301213,2023-12-06 20:30:00,1610612742,1610612762,Regular Season,1
22301211,2023-12-06 20:00:00,1610612741,1610612766,Regular Season,1
22301212,2023-12-06 20:00:00,1610612745,1610612760,Regular Season,1
22301207,2023-12-06 19:30:00,1610612761,1610612748,Regular Season,0
22301209,2023-12-06 19:30:00,1610612737,1610612751,Regular Season,0
22301210,2023-12-06 19:30:00,1610612750,1610612759,Regular Season,1
22301205,2023-12-06 19:00:00,1610612739,1610612753,Regular Season,1
22301206,2023-12-06 19:00:00,1610612765,1610612763,Regular Season,0
22301208,2023-12-06 19:00:00,1610612764,1610612755,Regular Season,0
22301203,2023-12-05 22:00:00,1610612747,1610612756,NBA Emirates Cup,1
22301201,2023-12-05 19:30:00,1610612749,1610612752,NBA Emirates Cup,1
22301204,2023-12-04 22:00:00,1610612758,1610612740,NBA Emirates Cup,0
22301202,2023-12-04 19:30:00,1610612754,1610612738,NBA Emirates Cup,1
22300291,2023-12-02 22:30:00,1610612747,1610612745,Regular Season,1
22300290,2023-12-02 22:00:00,1610612758,1610612743,Regular Season,1
22300289,2023-12-02 21:30:00,1610612762,1610612757,Regular Season,1
22300287,2023-12-02 21:00:00,1610612742,1610612760,Regular Season,0
22300288,2023-12-02 21:00:00,1610612756,1610612763,Regular Season,1
22300284,2023-12-02 20:00:00,1610612748,1610612754,Regular Season,0
22300285,2023-12-02 20:00:00,1610612741,1610612740,Regular Season,1
22300286,2023-12-02 20:00:00,1610612749,1610612737,Regular Season,1
22300282,2023-12-02 19:00:00,1610612751,1610612753,Regular Season,1
22300283,2023-12-02 19:00:00,1610612765,1610612739,Regular Season,0
22300281,2023-12-02 17:00:00,1610612766,1610612750,Regular Season,0
22300280,2023-12-02 16:00:00,1610612746,1610612744,Regular Season,1
22300279,2023-12-01 22:00:00,1610612756,1610612743,Regular Season,0
22300278,2023-12-01 20:00:00,1610612740,1610612759,Regular Season,1
22300275,2023-12-01 19:30:00,1610612738,1610612755,Regular Season,1
22300276,2023-12-01 19:30:00,1610612761,1610612752,Regular Season,0
22300277,2023-12-01 19:30:00,1610612742,1610612763,Regular Season,0
22300274,2023-12-01 19:00:00,1610612753,1610612764,Regular Season,1
22300273,2023-11-30 22:00:00,1610612744,1610612746,Regular Season,1
22300269,2023-11-30 20:00:00,1610612741,1610612749,Regular Season,1
22300270,2023-11-30 20:00:00,1610612750,1610612762,Regular Season,1
22300271,2023-11-30 20:00:00,1610612760,1610612747,Regular Season,1
22300272,2023-11-30 20:00:00,1610612759,1610612737,Regular Season,0
22300266,2023-11-30 19:30:00,1610612751,1610612766,Regular Season,0
22300267,2023-11-30 19:30:00,1610612748,1610612754,Regular Season,1
22300268,2023-11-30 19:30:00,1610612752,1610612765,Regular Season,1
22300265,2023-11-30 19:00:00,1610612739,1610612757,Regular Season,0
22300264,2023-11-29 22:00:00,1610612758,1610612746,Regular Season,0
22300263,2023-11-29 21:00:00,1610612743,1610612745,Regular Season,1
22300261,2023-11-29 20:00:00,1610612763,1610612762,Regular Season,1
22300262,2023-11-29 20:00:00,1610612740,1610612755,Regular Season,1
22300260,2023-11-29 19:30:00,1610612761,1610612756,Regular Season,1
22300258,2023-11-29 19:00:00,1610612765,1610612747,Regular Season,0
22300259,2023-11-29 19:00:00,1610612753,1610612764,Regular Season,1
22300060,2023-11-28 22:00:00,1610612758,1610612744,NBA Emirates Cup,1
22300059,2023-11-28 20:30:00,1610612742,1610612745,NBA Emirates Cup,1
22300058,2023-11-28 20:00:00,1610612750,1610612760,NBA Emirates Cup,1
22300053,2023-11-28 19:30:00,1610612738,1610612741,NBA Emirates Cup,1
22300054,2023-11-28 19:30:00,1610612751,1610612761,NBA Emirates Cup,1
22300055,2023-11-28 19:30:00,1610612739,1610612737,NBA Emirates Cup,1
22300056,2023-11-28 19:30:00,1610612748,1610612749,NBA Emirates Cup,0
22300057,2023-11-28 19:30:00,1610612752,1610612766,NBA Emirates Cup,1
22300257,2023-11-27 22:30:00,1610612746,1610612743,Regular Season,0
22300256,2023-11-27 21:00:00,1610612762,1610612740,Regular Season,1
22300253,2023-11-27 19:00:00,1610612765,1610612764,Regular Season,0
22300254,2023-11-27 19:00:00,1610612754,1610612757,Regular Season,0
22300255,2023-11-27 19:00:00,1610612755,1610612747,Regular Season,1
22300252,2023-11-26 20:00:00,1610612743,1610612759,Regular Season,1
22300250,2023-11-26 19:30:00,1610612751,1610612741,Regular Season,1
22300251,2023-11-26 19:30:00,1610612739,1610612761,Regular Season,1
22300246,2023-11-26 18:00:00,1610612738,1610612737,Regular Season,1
22300247,2023-11-26 18:00:00,1610612752,1610612756,Regular Season,0
22300248,2023-11-26 18:00:00,1610612753,1610612766,Regular Season,1
22300249,2023-11-26 18:00:00,1610612763,1610612750,Regular Season,0
22300245,2023-11-26 15:30:00,1610612749,1610612757,Regular Season,1
22300244,2023-11-25 22:30:00,1610612746,1610612742,Regular Season,1
22300243,2023-11-25 21:30:00,1610612762,1610612740,Regular Season,1
22300242,2023-11-25 19:30:00,1610612739,1610612747,Regular Season,0
22300241,2023-11-25 19:00:00,1610612764,1610612737,Regular Season,0
22300240,2023-11-25 18:00:00,1610612751,1610612748,Regular Season,1
22300239,2023-11-25 17:00:00,1610612760,1610612755,Regular Season,0
22300052,2023-11-24 22:30:00,1610612746,1610612740,NBA Emirates Cup,0
22300051,2023-11-24 22:00:00,1610612744,1610612759,NBA Emirates Cup,1
22300047,2023-11-24 20:00:00,1610612754,1610612765,NBA Emirates Cup,1
22300048,2023-11-24 20:00:00,1610612745,1610612743,NBA Emirates Cup,1
22300049,2023-11-24 20:00:00,1610612749,1610612764,NBA Emirates Cup,1
22300050,2023-11-24 20:00:00,1610612750,1610612758,NBA Emirates Cup,0
22300045,2023-11-24 19:30:00,1610612752,1610612748,NBA Emirates Cup,1
22300046,2023-11-24 19:30:00,1610612761,1610612741,NBA Emirates Cup,1
22300044,2023-11-24 17:00:00,1610612763,1610612756,NBA Emirates Cup,0
22300043,2023-11-24 14:30:00,1610612753,1610612738,NBA Emirates Cup,1
22300238,2023-11-22 22:30:00,1610612747,1610612742,Regular Season,0
22300236,2023-11-22 22:00:00,1610612756,1610612744,Regular Season,1
22300237,2023-11-22 22:00:00,1610612757,1610612762,Regular Season,1
22300231,2023-11-22 20:00:00,1610612745,1610612763,Regular Season,1
22300232,2023-11-22 20:00:00,1610612750,1610612755,Regular Season,1
22300233,2023-11-22 20:00:00,1610612740,1610612758,Regular Season,1
22300234,2023-11-22 20:00:00,1610612760,1610612741,Regular Season,1
22300235,2023-11-22 20:00:00,1610612759,1610612746,Regular Season,0
22300227,2023-11-22 19:30:00,1610612737,1610612751,Regular Season,1
22300228,2023-11-22 19:30:00,1610612738,1610612749,Regular Season,1
22300229,2023-11-22 19:30:00,1610612739,1610612748,Regular Season,0
22300230,2023-11-22 19:30:00,1610612754,1610612761,Regular Season,0
22300225,2023-11-22 19:00:00,1610612766,1610612764,Regular Season,1
22300226,2023-11-22 19:00:00,1610612753,1610612743,Regular Season,1
22300042,2023-11-21 22:00:00,1610612747,1610612762,NBA Emirates Cup,1
22300041,2023-11-21 21:00:00,1610612756,1610612757,NBA Emirates Cup,1
22300039,2023-11-21 19:30:00,1610612737,1610612754,NBA Emirates Cup,0
22300040,2023-11-21 19:30:00,1610612755,1610612739,NBA Emirates Cup,0
22300038,2023-11-21 19:00:00,1610612753,1610612761,NBA Emirates Cup,1
22300224,2023-11-20 22:00:00,1610612744,1610612745,Regular Season,1
22300220,2023-11-20 20:00:00,1610612741,1610612748,Regular Season,0
22300221,2023-11-20 20:00:00,1610612750,1610612752,Regular Season,1
22300222,2023-11-20 20:00:00,1610612740,1610612758,Regular Season,1
22300223,2023-11-20 20:00:00,1610612759,1610612746,Regular Season,0
22300217,2023-11-20 19:00:00,1610612766,1610612738,Regular Season,1
22300218,2023-11-20 19:00:00,1610612765,1610612743,Regular Season,0
22300219,2023-11-20 19:00:00,1610612764,1610612749,Regular Season,0
22300216,2023-11-19 21:30:00,1610612747,1610612745,Regular Season,1
22300215,2023-11-19 21:00:00,1610612757,1610612760,Regular Season,0
22300213,2023-11-19 20:00:00,1610612763,1610612738,Regular Season,0
22300214,2023-11-19 20:00:00,1610612762,1610612756,Regular Season,0
22300212,2023-11-19 19:30:00,1610612742,1610612758,Regular Season,0
22300210,2023-11-19 18:00:00,1610612739,1610612743,Regular Season,1
22300209,2023-11-19 17:00:00,1610612754,1610612753,Regular Season,0
22300211,2023-11-19 16:00:00,1610612761,1610612765,Regular Season,1
22300208,2023-11-19 15:00:00,1610612751,1610612755,Regular Season,0
22300207,2023-11-18 20:30:00,1610612744,1610612760,Regular Season,0
22300204,2023-11-18 20:00:00,1610612741,1610612748,Regular Season,1
22300205,2023-11-18 20:00:00,1610612749,1610612742,Regular Season,1
22300206,2023-11-18 20:00:00,1610612759,1610612763,Regular Season,0
22300203,2023-11-18 19:00:00,1610612740,1610612750,Regular Season,0
22300202,2023-11-18 18:00:00,1610612766,1610612752,Regular Season,0
22300037,2023-11-17 22:30:00,1610612746,1610612745,NBA Emirates Cup,1
22300035,2023-11-17 22:00:00,1610612762,1610612756,NBA Emirates Cup,0
22300036,2023-11-17 22:00:00,1610612757,1610612747,NBA Emirates Cup,0
22300033,2023-11-17 20:00:00,1610612741,1610612753,NBA Emirates Cup,0
22300034,2023-11-17 20:00:00,1610612740,1610612743,NBA Emirates Cup,1
22300029,2023-11-17 19:30:00,1610612737,1610612755,NBA Emirates Cup,0
22300030,2023-11-17 19:30:00,1610612739,1610612765,NBA Emirates Cup,1
22300031,2023-11-17 19:30:00,1610612761,1610612738,NBA Emirates Cup,0
22300032,2023-11-17 19:30:00,1610612759,1610612758,NBA Emirates Cup,0
22300027,2023-11-17 19:00:00,1610612766,1610612749,NBA Emirates Cup,0
22300028,2023-11-17 19:00:00,1610612764,1610612752,NBA Emirates Cup,0
22300201,2023-11-16 22:00:00,1610612744,1610612760,Regular Season,0
22300200,2023-11-16 19:30:00,1610612748,1610612751,Regular Season,1
22300198,2023-11-15 22:00:00,1610612747,1610612758,Regular Season,0
22300199,2023-11-15 22:00:00,1610612757,1610612739,Regular Season,0
22300197,2023-11-15 21:00:00,1610612756,1610612750,Regular Season,1
22300196,2023-11-15 20:00:00,1610612741,1610612753,Regular Season,0
22300193,2023-11-15 19:30:00,1610612737,1610612752,Regular Season,0
22300194,2023-11-15 19:30:00,1610612755,1610612738,Regular Season,0
22300195,2023-11-15 19:30:00,1610612761,1610612749,Regular Season,0
22300192,2023-11-15 19:00:00,1610612764,1610612742,Regular Season,0
22300026,2023-11-14 22:30:00,1610612747,1610612763,NBA Emirates Cup,1
22300024,2023-11-14 22:00:00,1610612743,1610612746,NBA Emirates Cup,1
22300025,2023-11-14 22:00:00,1610612744,1610612750,NBA Emirates Cup,0
22300023,2023-11-14 21:00:00,1610612762,1610612757,NBA Emirates Cup,1
22300022,2023-11-14 20:00:00,1610612740,1610612742,NBA Emirates Cup,1
22300020,2023-11-14 19:30:00,1610612751,1610612753,NBA Emirates Cup,1
22300021,2023-11-14 19:30:00,1610612760,1610612759,NBA Emirates Cup,1
22300017,2023-11-14 19:00:00,1610612766,1610612748,NBA Emirates Cup,0
22300018,2023-11-14 19:00:00,1610612765,1610612737,NBA Emirates Cup,0
22300019,2023-11-14 19:00:00,1610612755,1610612754,NBA Emirates Cup,0
22300191,2023-11-13 22:00:00,1610612758,1610612739,Regular Season,1
22300190,2023-11-13 20:00:00,1610612749,1610612741,Regular Season,1
22300188,2023-11-13 19:30:00,1610612738,1610612752,Regular Season,1
22300189,2023-11-13 19:30:00,1610612761,1610612764,Regular Season,1
22300187,2023-11-12 22:00:00,1610612747,1610612757,Regular Season,1
22300186,2023-11-12 20:30:00,1610612744,1610612750,Regular Season,0
22300185,2023-11-12 20:00:00,1610612756,1610612760,Regular Season,0
22300181,2023-11-12 19:00:00,1610612741,1610612765,Regular Season,1
22300182,2023-11-12 19:00:00,1610612745,1610612743,Regular Season,1
22300183,2023-11-12 19:00:00,1610612740,1610612742,Regular Season,0
22300184,2023-11-12 19:00:00,1610612759,1610612748,Regular Season,0
22300180,2023-11-12 18:00:00,1610612755,1610612754,Regular Season,1
22300179,2023-11-12 15:30:00,1610612746,1610612763,Regular Season,0
22300178,2023-11-12 15:00:00,1610612751,1610612764,Regular Season,1
22300177,2023-11-12 12:00:00,1610612752,1610612766,Regular Season,1
22300176,2023-11-11 20:30:00,1610612744,1610612739,Regular Season,0
22300175,2023-11-11 19:30:00,1610612737,1610612748,Regular Season,0
22300174,2023-11-11 19:00:00,1610612738,1610612761,Regular Season,1
22300173,2023-11-11 18:00:00,1610612753,1610612749,Regular Season,1
22300015,2023-11-10 22:00:00,1610612756,1610612747,NBA Emirates Cup,0
22300016,2023-11-10 22:00:00,1610612758,1610612760,NBA Emirates Cup,1
22300014,2023-11-10 20:30:00,1610612742,1610612746,NBA Emirates Cup,1
22300011,2023-11-10 20:00:00,1610612745,1610612740,NBA Emirates Cup,1
22300012,2023-11-10 20:00:00,1610612763,1610612762,NBA Emirates Cup,0
22300013,2023-11-10 20:00:00,1610612759,1610612750,NBA Emirates Cup,0
22300010,2023-11-10 19:30:00,1610612738,1610612751,NBA Emirates Cup,1
22300008,2023-11-10 19:00:00,1610612765,1610612755,NBA Emirates Cup,0
22300009,2023-11-10 19:00:00,1610612764,1610612766,NBA Emirates Cup,0
22300172,2023-11-09 21:30:00,1610612753,1610612737,Regular Season,0
22300171,2023-11-09 19:00:00,1610612754,1610612749,Regular Season,1
22300169,2023-11-08 22:00:00,1610612743,1610612744,Regular Season,1
22300170,2023-11-08 22:00:00,1610612758,1610612757,Regular Season,1
22300168,2023-11-08 20:30:00,1610612742,1610612761,Regular Season,0
22300162,2023-11-08 20:00:00,1610612741,1610612756,Regular Season,0
22300163,2023-11-08 20:00:00,1610612745,1610612747,Regular Season,1
22300164,2023-11-08 20:00:00,1610612763,1610612748,Regular Season,0
22300165,2023-11-08 20:00:00,1610612749,1610612765,Regular Season,1
22300166,2023-11-08 20:00:00,1610612750,1610612740,Regular Season,1
22300167,2023-11-08 20:00:00,1610612760,1610612739,Regular Season,1
22300160,2023-11-08 19:30:00,1610612751,1610612746,Regular Season,1
22300161,2023-11-08 19:30:00,1610612752,1610612759,Regular Season,1
22300157,2023-11-08 19:00:00,1610612766,1610612764,Regular Season,0
22300158,2023-11-08 19:00:00,1610612754,1610612762,Regular Season,1
22300159,2023-11-08 19:00:00,1610612755,1610612738,Regular Season,1
22300156,2023-11-06 21:00:00,1610612743,1610612740,Regular Season,1
22300152,2023-11-06 20:00:00,1610612741,1610612762,Regular Season,1
22300153,2023-11-06 20:00:00,1610612745,1610612758,Regular Season,1
22300154,2023-11-06 20:00:00,1610612750,1610612738,Regular Season,1
22300155,2023-11-06 20:00:00,1610612760,1610612737,Regular Season,1
22300149,2023-11-06 19:30:00,1610612751,1610612749,Regular Season,0
22300150,2023-11-06 19:30:00,1610612748,1610612747,Regular Season,1
22300151,2023-11-06 19:30:00,1610612752,1610612746,Regular Season,1
22300145,2023-11-06 19:00:00,1610612765,1610612744,Regular Season,0
22300146,2023-11-06 19:00:00,1610612754,1610612759,Regular Season,1
22300147,2023-11-06 19:00:00,1610612753,1610612742,Regular Season,0
22300148,2023-11-06 19:00:00,1610612755,1610612764,Regular Season,1
22300144,2023-11-05 21:00:00,1610612757,1610612763,Regular Season,0
22300143,2023-11-05 19:30:00,1610612742,1610612766,Regular Season,1
22300142,2023-11-05 18:00:00,1610612739,1610612744,Regular Season,1
22300141,2023-11-05 15:30:00,1610612759,1610612761,Regular Season,0
22300140,2023-11-05 15:00:00,1610612765,1610612756,Regular Season,0
22300139,2023-11-04 21:00:00,1610612743,1610612741,Regular Season,1
22300136,2023-11-04 20:00:00,1610612751,1610612738,Regular Season,0
22300137,2023-11-04 20:00:00,1610612745,1610612758,Regular Season,1
22300138,2023-11-04 20:00:00,1610612750,1610612762,Regular Season,1
22300133,2023-11-04 19:00:00,1610612754,1610612766,Regular Season,0
22300134,2023-11-04 19:00:00,1610612753,1610612747,Regular Season,1
22300135,2023-11-04 19:00:00,1610612740,1610612737,Regular Season,0
22300132,2023-11-04 13:00:00,1610612755,1610612756,Regular Season,1
22300006,2023-11-03 22:00:00,1610612743,1610612742,NBA Emirates Cup,1
22300007,2023-11-03 22:00:00,1610612757,1610612763,NBA Emirates Cup,1
22300003,2023-11-03 20:00:00,1610612748,1610612764,NBA Emirates Cup,1
22300004,2023-11-03 20:00:00,1610612741,1610612751,NBA Emirates Cup,0
22300005,2023-11-03 20:00:00,1610612760,1610612744,NBA Emirates Cup,0
22300002,2023-11-03 19:30:00,1610612749,1610612752,NBA Emirates Cup,1
22300001,2023-11-03 19:00:00,1610612754,1610612739,NBA Emirates Cup,1
22300131,2023-11-02 22:00:00,1610612756,1610612759,Regular Season,0
22300130,2023-11-02 21:00:00,1610612762,1610612753,Regular Season,0
22300129,2023-11-02 20:00:00,1610612740,1610612765,Regular Season,1
22300128,2023-11-02 19:00:00,1610612755,1610612761,Regular Season,1
22300126,2023-11-01 22:00:00,1610612744,1610612758,Regular Season,1
22300127,2023-11-01 22:00:00,1610612747,1610612746,Regular Season,1
22300125,2023-11-01 21:00:00,1610612762,1610612763,Regular Season,1
22300124,2023-11-01 20:30:00,1610612742,1610612741,Regular Season,1
22300122,2023-11-01 20:00:00,1610612745,1610612766,Regular Season,1
22300123,2023-11-01 20:00:00,1610612750,1610612743,Regular Season,1
22300117,2023-11-01 19:30:00,1610612737,1610612764,Regular Season,1
22300118,2023-11-01 19:30:00,1610612738,1610612754,Regular Season,1
22300119,2023-11-01 19:30:00,1610612748,1610612751,Regular Season,0
22300120,2023-11-01 19:30:00,1610612752,1610612739,Regular Season,0
22300121,2023-11-01 19:30:00,1610612760,1610612740,Regular Season,0
22300115,2023-11-01 19:00:00,1610612765,1610612757,Regular Season,0
22300116,2023-11-01 19:00:00,1610612761,1610612749,Regular Season,1
22300114,2023-10-31 22:30:00,1610612746,1610612753,Regular Season,1
22300113,2023-10-31 22:00:00,1610612756,1610612759,Regular Season,0
22300112,2023-10-31 19:30:00,1610612739,1610612752,Regular Season,0
22300111,2023-10-30 22:30:00,1610612747,1610612753,Regular Season,1
22300110,2023-10-30 21:00:00,1610612743,1610612762,Regular Season,1
22300106,2023-10-30 20:00:00,1610612763,1610612742,Regular Season,0
22300107,2023-10-30 20:00:00,1610612749,1610612748,Regular Season,1
22300108,2023-10-30 20:00:00,1610612740,1610612744,Regular Season,0
22300109,2023-10-30 20:00:00,1610612760,1610612765,Regular Season,1
22300104,2023-10-30 19:30:00,1610612737,1610612750,Regular Season,1
22300105,2023-10-30 19:30:00,1610612761,1610612757,Regular Season,0
22300101,2023-10-30 19:00:00,1610612766,1610612751,Regular Season,0
22300102,2023-10-30 19:00:00,1610612754,1610612741,Regular Season,0
22300103,2023-10-30 19:00:00,1610612764,1610612738,Regular Season,0
22300099,2023-10-29 21:00:00,1610612746,1610612759,Regular Season,1
22300100,2023-10-29 21:00:00,1610612758,1610612747,Regular Season,1
22300098,2023-10-29 19:30:00,1610612755,1610612757,Regular Season,1
22300096,2023-10-29 19:00:00,1610612745,1610612744,Regular Season,0
22300097,2023-10-29 19:00:00,1610612749,1610612737,Regular Season,0
22300095,2023-10-29 15:30:00,1610612760,1610612743,Regular Season,0
22300094,2023-10-28 22:00:00,1610612756,1610612762,Regular Season,1
22300093,2023-10-28 20:00:00,1610612750,1610612748,Regular Season,1
22300091,2023-10-28 19:30:00,1610612739,1610612754,Regular Season,0
22300092,2023-10-28 19:30:00,1610612761,1610612755,Regular Season,0
22300088,2023-10-28 19:00:00,1610612765,1610612741,Regular Season,1
22300089,2023-10-28 19:00:00,1610612764,1610612763,Regular Season,1
22300090,2023-10-28 19:00:00,1610612740,1610612752,Regular Season,1
22300086,2023-10-27 22:00:00,1610612757,1610612753,Regular Season,0
22300087,2023-10-27 22:00:00,1610612758,1610612744,Regular Season,0
22300085,2023-10-27 21:30:00,1610612762,1610612746,Regular Season,1
22300084,2023-10-27 20:30:00,1610612742,1610612751,Regular Season,1
22300082,2023-10-27 20:00:00,1610612741,1610612761,Regular Season,1
22300083,2023-10-27 20:00:00,1610612759,1610612745,Regular Season,1
22300079,2023-10-27 19:30:00,1610612737,1610612752,Regular Season,0
22300080,2023-10-27 19:30:00,1610612738,1610612748,Regular Season,1
22300081,2023-10-27 19:30:00,1610612739,1610612760,Regular Season,0
22300077,2023-10-27 19:00:00,1610612766,1610612765,Regular Season,0
22300078,2023-10-27 19:00:00,1610612763,1610612743,Regular Season,0
22300076,2023-10-26 22:00:00,1610612747,1610612756,Regular Season,1
22300075,2023-10-26 19:30:00,1610612749,1610612755,Regular Season,1
22300074,2023-10-25 22:30:00,1610612746,1610612757,Regular Season,1
22300073,2023-10-25 21:30:00,1610612759,1610612742,Regular Season,0
22300072,2023-10-25 21:00:00,1610612762,1610612758,Regular Season,0
22300070,2023-10-25 20:00:00,1610612741,1610612760,Regular Season,0
22300071,2023-10-25 20:00:00,1610612763,1610612740,Regular Season,0
22300067,2023-10-25 19:30:00,1610612751,1610612739,Regular Season,0
22300068,2023-10-25 19:30:00,1610612748,1610612765,Regular Season,1
22300069,2023-10-25 19:30:00,1610612761,1610612750,Regular Season,1
22300063,2023-10-25 19:00:00,1610612766,1610612737,Regular Season,1
22300064,2023-10-25 19:00:00,1610612754,1610612764,Regular Season,1
22300065,2023-10-25 19:00:00,1610612752,1610612738,Regular Season,0
22300066,2023-10-25 19:00:00,1610612753,1610612745,Regular Season,1
22300062,2023-10-24 22:00:00,1610612744,1610612756,Regular Season,0
22300061,2023-10-24 19:30:00,1610612743,1610612747,Regular Season,1
12300073,2023-10-20 22:00:00,1610612744,1610612759,Preseason,0
12300070,2023-10-20 20:00:00,1610612742,1610612765,Preseason,1
12300071,2023-10-20 20:00:00,1610612745,1610612748,Preseason,1
12300072,2023-10-20 20:00:00,1610612749,1610612763,Preseason,1
12300069,2023-10-20 19:30:00,1610612761,1610612764,Preseason,1
12300066,2023-10-20 19:00:00,1610612754,1610612739,Preseason,1
12300068,2023-10-20 19:00:00,1610612755,1610612737,Preseason,1
12300063,2023-10-19 22:00:00,1610612747,1610612756,Preseason,0
12300064,2023-10-19 22:00:00,1610612746,1610612743,Preseason,0
12300065,2023-10-19 22:00:00,1610612758,1610612762,Preseason,1
12300061,2023-10-19 20:00:00,1610612741,1610612750,Preseason,0
12300062,2023-10-19 20:00:00,1610612760,1610612765,Preseason,0
12300060,2023-10-19 19:00:00,1610612766,1610612738,Preseason,0
12300059,2023-10-18 22:00:00,1610612744,1610612758,Preseason,1
12300058,2023-10-18 20:00:00,1610612759,1610612745,Preseason,1
12300056,2023-10-18 19:30:00,1610612748,1610612751,Preseason,0
12300057,2023-10-18 19:30:00,1610612752,1610612764,Preseason,0
12300055,2023-10-17 22:30:00,1610612746,1610612743,Preseason,1
12300052,2023-10-17 20:00:00,1610612741,1610612761,Preseason,0
12300053,2023-10-17 20:00:00,1610612760,1610612749,Preseason,1
12300051,2023-10-17 19:30:00,1610612738,1610612752,Preseason,1
12300050,2023-10-17 19:00:00,1610612753,1610612740,Preseason,0
12300049,2023-10-16 22:00:00,1610612756,1610612757,Preseason,1
12300047,2023-10-16 20:00:00,1610612759,1610612745,Preseason,0
12300046,2023-10-16 19:30:00,1610612751,1610612755,Preseason,0
12300044,2023-10-16 19:00:00,1610612754,1610612737,Preseason,1
12300043,2023-10-15 21:30:00,1610612758,1610612744,Preseason,0
12300042,2023-10-15 21:00:00,1610612743,1610612741,Preseason,1
12300041,2023-10-15 19:00:00,1610612747,1610612749,Preseason,0
12300039,2023-10-15 18:00:00,1610612748,1610612763,Preseason,1
12300038,2023-10-15 17:00:00,1610612766,1610612760,Preseason,1
12300037,2023-10-14 21:00:00,1610612762,1610612757,Preseason,1
12300036,2023-10-14 19:30:00,1610612752,1610612750,Preseason,0
12300035,2023-10-14 15:30:00,1610612737,1610612740,Preseason,1
12300034,2023-10-13 22:00:00,1610612747,1610612744,Preseason,0
12300033,2023-10-13 19:30:00,1610612759,1610612748,Preseason,1
12300032,2023-10-12 22:00:00,1610612757,1610612756,Preseason,0
12300030,2023-10-12 20:00:00,1610612741,1610612743,Preseason,1
12300031,2023-10-12 20:00:00,1610612740,1610612745,Preseason,0
12300028,2023-10-12 19:30:00,1610612737,1610612763,Preseason,1
12300025,2023-10-12 19:00:00,1610612764,1610612766,Preseason,1
12300026,2023-10-12 19:00:00,1610612739,1610612753,Preseason,0
12300027,2023-10-12 19:00:00,1610612760,1610612765,Preseason,0
12300024,2023-10-11 22:00:00,1610612747,1610612758,Preseason,1
12300023,2023-10-11 19:00:00,1610612755,1610612738,Preseason,0
12300020,2023-10-10 22:00:00,1610612746,1610612762,Preseason,1
12300021,2023-10-10 22:00:00,1610612756,1610612743,Preseason,0
12300017,2023-10-10 20:00:00,1610612745,1610612754,Preseason,1
12300018,2023-10-10 20:00:00,1610612763,1610612749,Preseason,1
12300019,2023-10-10 20:00:00,1610612740,1610612753,Preseason,0
12300015,2023-10-10 19:30:00,1610612737,1610612739,Preseason,1
12300016,2023-10-10 19:30:00,1610612748,1610612766,Preseason,1
12300012,2023-10-09 21:00:00,1610612747,1610612751,Preseason,1
12300011,2023-10-09 20:00:00,1610612760,1610612759,Preseason,1
12300010,2023-10-09 19:30:00,1610612752,1610612738,Preseason,1
12300009,2023-10-08 21:00:00,1610612746,1610612762,Preseason,0
12300007,2023-10-08 20:00:00,1610612763,1610612754,Preseason,1
12300008,2023-10-08 20:00:00,1610612761,1610612758,Preseason,1
12300006,2023-10-08 18:00:00,1610612738,1610612755,Preseason,1
12300005,2023-10-08 15:00:00,1610612765,1610612756,Preseason,0
12300004,2023-10-08 13:00:00,1610612749,1610612741,Preseason,1
12300003,2023-10-07 20:30:00,1610612744,1610612747,Preseason,1
12300002,2023-10-07 12:00:00,1610612742,1610612750,Preseason,0
12300001,2023-10-05 12:00:00,1610612750,1610612742,Preseason,1
42200405,2023-06-12 20:30:00,1610612743,1610612748,Playoffs,1
42200404,2023-06-09 20:30:00,1610612748,1610612743,Playoffs,0
42200403,2023-06-07 20:30:00,1610612748,1610612743,Playoffs,0
42200402,2023-06-04 20:00:00,1610612743,1610612748,Playoffs,0
42200401,2023-06-01 20:30:00,1610612743,1610612748,Playoffs,1
42200307,2023-05-29 20:30:00,1610612738,1610612748,Playoffs,0
42200306,2023-05-27 20:30:00,1610612748,1610612738,Playoffs,0
42200305,2023-05-25 20:30:00,1610612738,1610612748,Playoffs,1
42200304,2023-05-23 20:30:00,1610612748,1610612738,Playoffs,0
42200314,2023-05-22 20:30:00,1610612747,1610612743,Playoffs,0
42200303,2023-05-21 20:30:00,1610612748,1610612738,Playoffs,1
42200313,2023-05-20 20:30:00,1610612747,1610612743,Playoffs,0
42200302,2023-05-19 20:30:00,1610612738,1610612748,Playoffs,0
42200312,2023-05-18 20:30:00,1610612743,1610612747,Playoffs,1
42200301,2023-05-17 20:30:00,1610612738,1610612748,Playoffs,0
42200311,2023-05-16 20:30:00,1610612743,1610612747,Playoffs,1
42200217,2023-05-14 15:30:00,1610612738,1610612755,Playoffs,1
42200236,2023-05-12 22:00:00,1610612747,1610612744,Playoffs,1
42200206,2023-05-12 19:30:00,1610612748,1610612752,Playoffs,1
42200226,2023-05-11 22:00:00,1610612756,1610612743,Playoffs,0
42200216,2023-05-11 19:30:00,1610612755,1610612738,Playoffs,0
42200235,2023-05-10 22:00:00,1610612744,1610612747,Playoffs,1
42200205,2023-05-10 19:30:00,1610612752,1610612748,Playoffs,1
42200225,2023-05-09 22:00:00,1610612743,1610612756,Playoffs,1
42200215,2023-05-09 19:30:00,1610612738,1610612755,Playoffs,0
42200234,2023-05-08 22:00:00,1610612747,1610612744,Playoffs,1
42200204,2023-05-08 19:30:00,1610612748,1610612752,Playoffs,1
42200224,2023-05-07 20:00:00,1610612756,1610612743,Playoffs,1
42200214,2023-05-07 15:30:00,1610612755,1610612738,Playoffs,1
42200233,2023-05-06 20:30:00,1610612747,1610612744,Playoffs,1
42200203,2023-05-06 15:30:00,1610612748,1610612752,Playoffs,1
42200223,2023-05-05 22:00:00,1610612756,1610612743,Playoffs,1
42200213,2023-05-05 19:30:00,1610612755,1610612738,Playoffs,0
42200232,2023-05-04 21:00:00,1610612744,1610612747,Playoffs,1
42200212,2023-05-03 20:00:00,1610612738,1610612755,Playoffs,1
42200231,2023-05-02 22:00:00,1610612744,1610612747,Playoffs,0
42200202,2023-05-02 19:30:00,1610612752,1610612748,Playoffs,1
42200222,2023-05-01 22:00:00,1610612743,1610612756,Playoffs,1
42200211,2023-05-01 19:30:00,1610612738,1610612755,Playoffs,0
42200167,2023-04-30 15:30:00,1610612758,1610612744,Playoffs,0
42200201,2023-04-30 13:00:00,1610612752,1610612748,Playoffs,0
42200221,2023-04-29 20:30:00,1610612743,1610612756,Playoffs,1
42200156,2023-04-28 22:30:00,1610612747,1610612763,Playoffs,1
42200166,2023-04-28 20:00:00,1610612744,1610612758,Playoffs,0
42200116,2023-04-27 20:30:00,1610612737,1610612738,Playoffs,0
42200165,2023-04-26 22:00:00,1610612758,1610612744,Playoffs,0
42200105,2023-04-26 21:30:00,1610612749,1610612748,Playoffs,0
42200155,2023-04-26 19:30:00,1610612763,1610612747,Playoffs,1
42200135,2023-04-26 19:00:00,1610612739,1610612752,Playoffs,0
42200175,2023-04-25 22:00:00,1610612756,1610612746,Playoffs,1
42200145,2023-04-25 21:00:00,1610612743,1610612750,Playoffs,1
42200115,2023-04-25 19:30:00,1610612738,1610612737,Playoffs,0
42200154,2023-04-24 22:00:00,1610612747,1610612763,Playoffs,1
42200104,2023-04-24 19:30:00,1610612748,1610612749,Playoffs,1
42200144,2023-04-23 21:30:00,1610612750,1610612743,Playoffs,1
42200114,2023-04-23 19:00:00,1610612737,1610612738,Playoffs,0
42200164,2023-04-23 15:30:00,1610612744,1610612758,Playoffs,1
42200134,2023-04-23 13:00:00,1610612752,1610612739,Playoffs,1
42200153,2023-04-22 22:00:00,1610612747,1610612763,Playoffs,1
42200103,2023-04-22 19:30:00,1610612748,1610612749,Playoffs,1
42200174,2023-04-22 15:30:00,1610612746,1610612756,Playoffs,0
42200124,2023-04-22 13:00:00,1610612751,1610612755,Playoffs,0
42200143,2023-04-21 21:30:00,1610612750,1610612743,Playoffs,0
42200133,2023-04-21 20:30:00,1610612752,1610612739,Playoffs,1
42200113,2023-04-21 19:00:00,1610612737,1610612738,Playoffs,1
42200173,2023-04-20 22:30:00,1610612746,1610612756,Playoffs,0
42200163,2023-04-20 22:00:00,1610612744,1610612758,Playoffs,1
42200123,2023-04-20 19:30:00,1610612751,1610612755,Playoffs,0
42200142,2023-04-19 22:00:00,1610612743,1610612750,Playoffs,1
42200102,2023-04-19 21:00:00,1610612749,1610612748,Playoffs,1
42200152,2023-04-19 19:30:00,1610612763,1610612747,Playoffs,1
42200172,2023-04-18 22:00:00,1610612756,1610612746,Playoffs,1
42200132,2023-04-18 19:30:00,1610612739,1610612752,Playoffs,1
42200112,2023-04-18 19:00:00,1610612738,1610612737,Playoffs,1
42200162,2023-04-17 22:00:00,1610612758,1610612744,Playoffs,1
42200122,2023-04-17 19:30:00,1610612755,1610612751,Playoffs,1
42200141,2023-04-16 22:30:00,1610612743,1610612750,Playoffs,1
42200171,2023-04-16 20:00:00,1610612756,1610612746,Playoffs,0
42200101,2023-04-16 17:30:00,1610612749,1610612748,Playoffs,0
42200151,2023-04-16 15:00:00,1610612763,1610612747,Playoffs,0
42200161,2023-04-15 20:30:00,1610612758,1610612744,Playoffs,1
42200131,2023-04-15 18:00:00,1610612739,1610612752,Playoffs,0
42200111,2023-04-15 15:30:00,1610612738,1610612737,Playoffs,1
42200121,2023-04-15 13:00:00,1610612755,1610612751,Playoffs,1
52200211,2023-04-14 21:30:00,1610612750,1610612760,Play-in Tournament,1
52200201,2023-04-14 19:00:00,1610612748,1610612741,Play-in Tournament,1
52200131,2023-04-12 21:30:00,1610612740,1610612760,Play-in Tournament,0
52200111,2023-04-12 19:00:00,1610612761,1610612741,Play-in Tournament,0
52200121,2023-04-11 22:00:00,1610612747,1610612750,Play-in Tournament,1
52200101,2023-04-11 19:30:00,1610612748,1610612737,Play-in Tournament,0
22201224,2023-04-09 15:30:00,1610612742,1610612759,Regular Season,0
22201225,2023-04-09 15:30:00,1610612750,1610612740,Regular Season,1
22201226,2023-04-09 15:30:00,1610612760,1610612763,Regular Season,1
22201227,2023-04-09 15:30:00,1610612743,1610612758,Regular Season,1
22201228,2023-04-09 15:30:00,1610612747,1610612762,Regular Season,1
22201229,2023-04-09 15:30:00,1610612756,1610612746,Regular Season,0
22201230,2023-04-09 15:30:00,1610612757,1610612744,Regular Season,0
22201216,2023-04-09 13:00:00,1610612738,1610612737,Regular Season,1
22201217,2023-04-09 13:00:00,1610612751,1610612755,Regular Season,0
22201218,2023-04-09 13:00:00,1610612739,1610612766,Regular Season,0
22201219,2023-04-09 13:00:00,1610612748,1610612753,Regular Season,1
22201220,2023-04-09 13:00:00,1610612752,1610612754,Regular Season,0
22201221,2023-04-09 13:00:00,1610612761,1610612749,Regular Season,1
22201222,2023-04-09 13:00:00,1610612764,1610612745,Regular Season,0
22201223,2023-04-09 13:00:00,1610612741,1610612765,Regular Season,1
22201214,2023-04-08 16:00:00,1610612759,1610612750,Regular Season,0
22201215,2023-04-08 16:00:00,1610612746,1610612757,Regular Season,1
22201213,2023-04-08 15:30:00,1610612762,1610612743,Regular Season,1
22201212,2023-04-07 22:30:00,1610612747,1610612756,Regular Season,1
22201211,2023-04-07 22:00:00,1610612758,1610612744,Regular Season,0
22201210,2023-04-07 20:30:00,1610612742,1610612741,Regular Season,0
22201208,2023-04-07 20:00:00,1610612749,1610612763,Regular Season,0
22201209,2023-04-07 20:00:00,1610612740,1610612752,Regular Season,1
22201205,2023-04-07 19:30:00,1610612737,1610612755,Regular Season,0
22201206,2023-04-07 19:30:00,1610612738,1610612761,Regular Season,1
22201207,2023-04-07 19:30:00,1610612751,1610612753,Regular Season,1
22201202,2023-04-07 19:00:00,1610612766,1610612745,Regular Season,0
22201203,2023-04-07 19:00:00,1610612754,1610612765,Regular Season,0
22201204,2023-04-07 19:00:00,1610612764,1610612748,Regular Season,1
22201201,2023-04-06 22:00:00,1610612756,1610612743,Regular Season,1
22201200,2023-04-06 21:00:00,1610612762,1610612760,Regular Season,0
22201199,2023-04-06 20:00:00,1610612759,1610612757,Regular Season,1
22201198,2023-04-06 19:30:00,1610612755,1610612748,Regular Season,0
22201197,2023-04-06 19:00:00,1610612753,1610612739,Regular Season,0
22201196,2023-04-05 22:00:00,1610612746,1610612747,Regular Season,1
22201195,2023-04-05 20:30:00,1610612742,1610612758,Regular Season,1
22201194,2023-04-05 20:00:00,1610612740,1610612763,Regular Season,1
22201191,2023-04-05 19:30:00,1610612737,1610612764,Regular Season,1
22201192,2023-04-05 19:30:00,1610612738,1610612761,Regular Season,1
22201193,2023-04-05 19:30:00,1610612749,1610612741,Regular Season,1
22201189,2023-04-05 19:00:00,1610612765,1610612751,Regular Season,0
22201190,2023-04-05 19:00:00,1610612754,1610612752,Regular Season,0
22201187,2023-04-04 22:00:00,1610612744,1610612760,Regular Season,1
22201188,2023-04-04 22:00:00,1610612756,1610612759,Regular Season,1
22201186,2023-04-04 21:00:00,1610612762,1610612747,Regular Season,0
22201181,2023-04-04 20:00:00,1610612755,1610612738,Regular Season,1
22201182,2023-04-04 20:00:00,1610612741,1610612737,Regular Season,0
22201183,2023-04-04 20:00:00,1610612745,1610612743,Regular Season,1
22201184,2023-04-04 20:00:00,1610612763,1610612757,Regular Season,1
22201185,2023-04-04 20:00:00,1610612740,1610612758,Regular Season,0
22201180,2023-04-04 19:30:00,1610612751,1610612750,Regular Season,0
22201176,2023-04-04 19:00:00,1610612766,1610612761,Regular Season,0
22201177,2023-04-04 19:00:00,1610612765,1610612748,Regular Season,0
22201178,2023-04-04 19:00:00,1610612753,1610612739,Regular Season,0
22201179,2023-04-04 19:00:00,1610612764,1610612749,Regular Season,0
22201175,2023-04-02 20:30:00,1610612743,1610612744,Regular Season,1
22201173,2023-04-02 20:00:00,1610612739,1610612754,Regular Season,1
22201174,2023-04-02 20:00:00,1610612749,1610612755,Regular Season,1
22201171,2023-04-02 19:00:00,1610612745,1610612747,Regular Season,0
22201172,2023-04-02 19:00:00,1610612760,1610612756,Regular Season,0
22201167,2023-04-02 18:00:00,1610612737,1610612742,Regular Season,1
22201168,2023-04-02 18:00:00,1610612752,1610612764,Regular Season,1
22201169,2023-04-02 18:00:00,1610612753,1610612765,Regular Season,1
22201170,2023-04-02 18:00:00,1610612758,1610612759,Regular Season,0
22201164,2023-04-02 15:30:00,1610612751,1610612762,Regular Season,1
22201165,2023-04-02 15:30:00,1610612741,1610612763,Regular Season,1
22201166,2023-04-02 15:30:00,1610612750,1610612757,Regular Season,0
22201163,2023-04-02 13:00:00,1610612766,1610612761,Regular Season,0
22201162,2023-04-01 20:30:00,1610612740,1610612746,Regular Season,1
22201161,2023-04-01 19:30:00,1610612748,1610612742,Regular Season,1
22201160,2023-03-31 22:30:00,1610612756,1610612743,Regular Season,1
22201158,2023-03-31 22:00:00,1610612744,1610612759,Regular Season,1
22201159,2023-03-31 22:00:00,1610612757,1610612758,Regular Season,0
22201155,2023-03-31 20:00:00,1610612745,1610612765,Regular Season,1
22201156,2023-03-31 20:00:00,1610612763,1610612746,Regular Season,1
22201157,2023-03-31 20:00:00,1610612750,1610612747,Regular Season,0
22201152,2023-03-31 19:30:00,1610612738,1610612762,Regular Season,1
22201153,2023-03-31 19:30:00,1610612751,1610612737,Regular Season,1
22201154,2023-03-31 19:30:00,1610612739,1610612752,Regular Season,0
22201148,2023-03-31 19:00:00,1610612766,1610612741,Regular Season,0
22201149,2023-03-31 19:00:00,1610612754,1610612760,Regular Season,1
22201150,2023-03-31 19:00:00,1610612755,1610612761,Regular Season,1
22201151,2023-03-31 19:00:00,1610612764,1610612753,Regular Season,0
22201147,2023-03-30 22:00:00,1610612743,1610612740,Regular Season,0
22201146,2023-03-30 19:30:00,1610612749,1610612738,Regular Season,0
22201144,2023-03-29 22:00:00,1610612756,1610612750,Regular Season,1
22201145,2023-03-29 22:00:00,1610612757,1610612758,Regular Season,0
22201140,2023-03-29 20:00:00,1610612741,1610612747,Regular Season,0
22201141,2023-03-29 20:00:00,1610612763,1610612746,Regular Season,0
22201142,2023-03-29 20:00:00,1610612760,1610612765,Regular Season,1
22201143,2023-03-29 20:00:00,1610612759,1610612762,Regular Season,0
22201137,2023-03-29 19:30:00,1610612751,1610612745,Regular Season,1
22201138,2023-03-29 19:30:00,1610612752,1610612748,Regular Season,1
22201139,2023-03-29 19:30:00,1610612755,1610612742,Regular Season,1
22201136,2023-03-29 19:00:00,1610612754,1610612749,Regular Season,0
22201135,2023-03-28 22:00:00,1610612744,1610612740,Regular Season,1
22201133,2023-03-28 20:00:00,1610612763,1610612753,Regular Season,1
22201134,2023-03-28 20:00:00,1610612760,1610612766,Regular Season,0
22201131,2023-03-28 19:30:00,1610612737,1610612739,Regular Season,1
22201132,2023-03-28 19:30:00,1610612761,1610612748,Regular Season,1
22201130,2023-03-28 19:00:00,1610612764,1610612738,Regular Season,1
22201129,2023-03-27 22:30:00,1610612746,1610612741,Regular Season,1
22201127,2023-03-27 22:00:00,1610612757,1610612740,Regular Season,0
22201128,2023-03-27 22:00:00,1610612758,1610612750,Regular Season,0
22201126,2023-03-27 21:30:00,1610612743,1610612755,Regular Season,1
22201125,2023-03-27 21:00:00,1610612762,1610612756,Regular Season,0
22201124,2023-03-27 19:30:00,1610612752,1610612745,Regular Season,1
22201122,2023-03-27 19:00:00,1610612765,1610612749,Regular Season,0
22201123,2023-03-27 19:00:00,1610612754,1610612742,Regular Season,0
22201121,2023-03-26 20:30:00,1610612744,1610612750,Regular Season,0
22201120,2023-03-26 19:00:00,1610612757,1610612760,Regular Season,0
22201115,2023-03-26 18:00:00,1610612737,1610612763,Regular Season,0
22201116,2023-03-26 18:00:00,1610612738,1610612759,Regular Season,1
22201117,2023-03-26 18:00:00,1610612739,1610612745,Regular Season,1
22201118,2023-03-26 18:00:00,1610612753,1610612751,Regular Season,1
22201119,2023-03-26 18:00:00,1610612761,1610612764,Regular Season,1
22201114,2023-03-26 15:30:00,1610612747,1610612741,Regular Season,0
22201113,2023-03-26 13:00:00,1610612766,1610612742,Regular Season,1
22201112,2023-03-25 22:30:00,1610612746,1610612740,Regular Season,0
22201110,2023-03-25 22:00:00,1610612756,1610612755,Regular Season,1
22201111,2023-03-25 22:00:00,1610612758,1610612762,Regular Season,1
22201109,2023-03-25 21:00:00,1610612743,1610612749,Regular Season,1
22201108,2023-03-25 20:00:00,1610612748,1610612751,Regular Season,0
22201107,2023-03-25 17:00:00,1610612737,1610612754,Regular Season,1
22201106,2023-03-24 22:30:00,1610612747,1610612760,Regular Season,1
22201103,2023-03-24 22:00:00,1610612744,1610612755,Regular Season,1
22201104,2023-03-24 22:00:00,1610612757,1610612741,Regular Season,0
22201105,2023-03-24 22:00:00,1610612758,1610612756,Regular Season,1
22201102,2023-03-24 21:00:00,1610612762,1610612749,Regular Season,0
22201101,2023-03-24 20:30:00,1610612742,1610612766,Regular Season,0
22201100,2023-03-24 20:00:00,1610612763,1610612745,Regular Season,1
22201099,2023-03-24 19:30:00,1610612761,1610612765,Regular Season,1
22201097,2023-03-24 19:00:00,1610612738,1610612754,Regular Season,1
22201098,2023-03-24 19:00:00,1610612764,1610612759,Regular Season,1
22201096,2023-03-23 22:30:00,1610612746,1610612760,Regular Season,1
22201095,2023-03-23 20:00:00,1610612740,1610612766,Regular Season,1
22201094,2023-03-23 19:30:00,1610612751,1610612739,Regular Season,0
22201093,2023-03-23 19:00:00,1610612753,1610612752,Regular Season,1
22201092,2023-03-22 22:00:00,1610612747,1610612756,Regular Season,1
22201091,2023-03-22 21:00:00,1610612762,1610612757,Regular Season,0
22201087,2023-03-22 20:00:00,1610612741,1610612755,Regular Season,0
22201088,2023-03-22 20:00:00,1610612763,1610612745,Regular Season,1
22201089,2023-03-22 20:00:00,1610612749,1610612759,Regular Season,1
22201090,2023-03-22 20:00:00,1610612750,1610612737,Regular Season,1
22201084,2023-03-22 19:30:00,1610612748,1610612752,Regular Season,1
22201085,2023-03-22 19:30:00,1610612761,1610612754,Regular Season,0
22201086,2023-03-22 19:30:00,1610612742,1610612744,Regular Season,0
22201083,2023-03-22 19:00:00,1610612764,1610612743,Regular Season,0
22201082,2023-03-21 22:30:00,1610612746,1610612760,Regular Season,0
22201081,2023-03-21 22:00:00,1610612758,1610612738,Regular Season,0
22201080,2023-03-21 20:00:00,1610612740,1610612759,Regular Season,1
22201078,2023-03-21 19:30:00,1610612737,1610612765,Regular Season,1
22201079,2023-03-21 19:30:00,1610612751,1610612739,Regular Season,0
22201077,2023-03-21 19:00:00,1610612753,1610612764,Regular Season,1
22201076,2023-03-20 21:00:00,1610612762,1610612758,Regular Season,1
22201074,2023-03-20 20:00:00,1610612745,1610612744,Regular Season,0
22201075,2023-03-20 20:00:00,1610612763,1610612742,Regular Season,1
22201073,2023-03-20 19:30:00,1610612752,1610612750,Regular Season,0
22201071,2023-03-20 19:00:00,1610612766,1610612754,Regular Season,1
22201072,2023-03-20 19:00:00,1610612755,1610612741,Regular Season,0
22201070,2023-03-19 21:30:00,1610612747,1610612753,Regular Season,1
22201069,2023-03-19 21:00:00,1610612757,1610612746,Regular Season,0
22201068,2023-03-19 20:00:00,1610612749,1610612761,Regular Season,1
22201067,2023-03-19 19:00:00,1610612745,1610612740,Regular Season,0
22201066,2023-03-19 18:00:00,1610612765,1610612748,Regular Season,0
22201065,2023-03-19 16:00:00,1610612759,1610612737,Regular Season,1
22201063,2023-03-19 15:30:00,1610612751,1610612743,Regular Season,0
22201064,2023-03-19 15:30:00,1610612760,1610612756,Regular Season,1
22201062,2023-03-18 21:00:00,1610612762,1610612738,Regular Season,1
22201059,2023-03-18 20:00:00,1610612764,1610612758,Regular Season,0
22201060,2023-03-18 20:00:00,1610612741,1610612748,Regular Season,1
22201061,2023-03-18 20:00:00,1610612763,1610612744,Regular Season,1
22201057,2023-03-18 19:00:00,1610612754,1610612755,Regular Season,0
22201058,2023-03-18 19:00:00,1610612761,1610612750,Regular Season,1
22201056,2023-03-18 15:00:00,1610612746,1610612753,Regular Season,0
22201055,2023-03-18 13:00:00,1610612752,1610612743,Regular Season,1
22201054,2023-03-17 22:30:00,1610612747,1610612742,Regular Season,0
22201053,2023-03-17 22:00:00,1610612757,1610612738,Regular Season,0
22201050,2023-03-17 20:00:00,1610612741,1610612750,Regular Season,1
22201051,2023-03-17 20:00:00,1610612745,1610612740,Regular Season,1
22201052,2023-03-17 20:00:00,1610612759,1610612763,Regular Season,0
22201048,2023-03-17 19:30:00,1610612737,1610612744,Regular Season,1
22201049,2023-03-17 19:30:00,1610612739,1610612764,Regular Season,1
22201047,2023-03-17 19:00:00,1610612766,1610612755,Regular Season,0
22201046,2023-03-16 22:00:00,1610612756,1610612753,Regular Season,1
22201045,2023-03-16 20:00:00,1610612749,1610612754,Regular Season,0
22201043,2023-03-16 19:30:00,1610612751,1610612758,Regular Season,0
22201044,2023-03-16 19:30:00,1610612761,1610612760,Regular Season,1
22201042,2023-03-16 19:00:00,1610612765,1610612743,Regular Season,0
22201041,2023-03-15 22:00:00,1610612746,1610612744,Regular Season,1
22201040,2023-03-15 20:30:00,1610612759,1610612742,Regular Season,0
22201037,2023-03-15 20:00:00,1610612741,1610612758,Regular Season,0
22201038,2023-03-15 20:00:00,1610612745,1610612747,Regular Season,1
22201039,2023-03-15 20:00:00,1610612750,1610612738,Regular Season,0
22201035,2023-03-15 19:30:00,1610612739,1610612755,Regular Season,0
22201036,2023-03-15 19:30:00,1610612748,1610612763,Regular Season,1
22201033,2023-03-14 22:00:00,1610612756,1610612749,Regular Season,0
22201034,2023-03-14 22:00:00,1610612757,1610612752,Regular Season,0
22201030,2023-03-14 20:00:00,1610612740,1610612747,Regular Season,0
22201031,2023-03-14 20:00:00,1610612760,1610612751,Regular Season,1
22201032,2023-03-14 20:00:00,1610612759,1610612753,Regular Season,1
22201029,2023-03-14 19:30:00,1610612761,1610612743,Regular Season,1
22201027,2023-03-14 19:00:00,1610612766,1610612739,Regular Season,0
22201028,2023-03-14 19:00:00,1610612764,1610612765,Regular Season,1
22201025,2023-03-13 22:00:00,1610612744,1610612756,Regular Season,1
22201026,2023-03-13 22:00:00,1610612758,1610612749,Regular Season,0
22201024,2023-03-13 20:00:00,1610612745,1610612738,Regular Season,1
22201021,2023-03-13 19:30:00,1610612737,1610612750,Regular Season,0
22201022,2023-03-13 19:30:00,1610612748,1610612762,Regular Season,1
22201023,2023-03-13 19:30:00,1610612742,1610612763,Regular Season,0
22201020,2023-03-13 19:00:00,1610612765,1610612754,Regular Season,1
22201019,2023-03-12 21:00:00,1610612747,1610612752,Regular Season,0
22201017,2023-03-12 19:00:00,1610612740,1610612757,Regular Season,1
22201018,2023-03-12 19:00:00,1610612759,1610612760,Regular Season,0
22201016,2023-03-12 18:00:00,1610612755,1610612764,Regular Season,1
22201015,2023-03-12 17:00:00,1610612766,1610612739,Regular Season,0
22201014,2023-03-12 15:30:00,1610612743,1610612751,Regular Season,0
22201013,2023-03-11 21:00:00,1610612756,1610612758,Regular Season,0
22201011,2023-03-11 20:30:00,1610612740,1610612760,Regular Season,0
22201012,2023-03-11 20:30:00,1610612744,1610612749,Regular Season,1
22201009,2023-03-11 20:00:00,1610612745,1610612741,Regular Season,0
22201010,2023-03-11 20:00:00,1610612763,1610612742,Regular Season,1
22201008,2023-03-11 19:30:00,1610612737,1610612738,Regular Season,0
22201005,2023-03-11 19:00:00,1610612766,1610612762,Regular Season,0
22201006,2023-03-11 19:00:00,1610612765,1610612754,Regular Season,0
22201007,2023-03-11 19:00:00,1610612753,1610612748,Regular Season,1
22201004,2023-03-11 16:00:00,1610612746,1610612752,Regular Season,1
22201003,2023-03-10 22:30:00,1610612747,1610612761,Regular Season,1
22201000,2023-03-10 20:00:00,1610612748,1610612739,Regular Season,1
22201001,2023-03-10 20:00:00,1610612750,1610612751,Regular Season,0
22201002,2023-03-10 20:00:00,1610612759,1610612743,Regular Season,1
22200998,2023-03-10 19:00:00,1610612755,1610612757,Regular Season,1
22200999,2023-03-10 19:00:00,1610612764,1610612737,Regular Season,0
22200997,2023-03-09 22:00:00,1610612758,1610612752,Regular Season,1
22200995,2023-03-09 20:00:00,1610612749,1610612751,Regular Season,1
22200996,2023-03-09 19:30:00,1610612763,1610612744,Regular Season,1
22200992,2023-03-09 19:00:00,1610612765,1610612766,Regular Season,0
22200993,2023-03-09 19:00:00,1610612754,1610612745,Regular Season,1
22200994,2023-03-09 19:00:00,1610612753,1610612762,Regular Season,0
22200991,2023-03-08 22:00:00,1610612746,1610612761,Regular Season,1
22200989,2023-03-08 21:00:00,1610612743,1610612741,Regular Season,0
22200990,2023-03-08 21:00:00,1610612756,1610612760,Regular Season,1
22200986,2023-03-08 19:30:00,1610612738,1610612757,Regular Season,1
22200987,2023-03-08 19:30:00,1610612748,1610612739,Regular Season,0
22200988,2023-03-08 19:30:00,1610612740,1610612742,Regular Season,1
22200985,2023-03-08 19:00:00,1610612764,1610612737,Regular Season,0
22200984,2023-03-07 22:00:00,1610612747,1610612763,Regular Season,1
22200983,2023-03-07 20:30:00,1610612742,1610612762,Regular Season,1
22200981,2023-03-07 20:00:00,1610612745,1610612751,Regular Season,0
22200982,2023-03-07 20:00:00,1610612760,1610612744,Regular Season,1
22200979,2023-03-07 19:30:00,1610612752,1610612766,Regular Season,0
22200980,2023-03-07 19:30:00,1610612750,1610612755,Regular Season,0
22200769,2023-03-07 19:00:00,1610612765,1610612764,Regular Season,0
22200978,2023-03-07 19:00:00,1610612753,1610612749,Regular Season,0
22200976,2023-03-06 22:00:00,1610612758,1610612740,Regular Season,1
22200975,2023-03-06 21:00:00,1610612743,1610612761,Regular Season,1
22200974,2023-03-06 19:30:00,1610612748,1610612737,Regular Season,1
22200971,2023-03-06 19:00:00,1610612739,1610612738,Regular Season,1
22200972,2023-03-06 19:00:00,1610612754,1610612755,Regular Season,0
22200977,2023-03-06 19:00:00,1610612765,1610612757,Regular Season,0
22200970,2023-03-05 22:00:00,1610612746,1610612763,Regular Season,1
22200969,2023-03-05 19:30:00,1610612738,1610612752,Regular Season,0
22200973,2023-03-05 19:30:00,1610612764,1610612749,Regular Season,0
22200967,2023-03-05 19:00:00,1610612745,1610612759,Regular Season,1
22200968,2023-03-05 19:00:00,1610612760,1610612762,Regular Season,1
22200965,2023-03-05 18:00:00,1610612751,1610612766,Regular Season,1
22200966,2023-03-05 18:00:00,1610612753,1610612757,Regular Season,0
22200963,2023-03-05 15:30:00,1610612741,1610612754,Regular Season,0
22200964,2023-03-05 15:30:00,1610612747,1610612744,Regular Season,1
22200962,2023-03-05 13:00:00,1610612742,1610612756,Regular Season,0
22200961,2023-03-04 22:00:00,1610612758,1610612750,Regular Season,0
22200960,2023-03-04 20:30:00,1610612749,1610612755,Regular Season,0
22200958,2023-03-04 20:00:00,1610612748,1610612737,Regular Season,1
22200959,2023-03-04 20:00:00,1610612759,1610612745,Regular Season,0
22200957,2023-03-04 19:30:00,1610612739,1610612765,Regular Season,1
22200956,2023-03-04 17:00:00,1610612764,1610612761,Regular Season,0
22200955,2023-03-03 22:30:00,1610612747,1610612750,Regular Season,0
22200952,2023-03-03 22:00:00,1610612743,1610612763,Regular Season,1
22200953,2023-03-03 22:00:00,1610612744,1610612740,Regular Season,1
22200954,2023-03-03 22:00:00,1610612758,1610612746,Regular Season,1
22200949,2023-03-03 20:00:00,1610612748,1610612752,Regular Season,0
22200950,2023-03-03 20:00:00,1610612741,1610612756,Regular Season,0
22200951,2023-03-03 20:00:00,1610612760,1610612762,Regular Season,1
22200947,2023-03-03 19:30:00,1610612737,1610612757,Regular Season,1
22200948,2023-03-03 19:30:00,1610612738,1610612751,Regular Season,0
22200946,2023-03-03 19:00:00,1610612766,1610612753,Regular Season,0
22200945,2023-03-02 22:00:00,1610612744,1610612746,Regular Season,1
22200944,2023-03-02 20:30:00,1610612759,1610612754,Regular Season,1
22200943,2023-03-02 19:30:00,1610612742,1610612755,Regular Season,1
22200942,2023-03-02 19:00:00,1610612764,1610612761,Regular Season,1
22200941,2023-03-01 22:00:00,1610612757,1610612740,Regular Season,0
22200938,2023-03-01 20:00:00,1610612745,1610612763,Regular Season,0
22200939,2023-03-01 20:00:00,1610612749,1610612753,Regular Season,1
22200940,2023-03-01 20:00:00,1610612760,1610612747,Regular Season,0
22200935,2023-03-01 19:30:00,1610612738,1610612739,Regular Season,1
22200936,2023-03-01 19:30:00,1610612748,1610612755,Regular Season,0
22200937,2023-03-01 19:30:00,1610612752,1610612751,Regular Season,1
22200933,2023-03-01 19:00:00,1610612766,1610612756,Regular Season,0
22200934,2023-03-01 19:00:00,1610612765,1610612741,Regular Season,0
22200931,2023-02-28 22:00:00,1610612744,1610612757,Regular Season,1
22200932,2023-02-28 22:00:00,1610612746,1610612750,Regular Season,0
22200930,2023-02-28 21:00:00,1610612762,1610612759,Regular Season,0
22200929,2023-02-28 20:30:00,1610612742,1610612754,Regular Season,0
22200926,2023-02-28 20:00:00,1610612745,1610612743,Regular Season,0
22200928,2023-02-28 20:00:00,1610612760,1610612758,Regular Season,0
22200923,2023-02-28 19:30:00,1610612737,1610612764,Regular Season,0
22200924,2023-02-28 19:30:00,1610612751,1610612749,Regular Season,0
22200925,2023-02-28 19:30:00,1610612761,1610612741,Regular Season,1
22200927,2023-02-28 19:30:00,1610612763,1610612747,Regular Season,1
22200922,2023-02-27 20:00:00,1610612740,1610612753,Regular Season,0
22200921,2023-02-27 19:30:00,1610612752,1610612738,Regular Season,1
22200919,2023-02-27 19:00:00,1610612766,1610612765,Regular Season,1
22200920,2023-02-27 19:00:00,1610612755,1610612748,Regular Season,0
22200918,2023-02-26 22:00:00,1610612743,1610612746,Regular Season,1
22200917,2023-02-26 21:00:00,1610612757,1610612745,Regular Season,1
22200916,2023-02-26 19:30:00,1610612744,1610612750,Regular Season,1
22200915,2023-02-26 19:00:00,1610612760,1610612758,Regular Season,0
22200914,2023-02-26 18:00:00,1610612739,1610612761,Regular Season,1
22200912,2023-02-26 15:30:00,1610612741,1610612764,Regular Season,1
22200913,2023-02-26 15:30:00,1610612742,1610612747,Regular Season,0
22200911,2023-02-26 15:00:00,1610612737,1610612751,Regular Season,1
22200910,2023-02-26 13:00:00,1610612749,1610612756,Regular Season,1
22200909,2023-02-25 21:00:00,1610612762,1610612759,Regular Season,1
22200908,2023-02-25 20:30:00,1610612755,1610612738,Regular Season,0
22200907,2023-02-25 20:00:00,1610612763,1610612743,Regular Season,1
22200906,2023-02-25 19:30:00,1610612752,1610612740,Regular Season,1
22200904,2023-02-25 19:00:00,1610612766,1610612748,Regular Season,1
22200905,2023-02-25 19:00:00,1610612753,1610612754,Regular Season,0
22200903,2023-02-25 12:00:00,1610612765,1610612761,Regular Season,0
22200902,2023-02-24 22:30:00,1610612746,1610612758,Regular Season,0
22200899,2023-02-24 22:00:00,1610612756,1610612760,Regular Season,1
22200901,2023-02-24 22:00:00,1610612744,1610612745,Regular Season,1
22200898,2023-02-24 20:00:00,1610612750,1610612766,Regular Season,0
22200900,2023-02-24 20:00:00,1610612741,1610612751,Regular Season,1
22200896,2023-02-24 19:30:00,1610612737,1610612739,Regular Season,1
22200897,2023-02-24 19:30:00,1610612749,1610612748,Regular Season,1
22200895,2023-02-24 19:00:00,1610612764,1610612752,Regular Season,0
22200893,2023-02-23 22:00:00,1610612747,1610612744,Regular Season,1
22200894,2023-02-23 22:00:00,1610612758,1610612757,Regular Season,1
22200892,2023-02-23 21:00:00,1610612762,1610612760,Regular Season,1
22200891,2023-02-23 20:30:00,1610612742,1610612759,Regular Season,1
22200889,2023-02-23 19:30:00,1610612755,1610612763,Regular Season,1
22200890,2023-02-23 19:30:00,1610612761,1610612740,Regular Season,1
22200886,2023-02-23 19:00:00,1610612739,1610612743,Regular Season,0
22200887,2023-02-23 19:00:00,1610612754,1610612738,Regular Season,0
22200888,2023-02-23 19:00:00,1610612753,1610612765,Regular Season,1
22200885,2023-02-16 22:00:00,1610612756,1610612746,Regular Season,0
22200884,2023-02-16 20:00:00,1610612750,1610612764,Regular Season,0
22200883,2023-02-16 19:30:00,1610612741,1610612749,Regular Season,0
22200882,2023-02-15 22:00:00,1610612747,1610612740,Regular Season,1
22200881,2023-02-15 21:00:00,1610612743,1610612742,Regular Season,1
22200879,2023-02-15 20:00:00,1610612763,1610612762,Regular Season,1
22200880,2023-02-15 20:00:00,1610612760,1610612745,Regular Season,1
22200875,2023-02-15 19:30:00,1610612755,1610612739,Regular Season,1
22200876,2023-02-15 19:30:00,1610612737,1610612752,Regular Season,0
22200877,2023-02-15 19:30:00,1610612738,1610612765,Regular Season,1
22200878,2023-02-15 19:30:00,1610612751,1610612748,Regular Season,1
22200873,2023-02-15 19:00:00,1610612766,1610612759,Regular Season,1
22200874,2023-02-15 19:00:00,1610612754,1610612741,Regular Season,1
22200871,2023-02-14 22:00:00,1610612746,1610612744,Regular Season,1
22200872,2023-02-14 22:00:00,1610612757,1610612764,Regular Season,0
22200870,2023-02-14 21:00:00,1610612756,1610612758,Regular Season,1
22200868,2023-02-14 19:30:00,1610612761,1610612753,Regular Season,1
22200869,2023-02-14 19:30:00,1610612749,1610612738,Regular Season,1
22200866,2023-02-13 22:00:00,1610612744,1610612764,Regular Season,1
22200867,2023-02-13 22:00:00,1610612757,1610612747,Regular Season,1
22200865,2023-02-13 20:30:00,1610612742,1610612750,Regular Season,0
22200863,2023-02-13 20:00:00,1610612741,1610612753,Regular Season,0
22200864,2023-02-13 20:00:00,1610612760,1610612740,Regular Season,0
22200861,2023-02-13 19:30:00,1610612748,1610612743,Regular Season,0
22200862,2023-02-13 19:30:00,1610612752,1610612751,Regular Season,1
22200857,2023-02-13 19:00:00,1610612766,1610612737,Regular Season,1
22200858,2023-02-13 19:00:00,1610612739,1610612759,Regular Season,1
22200859,2023-02-13 19:00:00,1610612754,1610612762,Regular Season,0
22200860,2023-02-13 19:00:00,1610612755,1610612745,Regular Season,1
22200856,2023-02-12 15:00:00,1610612761,1610612765,Regular Season,1
22200855,2023-02-12 14:00:00,1610612738,1610612763,Regular Season,1
22200854,2023-02-11 22:00:00,1610612758,1610612742,Regular Season,1
22200853,2023-02-11 20:30:00,1610612744,1610612747,Regular Season,0
22200852,2023-02-11 20:00:00,1610612739,1610612741,Regular Season,1
22200850,2023-02-11 19:30:00,1610612737,1610612759,Regular Season,1
22200851,2023-02-11 19:30:00,1610612752,1610612762,Regular Season,1
22200847,2023-02-11 19:00:00,1610612766,1610612743,Regular Season,0
22200848,2023-02-11 19:00:00,1610612753,1610612748,Regular Season,0
22200849,2023-02-11 19:00:00,1610612764,1610612754,Regular Season,1
22200846,2023-02-11 18:00:00,1610612751,1610612755,Regular Season,0
22200845,2023-02-10 22:30:00,1610612746,1610612749,Regular Season,0
22200842,2023-02-10 22:00:00,1610612740,1610612739,Regular Season,0
22200843,2023-02-10 22:00:00,1610612757,1610612760,Regular Season,0
22200844,2023-02-10 22:00:00,1610612758,1610612742,Regular Season,0
22200840,2023-02-10 20:00:00,1610612748,1610612745,Regular Season,1
22200841,2023-02-10 20:00:00,1610612763,1610612750,Regular Season,1
22200838,2023-02-10 19:30:00,1610612738,1610612766,Regular Season,1
22200839,2023-02-10 19:30:00,1610612761,1610612762,Regular Season,0
22200835,2023-02-10 19:00:00,1610612765,1610612759,Regular Season,1
22200836,2023-02-10 19:00:00,1610612754,1610612756,Regular Season,0
22200837,2023-02-10 19:00:00,1610612755,1610612752,Regular Season,1
22200834,2023-02-09 22:00:00,1610612747,1610612749,Regular Season,0
22200832,2023-02-09 19:30:00,1610612737,1610612756,Regular Season,1
22200833,2023-02-09 19:30:00,1610612751,1610612741,Regular Season,1
22200831,2023-02-09 19:00:00,1610612753,1610612743,Regular Season,1
22200829,2023-02-08 22:00:00,1610612746,1610612742,Regular Season,0
22200830,2023-02-08 22:00:00,1610612757,1610612744,Regular Season,1
22200828,2023-02-08 21:00:00,1610612762,1610612750,Regular Season,0
22200827,2023-02-08 20:00:00,1610612745,1610612758,Regular Season,0
22200824,2023-02-08 19:30:00,1610612738,1610612755,Regular Season,1
22200825,2023-02-08 19:30:00,1610612748,1610612754,Regular Season,1
22200826,2023-02-08 19:30:00,1610612761,1610612759,Regular Season,1
22200822,2023-02-08 19:00:00,1610612739,1610612765,Regular Season,1
22200823,2023-02-08 19:00:00,1610612764,1610612766,Regular Season,1
22200821,2023-02-07 22:00:00,1610612747,1610612760,Regular Season,0
22200820,2023-02-07 21:00:00,1610612743,1610612750,Regular Season,1
22200819,2023-02-07 20:00:00,1610612763,1610612741,Regular Season,1
22200817,2023-02-07 19:30:00,1610612751,1610612756,Regular Season,0
22200818,2023-02-07 19:30:00,1610612740,1610612737,Regular Season,1
22200816,2023-02-07 19:00:00,1610612753,1610612752,Regular Season,0
22200814,2023-02-06 22:00:00,1610612744,1610612760,Regular Season,1
22200815,2023-02-06 22:00:00,1610612757,1610612749,Regular Season,0
22200813,2023-02-06 21:00:00,1610612762,1610612742,Regular Season,0
22200811,2023-02-06 20:00:00,1610612741,1610612759,Regular Season,1
22200812,2023-02-06 20:00:00,1610612745,1610612758,Regular Season,0
22200810,2023-02-06 19:30:00,1610612751,1610612746,Regular Season,0
22200808,2023-02-06 19:00:00,1610612765,1610612738,Regular Season,0
22200809,2023-02-06 19:00:00,1610612764,1610612739,Regular Season,0
22200806,2023-02-05 19:00:00,1610612750,1610612743,Regular Season,1
22200807,2023-02-05 19:00:00,1610612740,1610612758,Regular Season,1
22200804,2023-02-05 18:00:00,1610612752,1610612755,Regular Season,1
22200805,2023-02-05 18:00:00,1610612763,1610612761,Regular Season,0
22200803,2023-02-05 17:00:00,1610612754,1610612739,Regular Season,0
22200802,2023-02-05 13:00:00,1610612766,1610612753,Regular Season,0
22200801,2023-02-04 21:00:00,1610612743,1610612737,Regular Season,1
22200800,2023-02-04 20:30:00,1610612744,1610612742,Regular Season,1
22200796,2023-02-04 20:00:00,1610612741,1610612757,Regular Season,1
22200797,2023-02-04 20:00:00,1610612749,1610612748,Regular Season,1
22200799,2023-02-04 20:00:00,1610612760,1610612745,Regular Season,1
22200794,2023-02-04 19:00:00,1610612765,1610612756,Regular Season,0
22200795,2023-02-04 19:00:00,1610612752,1610612746,Regular Season,0
22200793,2023-02-04 18:00:00,1610612751,1610612764,Regular Season,1
22200798,2023-02-04 18:00:00,1610612740,1610612747,Regular Season,1
22200792,2023-02-03 21:00:00,1610612762,1610612737,Regular Season,0
22200789,2023-02-03 20:00:00,1610612745,1610612761,Regular Season,0
22200790,2023-02-03 20:00:00,1610612750,1610612753,Regular Season,0
22200791,2023-02-03 20:00:00,1610612759,1610612755,Regular Season,0
22200788,2023-02-03 19:30:00,1610612738,1610612756,Regular Season,0
22200785,2023-02-03 19:00:00,1610612765,1610612766,Regular Season,1
22200786,2023-02-03 19:00:00,1610612754,1610612758,Regular Season,1
22200787,2023-02-03 19:00:00,1610612764,1610612757,Regular Season,0
22200784,2023-02-02 22:00:00,1610612749,1610612746,Regular Season,1
22200783,2023-02-02 21:00:00,1610612743,1610612744,Regular Season,1
22200782,2023-02-02 20:30:00,1610612742,1610612740,Regular Season,1
22200781,2023-02-02 20:00:00,1610612741,1610612766,Regular Season,1
22200779,2023-02-02 19:30:00,1610612739,1610612763,Regular Season,1
22200780,2023-02-02 19:30:00,1610612752,1610612748,Regular Season,1
22200778,2023-02-02 19:00:00,1610612754,1610612747,Regular Season,0
22200777,2023-02-01 22:00:00,1610612756,1610612737,Regular Season,0
22200776,2023-02-01 21:00:00,1610612762,1610612761,Regular Season,1
22200773,2023-02-01 20:00:00,1610612745,1610612760,Regular Season,1
22200774,2023-02-01 20:00:00,1610612750,1610612744,Regular Season,1
22200775,2023-02-01 20:00:00,1610612759,1610612758,Regular Season,0
22200772,2023-02-01 19:30:00,1610612738,1610612751,Regular Season,1
22200770,2023-02-01 19:00:00,1610612755,1610612753,Regular Season,1
22200771,2023-02-01 19:00:00,1610612763,1610612757,Regular Season,0
22200768,2023-01-31 22:00:00,1610612743,1610612740,Regular Season,1
22200766,2023-01-31 20:00:00,1610612741,1610612746,Regular Season,0
22200767,2023-01-31 20:00:00,1610612749,1610612766,Regular Season,1
22200765,2023-01-31 19:30:00,1610612752,1610612747,Regular Season,0
22200764,2023-01-31 19:00:00,1610612739,1610612748,Regular Season,0
22200763,2023-01-30 22:00:00,1610612757,1610612737,Regular Season,1
22200762,2023-01-30 21:00:00,1610612756,1610612761,Regular Season,1
22200761,2023-01-30 20:30:00,1610612742,1610612765,Regular Season,1
22200758,2023-01-30 20:00:00,1610612750,1610612758,Regular Season,0
22200759,2023-01-30 20:00:00,1610612760,1610612744,Regular Season,0
22200760,2023-01-30 20:00:00,1610612759,1610612764,Regular Season,0
22200757,2023-01-30 19:30:00,1610612751,1610612747,Regular Season,1
22200756,2023-01-30 19:00:00,1610612755,1610612753,Regular Season,0
22200755,2023-01-29 20:00:00,1610612749,1610612740,Regular Season,1
22200754,2023-01-29 19:00:00,1610612739,1610612746,Regular Season,1
22200753,2023-01-29 18:00:00,1610612763,1610612754,Regular Season,1
22200752,2023-01-29 13:00:00,1610612766,1610612748,Regular Season,1
22200751,2023-01-28 22:00:00,1610612757,1610612761,Regular Season,0
22200750,2023-01-28 21:00:00,1610612762,1610612742,Regular Season,1
22200749,2023-01-28 20:30:00,1610612738,1610612747,Regular Season,1
22200746,2023-01-28 20:00:00,1610612750,1610612758,Regular Season,1
22200747,2023-01-28 20:00:00,1610612740,1610612764,Regular Season,0
22200748,2023-01-28 20:00:00,1610612759,1610612756,Regular Season,0
22200745,2023-01-28 19:30:00,1610612737,1610612746,Regular Season,0
22200743,2023-01-28 19:00:00,1610612765,1610612745,Regular Season,0
22200744,2023-01-28 19:00:00,1610612753,1610612741,Regular Season,0
22200742,2023-01-28 17:30:00,1610612751,1610612752,Regular Season,1
22200741,2023-01-28 15:00:00,1610612755,1610612743,Regular Season,1
22200740,2023-01-27 22:00:00,1610612744,1610612761,Regular Season,1
22200738,2023-01-27 20:00:00,1610612748,1610612753,Regular Season,1
22200739,2023-01-27 20:00:00,1610612760,1610612739,Regular Season,1
22200737,2023-01-27 19:30:00,1610612750,1610612763,Regular Season,1
22200736,2023-01-27 19:00:00,1610612754,1610612749,Regular Season,0
22200735,2023-01-26 22:30:00,1610612746,1610612759,Regular Season,1
22200734,2023-01-26 22:00:00,1610612756,1610612742,Regular Season,0
22200733,2023-01-26 20:00:00,1610612745,1610612739,Regular Season,0
22200730,2023-01-26 19:30:00,1610612738,1610612752,Regular Season,0
22200731,2023-01-26 19:30:00,1610612751,1610612765,Regular Season,0
22200732,2023-01-26 19:30:00,1610612766,1610612741,Regular Season,1
22200729,2023-01-25 22:30:00,1610612747,1610612759,Regular Season,1
22200726,2023-01-25 22:00:00,1610612744,1610612763,Regular Season,1
22200727,2023-01-25 22:00:00,1610612757,1610612762,Regular Season,1
22200728,2023-01-25 22:00:00,1610612758,1610612761,Regular Season,0
22200722,2023-01-25 20:00:00,1610612745,1610612764,Regular Season,0
22200723,2023-01-25 20:00:00,1610612749,1610612743,Regular Season,1
22200724,2023-01-25 20:00:00,1610612740,1610612750,Regular Season,0
22200725,2023-01-25 20:00:00,1610612760,1610612737,Regular Season,0
22200721,2023-01-25 19:30:00,1610612755,1610612751,Regular Season,1
22200720,2023-01-25 19:00:00,1610612753,1610612754,Regular Season,1
22200719,2023-01-24 22:00:00,1610612747,1610612746,Regular Season,0
22200718,2023-01-24 21:00:00,1610612756,1610612766,Regular Season,1
22200717,2023-01-24 20:30:00,1610612742,1610612764,Regular Season,0
22200716,2023-01-24 20:00:00,1610612740,1610612743,Regular Season,0
22200714,2023-01-24 19:30:00,1610612748,1610612738,Regular Season,1
22200715,2023-01-24 19:30:00,1610612752,1610612739,Regular Season,1
22200713,2023-01-24 19:00:00,1610612754,1610612741,Regular Season,1
22200712,2023-01-23 22:30:00,1610612758,1610612763,Regular Season,1
22200711,2023-01-23 22:00:00,1610612757,1610612759,Regular Season,1
22200710,2023-01-23 21:00:00,1610612762,1610612766,Regular Season,1
22200708,2023-01-23 20:00:00,1610612741,1610612737,Regular Season,1
22200709,2023-01-23 20:00:00,1610612745,1610612750,Regular Season,1
22200706,2023-01-23 19:00:00,1610612765,1610612749,Regular Season,0
22200707,2023-01-23 19:00:00,1610612753,1610612738,Regular Season,1
22200705,2023-01-22 21:00:00,1610612757,1610612747,Regular Season,0
22200704,2023-01-22 20:30:00,1610612744,1610612751,Regular Season,0
22200702,2023-01-22 20:00:00,1610612743,1610612760,Regular Season,0
22200703,2023-01-22 20:00:00,1610612756,1610612763,Regular Season,1
22200700,2023-01-22 18:00:00,1610612761,1610612752,Regular Season,1
22200699,2023-01-22 15:30:00,1610612748,1610612740,Regular Season,1
22200701,2023-01-22 14:30:00,1610612742,1610612746,Regular Season,0
22200698,2023-01-21 22:00:00,1610612758,1610612755,Regular Season,0
22200697,2023-01-21 21:00:00,1610612756,1610612754,Regular Season,1
22200696,2023-01-21 20:00:00,1610612750,1610612745,Regular Season,1
22200694,2023-01-21 19:30:00,1610612737,1610612766,Regular Season,0
22200695,2023-01-21 19:30:00,1610612739,1610612749,Regular Season,1
22200693,2023-01-21 19:00:00,1610612764,1610612753,Regular Season,1
22200692,2023-01-21 17:00:00,1610612761,1610612738,Regular Season,0
22200690,2023-01-20 22:00:00,1610612747,1610612763,Regular Season,1
22200691,2023-01-20 22:00:00,1610612758,1610612760,Regular Season,1
22200688,2023-01-20 21:00:00,1610612743,1610612754,Regular Season,1
22200689,2023-01-20 21:00:00,1610612762,1610612751,Regular Season,0
22200687,2023-01-20 20:00:00,1610612759,1610612746,Regular Season,0
22200684,2023-01-20 19:30:00,1610612737,1610612752,Regular Season,1
22200685,2023-01-20 19:30:00,1610612739,1610612744,Regular Season,0
22200686,2023-01-20 19:30:00,1610612742,1610612748,Regular Season,1
22200683,2023-01-20 19:00:00,1610612753,1610612740,Regular Season,1
22200681,2023-01-19 22:00:00,1610612756,1610612751,Regular Season,1
22200682,2023-01-19 22:00:00,1610612757,1610612755,Regular Season,0
22200680,2023-01-19 20:00:00,1610612750,1610612761,Regular Season,1
22200679,2023-01-19 19:30:00,1610612738,1610612744,Regular Season,1
22200678,2023-01-19 15:00:00,1610612765,1610612741,Regular Season,0
22200677,2023-01-18 22:30:00,1610612747,1610612758,Regular Season,0
22200676,2023-01-18 22:00:00,1610612743,1610612750,Regular Season,1
22200675,2023-01-18 21:00:00,1610612762,1610612746,Regular Season,1
22200671,2023-01-18 20:00:00,1610612745,1610612766,Regular Season,0
22200672,2023-01-18 20:00:00,1610612763,1610612739,Regular Season,1
22200673,2023-01-18 20:00:00,1610612740,1610612748,Regular Season,0
22200674,2023-01-18 20:00:00,1610612760,1610612754,Regular Season,1
22200669,2023-01-18 19:30:00,1610612752,1610612764,Regular Season,0
22200670,2023-01-18 19:30:00,1610612742,1610612737,Regular Season,0
22200668,2023-01-17 22:00:00,1610612746,1610612755,Regular Season,0
22200667,2023-01-17 21:00:00,1610612743,1610612757,Regular Season,1
22200666,2023-01-17 20:00:00,1610612759,1610612751,Regular Season,1
22200665,2023-01-17 19:30:00,1610612749,1610612761,Regular Season,1
22200664,2023-01-16 22:30:00,1610612747,1610612745,Regular Season,1
22200663,2023-01-16 18:00:00,1610612763,1610612756,Regular Season,1
22200662,2023-01-16 16:00:00,1610612750,1610612762,Regular Season,0
22200661,2023-01-16 15:30:00,1610612737,1610612748,Regular Season,1
22200658,2023-01-16 15:00:00,1610612739,1610612740,Regular Season,1
22200659,2023-01-16 15:00:00,1610612752,1610612761,Regular Season,0
22200660,2023-01-16 15:00:00,1610612764,1610612744,Regular Season,0
22200657,2023-01-16 14:30:00,1610612749,1610612754,Regular Season,1
22200656,2023-01-16 13:00:00,1610612766,1610612738,Regular Season,0
22200655,2023-01-15 21:30:00,1610612747,1610612755,Regular Season,0
22200654,2023-01-15 21:00:00,1610612757,1610612742,Regular Season,1
22200653,2023-01-15 20:00:00,1610612743,1610612753,Regular Season,1
22200652,2023-01-15 19:00:00,1610612759,1610612758,Regular Season,0
22200651,2023-01-15 18:00:00,1610612751,1610612760,Regular Season,0
22200650,2023-01-15 15:30:00,1610612741,1610612744,Regular Season,1
22200649,2023-01-15 15:00:00,1610612746,1610612745,Regular Season,1
22200648,2023-01-15 13:00:00,1610612765,1610612752,Regular Season,0
22200647,2023-01-14 22:00:00,1610612757,1610612742,Regular Season,1
22200646,2023-01-14 21:00:00,1610612762,1610612755,Regular Season,0
22200645,2023-01-14 20:00:00,1610612750,1610612739,Regular Season,1
22200644,2023-01-14 19:30:00,1610612761,1610612737,Regular Season,0
22200642,2023-01-14 19:00:00,1610612766,1610612738,Regular Season,0
22200643,2023-01-14 19:00:00,1610612754,1610612763,Regular Season,0
22200641,2023-01-14 13:00:00,1610612748,1610612749,Regular Season,1
22200639,2023-01-13 22:00:00,1610612746,1610612743,Regular Season,0
22200640,2023-01-13 22:00:00,1610612758,1610612745,Regular Season,1
22200638,2023-01-13 21:00:00,1610612762,1610612753,Regular Season,1
22200636,2023-01-13 20:00:00,1610612741,1610612760,Regular Season,0
22200637,2023-01-13 20:00:00,1610612750,1610612756,Regular Season,1
22200635,2023-01-13 19:30:00,1610612759,1610612744,Regular Season,0
22200632,2023-01-13 19:00:00,1610612765,1610612740,Regular Season,0
22200633,2023-01-13 19:00:00,1610612754,1610612737,Regular Season,0
22200634,2023-01-13 19:00:00,1610612764,1610612752,Regular Season,0
22200630,2023-01-12 22:00:00,1610612747,1610612742,Regular Season,0
22200631,2023-01-12 22:00:00,1610612757,1610612739,Regular Season,0
22200627,2023-01-12 19:30:00,1610612751,1610612738,Regular Season,0
22200628,2023-01-12 19:30:00,1610612748,1610612749,Regular Season,1
22200629,2023-01-12 19:30:00,1610612761,1610612766,Regular Season,1
22200626,2023-01-12 19:00:00,1610612755,1610612760,Regular Season,0
22200624,2023-01-11 22:00:00,1610612743,1610612756,Regular Season,1
22200625,2023-01-11 22:00:00,1610612758,1610612745,Regular Season,1
22200623,2023-01-11 20:00:00,1610612763,1610612759,Regular Season,1
22200620,2023-01-11 19:30:00,1610612737,1610612749,Regular Season,0
22200621,2023-01-11 19:30:00,1610612738,1610612740,Regular Season,1
22200622,2023-01-11 19:30:00,1610612752,1610612754,Regular Season,1
22200618,2023-01-11 19:00:00,1610612765,1610612750,Regular Season,1
22200619,2023-01-11 19:00:00,1610612764,1610612741,Regular Season,1
22200617,2023-01-10 22:30:00,1610612746,1610612742,Regular Season,1
22200615,2023-01-10 22:00:00,1610612744,1610612756,Regular Season,0
22200616,2023-01-10 22:00:00,1610612757,1610612753,Regular Season,0
22200614,2023-01-10 21:00:00,1610612762,1610612739,Regular Season,1
22200611,2023-01-10 19:30:00,1610612748,1610612760,Regular Season,1
22200613,2023-01-10 19:30:00,1610612761,1610612766,Regular Season,1
22200612,2023-01-10 19:00:00,1610612755,1610612765,Regular Season,1
22200610,2023-01-09 22:00:00,1610612758,1610612753,Regular Season,1
22200609,2023-01-09 21:00:00,1610612743,1610612747,Regular Season,1
22200608,2023-01-09 20:00:00,1610612763,1610612759,Regular Season,1
22200606,2023-01-09 19:30:00,1610612738,1610612741,Regular Season,1
22200607,2023-01-09 19:30:00,1610612752,1610612749,Regular Season,0
22200605,2023-01-09 19:00:00,1610612764,1610612740,Regular Season,0
22200604,2023-01-08 21:00:00,1610612746,1610612737,Regular Season,0
22200603,2023-01-08 20:00:00,1610612756,1610612739,Regular Season,0
22200601,2023-01-08 19:00:00,1610612745,1610612750,Regular Season,0
22200602,2023-01-08 19:00:00,1610612760,1610612742,Regular Season,1
22200599,2023-01-08 18:00:00,1610612748,1610612751,Regular Season,0
22200600,2023-01-08 18:00:00,1610612763,1610612762,Regular Season,1
22200598,2023-01-08 17:00:00,1610612754,1610612766,Regular Season,1
22200597,2023-01-08 15:30:00,1610612761,1610612757,Regular Season,1
22200596,2023-01-08 15:00:00,1610612765,1610612755,Regular Season,0
22200595,2023-01-07 22:00:00,1610612758,1610612747,Regular Season,0
22200594,2023-01-07 20:30:00,1610612744,1610612753,Regular Season,0
22200592,2023-01-07 20:00:00,1610612741,1610612762,Regular Season,1
22200593,2023-01-07 20:00:00,1610612742,1610612740,Regular Season,1
22200591,2023-01-07 18:00:00,1610612759,1610612738,Regular Season,0
22200590,2023-01-06 22:30:00,1610612747,1610612737,Regular Season,1
22200589,2023-01-06 22:00:00,1610612756,1610612748,Regular Season,0
22200587,2023-01-06 21:00:00,1610612750,1610612746,Regular Season,1
22200588,2023-01-06 21:00:00,1610612743,1610612739,Regular Season,1
22200583,2023-01-06 20:00:00,1610612749,1610612766,Regular Season,0
22200584,2023-01-06 20:00:00,1610612760,1610612764,Regular Season,1
22200585,2023-01-06 20:00:00,1610612759,1610612765,Regular Season,1
22200582,2023-01-06 19:30:00,1610612761,1610612752,Regular Season,0
22200586,2023-01-06 19:30:00,1610612740,1610612751,Regular Season,0
22200580,2023-01-06 19:00:00,1610612754,1610612757,Regular Season,1
22200581,2023-01-06 19:00:00,1610612755,1610612741,Regular Season,0
22200579,2023-01-05 22:00:00,1610612743,1610612746,Regular Season,1
22200578,2023-01-05 20:00:00,1610612745,1610612762,Regular Season,0
22200577,2023-01-05 19:30:00,1610612742,1610612738,Regular Season,0
22200576,2023-01-05 19:00:00,1610612753,1610612763,Regular Season,0
22200573,2023-01-04 22:00:00,1610612744,1610612765,Regular Season,0
22200574,2023-01-04 22:00:00,1610612747,1610612748,Regular Season,1
22200575,2023-01-04 22:00:00,1610612758,1610612737,Regular Season,0
22200570,2023-01-04 20:00:00,1610612741,1610612751,Regular Season,1
22200571,2023-01-04 20:00:00,1610612750,1610612757,Regular Season,1
22200572,2023-01-04 20:00:00,1610612740,1610612745,Regular Season,1
22200568,2023-01-04 19:30:00,1610612752,1610612759,Regular Season,1
22200569,2023-01-04 19:30:00,1610612761,1610612749,Regular Season,0
22200564,2023-01-04 19:00:00,1610612766,1610612763,Regular Season,0
22200565,2023-01-04 19:00:00,1610612739,1610612756,Regular Season,1
22200566,2023-01-04 19:00:00,1610612753,1610612760,Regular Season,1
22200567,2023-01-04 19:00:00,1610612755,1610612754,Regular Season,1
22200563,2023-01-03 21:00:00,1610612762,1610612758,Regular Season,0
22200561,2023-01-03 20:00:00,1610612749,1610612764,Regular Season,1
22200562,2023-01-03 20:00:00,1610612760,1610612738,Regular Season,1
22200560,2023-01-02 22:30:00,1610612746,1610612748,Regular Season,0
22200558,2023-01-02 22:00:00,1610612744,1610612737,Regular Season,1
22200559,2023-01-02 22:00:00,1610612757,1610612765,Regular Season,1
22200556,2023-01-02 20:00:00,1610612745,1610612742,Regular Season,0
22200557,2023-01-02 20:00:00,1610612750,1610612743,Regular Season,1
22200555,2023-01-02 19:30:00,1610612751,1610612759,Regular Season,1
22200551,2023-01-02 19:00:00,1610612766,1610612747,Regular Season,0
22200552,2023-01-02 19:00:00,1610612739,1610612741,Regular Season,1
22200553,2023-01-02 19:00:00,1610612754,1610612761,Regular Season,1
22200554,2023-01-02 19:00:00,1610612755,1610612740,Regular Season,1
22200550,2023-01-02 15:00:00,1610612752,1610612756,Regular Season,1
22200547,2023-01-01 20:00:00,1610612763,1610612758,Regular Season,1
22200548,2023-01-01 20:00:00,1610612749,1610612764,Regular Season,0
22200549,2023-01-01 20:00:00,1610612743,1610612738,Regular Season,1
22200546,2022-12-31 21:00:00,1610612762,1610612748,Regular Season,0
22200543,2022-12-31 20:00:00,1610612763,1610612740,Regular Season,1
22200544,2022-12-31 20:00:00,1610612750,1610612765,Regular Season,0
22200545,2022-12-31 20:00:00,1610612760,1610612755,Regular Season,0
22200539,2022-12-31 19:00:00,1610612766,1610612751,Regular Season,0
22200540,2022-12-31 19:00:00,1610612741,1610612739,Regular Season,0
22200541,2022-12-31 19:00:00,1610612745,1610612752,Regular Season,0
22200542,2022-12-31 19:00:00,1610612759,1610612742,Regular Season,0
22200538,2022-12-31 15:00:00,1610612754,1610612746,Regular Season,1
22200536,2022-12-30 22:00:00,1610612744,1610612757,Regular Season,1
22200537,2022-12-30 22:00:00,1610612758,1610612762,Regular Season,1
22200535,2022-12-30 21:00:00,1610612743,1610612748,Regular Season,1
22200534,2022-12-30 20:30:00,1610612740,1610612755,Regular Season,1
22200532,2022-12-30 20:00:00,1610612741,1610612765,Regular Season,1
22200533,2022-12-30 20:00:00,1610612749,1610612750,Regular Season,1
22200530,2022-12-30 19:30:00,1610612737,1610612747,Regular Season,0
22200531,2022-12-30 19:30:00,1610612761,1610612756,Regular Season,1
22200529,2022-12-30 19:00:00,1610612753,1610612764,Regular Season,0
22200528,2022-12-29 20:30:00,1610612742,1610612745,Regular Season,1
22200527,2022-12-29 20:00:00,1610612759,1610612752,Regular Season,1
22200525,2022-12-29 19:30:00,1610612738,1610612746,Regular Season,1
22200526,2022-12-29 19:30:00,1610612761,1610612763,Regular Season,0
22200523,2022-12-29 19:00:00,1610612766,1610612760,Regular Season,1
22200524,2022-12-29 19:00:00,1610612754,1610612739,Regular Season,1
22200521,2022-12-28 22:00:00,1610612744,1610612762,Regular Season,1
22200522,2022-12-28 22:00:00,1610612758,1610612743,Regular Season,1
22200519,2022-12-28 20:00:00,1610612741,1610612749,Regular Season,1
22200520,2022-12-28 20:00:00,1610612740,1610612750,Regular Season,1
22200517,2022-12-28 19:30:00,1610612737,1610612751,Regular Season,0
22200518,2022-12-28 19:30:00,1610612748,1610612747,Regular Season,1
22200515,2022-12-28 19:00:00,1610612765,1610612753,Regular Season,1
22200516,2022-12-28 19:00:00,1610612764,1610612756,Regular Season,1
22200513,2022-12-27 22:00:00,1610612744,1610612766,Regular Season,1
22200514,2022-12-27 22:00:00,1610612758,1610612743,Regular Season,0
22200512,2022-12-27 20:30:00,1610612742,1610612752,Regular Season,1
22200510,2022-12-27 20:00:00,1610612763,1610612756,Regular Season,0
22200511,2022-12-27 20:00:00,1610612760,1610612759,Regular Season,1
22200507,2022-12-27 19:30:00,1610612738,1610612745,Regular Season,1
22200508,2022-12-27 19:30:00,1610612754,1610612737,Regular Season,1
22200509,2022-12-27 19:30:00,1610612761,1610612746,Regular Season,0
22200505,2022-12-27 19:00:00,1610612753,1610612747,Regular Season,0
22200506,2022-12-27 19:00:00,1610612764,1610612755,Regular Season,1
22200504,2022-12-26 22:00:00,1610612757,1610612766,Regular Season,1
22200501,2022-12-26 20:00:00,1610612741,1610612745,Regular Season,0
22200502,2022-12-26 20:00:00,1610612740,1610612754,Regular Season,1
22200503,2022-12-26 20:00:00,1610612759,1610612762,Regular Season,1
22200500,2022-12-26 19:30:00,1610612748,1610612750,Regular Season,1
22200498,2022-12-26 19:00:00,1610612739,1610612751,Regular Season,0
22200499,2022-12-26 19:00:00,1610612765,1610612746,Regular Season,0
22200497,2022-12-25 22:30:00,1610612743,1610612756,Regular Season,1
22200496,2022-12-25 20:00:00,1610612744,1610612763,Regular Season,1
22200495,2022-12-25 17:00:00,1610612738,1610612749,Regular Season,1
22200494,2022-12-25 14:30:00,1610612742,1610612747,Regular Season,1
22200493,2022-12-25 12:00:00,1610612752,1610612755,Regular Season,0
22200492,2022-12-23 22:30:00,1610612747,1610612766,Regular Season,0
22200490,2022-12-23 22:00:00,1610612756,1610612763,Regular Season,0
22200491,2022-12-23 22:00:00,1610612758,1610612764,Regular Season,0
22200489,2022-12-23 21:00:00,1610612743,1610612757,Regular Season,1
22200486,2022-12-23 20:00:00,1610612748,1610612754,Regular Season,0
22200487,2022-12-23 20:00:00,1610612745,1610612742,Regular Season,0
22200488,2022-12-23 20:00:00,1610612760,1610612740,Regular Season,0
22200481,2022-12-23 19:30:00,1610612737,1610612765,Regular Season,1
22200482,2022-12-23 19:30:00,1610612738,1610612750,Regular Season,1
22200483,2022-12-23 19:30:00,1610612751,1610612749,Regular Season,1
22200484,2022-12-23 19:30:00,1610612739,1610612761,Regular Season,0
22200485,2022-12-23 19:30:00,1610612752,1610612741,Regular Season,0
22200479,2022-12-23 19:00:00,1610612753,1610612759,Regular Season,1
22200480,2022-12-23 19:00:00,1610612755,1610612746,Regular Season,1
22200478,2022-12-22 21:00:00,1610612762,1610612764,Regular Season,1
22200477,2022-12-22 20:00:00,1610612740,1610612759,Regular Season,1
22200476,2022-12-21 22:30:00,1610612746,1610612766,Regular Season,1
22200475,2022-12-21 22:00:00,1610612758,1610612747,Regular Season,1
22200472,2022-12-21 20:00:00,1610612745,1610612753,Regular Season,0
22200473,2022-12-21 20:00:00,1610612750,1610612742,Regular Season,0
22200474,2022-12-21 20:00:00,1610612760,1610612757,Regular Season,1
22200468,2022-12-21 19:30:00,1610612737,1610612741,Regular Season,0
22200469,2022-12-21 19:30:00,1610612738,1610612754,Regular Season,0
22200470,2022-12-21 19:30:00,1610612751,1610612744,Regular Season,1
22200471,2022-12-21 19:30:00,1610612752,1610612761,Regular Season,0
22200466,2022-12-21 19:00:00,1610612739,1610612749,Regular Season,1
22200467,2022-12-21 19:00:00,1610612755,1610612765,Regular Season,1
22200465,2022-12-20 22:00:00,1610612743,1610612763,Regular Season,1
22200464,2022-12-20 21:00:00,1610612756,1610612764,Regular Season,0
22200462,2022-12-20 19:30:00,1610612748,1610612741,Regular Season,0
22200463,2022-12-20 19:30:00,1610612752,1610612744,Regular Season,1
22200461,2022-12-20 19:00:00,1610612765,1610612762,Regular Season,0
22200460,2022-12-19 22:00:00,1610612758,1610612766,Regular Season,0
22200459,2022-12-19 21:00:00,1610612756,1610612747,Regular Season,1
22200455,2022-12-19 20:00:00,1610612745,1610612759,Regular Season,0
22200456,2022-12-19 20:00:00,1610612750,1610612742,Regular Season,1
22200457,2022-12-19 20:00:00,1610612740,1610612749,Regular Season,0
22200458,2022-12-19 20:00:00,1610612760,1610612757,Regular Season,1
22200454,2022-12-19 19:30:00,1610612737,1610612753,Regular Season,1
22200452,2022-12-19 19:00:00,1610612739,1610612762,Regular Season,1
22200453,2022-12-19 19:00:00,1610612755,1610612761,Regular Season,1
22200451,2022-12-18 21:30:00,1610612747,1610612764,Regular Season,1
22200450,2022-12-18 20:00:00,1610612743,1610612766,Regular Season,1
22200449,2022-12-18 19:00:00,1610612750,1610612741,Regular Season,1
22200447,2022-12-18 18:00:00,1610612765,1610612751,Regular Season,0
22200448,2022-12-18 18:00:00,1610612761,1610612744,Regular Season,0
22200446,2022-12-18 17:00:00,1610612754,1610612752,Regular Season,0
22200445,2022-12-18 15:00:00,1610612738,1610612753,Regular Season,0
22200444,2022-12-17 21:00:00,1610612756,1610612740,Regular Season,1
22200440,2022-12-17 20:00:00,1610612739,1610612742,Regular Season,1
22200441,2022-12-17 20:00:00,1610612745,1610612757,Regular Season,0
22200442,2022-12-17 20:00:00,1610612749,1610612762,Regular Season,1
22200443,2022-12-17 20:00:00,1610612760,1610612763,Regular Season,1
22200439,2022-12-17 17:00:00,1610612759,1610612748,Regular Season,0
22200438,2022-12-17 16:00:00,1610612746,1610612764,Regular Season,1
22200437,2022-12-16 22:00:00,1610612747,1610612743,Regular Season,1
22200436,2022-12-16 20:30:00,1610612742,1610612757,Regular Season,1
22200434,2022-12-16 20:00:00,1610612741,1610612752,Regular Season,0
22200435,2022-12-16 20:00:00,1610612760,1610612750,Regular Season,0
22200430,2022-12-16 19:30:00,1610612738,1610612753,Regular Season,0
22200431,2022-12-16 19:30:00,1610612739,1610612754,Regular Season,1
22200432,2022-12-16 19:30:00,1610612755,1610612744,Regular Season,1
22200433,2022-12-16 19:30:00,1610612761,1610612751,Regular Season,0
22200428,2022-12-16 19:00:00,1610612766,1610612737,Regular Season,0
22200429,2022-12-16 19:00:00,1610612765,1610612758,Regular Season,0
22200427,2022-12-15 22:30:00,1610612746,1610612756,Regular Season,0
22200426,2022-12-15 21:00:00,1610612762,1610612740,Regular Season,1
22200424,2022-12-15 20:00:00,1610612745,1610612748,Regular Season,0
22200425,2022-12-15 20:00:00,1610612763,1610612749,Regular Season,1
22200423,2022-12-14 22:00:00,1610612746,1610612750,Regular Season,1
22200421,2022-12-14 21:00:00,1610612742,1610612739,Regular Season,0
22200422,2022-12-14 21:00:00,1610612743,1610612764,Regular Season,1
22200419,2022-12-14 20:00:00,1610612760,1610612748,Regular Season,0
22200420,2022-12-14 20:00:00,1610612759,1610612757,Regular Season,0
22200417,2022-12-14 19:30:00,1610612761,1610612758,Regular Season,0
22200418,2022-12-14 19:30:00,1610612741,1610612752,Regular Season,0
22200414,2022-12-14 19:00:00,1610612766,1610612765,Regular Season,0
22200415,2022-12-14 19:00:00,1610612754,1610612744,Regular Season,1
22200416,2022-12-14 19:00:00,1610612753,1610612737,Regular Season,1
22200413,2022-12-13 22:00:00,1610612747,1610612738,Regular Season,0
22200412,2022-12-13 21:00:00,1610612762,1610612740,Regular Season,1
22200411,2022-12-13 20:00:00,1610612745,1610612756,Regular Season,1
22200410,2022-12-13 19:30:00,1610612749,1610612744,Regular Season,1
22200409,2022-12-13 19:00:00,1610612755,1610612758,Regular Season,1
22200408,2022-12-12 22:30:00,1610612746,1610612738,Regular Season,1
22200407,2022-12-12 22:00:00,1610612757,1610612750,Regular Season,1
22200405,2022-12-12 20:30:00,1610612742,1610612760,Regular Season,1
22200406,2022-12-12 20:30:00,1610612759,1610612739,Regular Season,1
22200404,2022-12-12 20:00:00,1610612763,1610612737,Regular Season,1
22200402,2022-12-12 19:00:00,1610612754,1610612748,Regular Season,0
22200403,2022-12-12 19:00:00,1610612764,1610612751,Regular Season,0
22200401,2022-12-11 19:00:00,1610612745,1610612749,Regular Season,1
22200400,2022-12-11 18:30:00,1610612737,1610612741,Regular Season,1
22200396,2022-12-11 18:00:00,1610612765,1610612747,Regular Season,0
22200397,2022-12-11 18:00:00,1610612752,1610612758,Regular Season,1
22200398,2022-12-11 18:00:00,1610612753,1610612761,Regular Season,1
22200399,2022-12-11 18:00:00,1610612755,1610612766,Regular Season,1
22200395,2022-12-11 15:30:00,1610612740,1610612756,Regular Season,1
22200394,2022-12-10 22:00:00,1610612757,1610612750,Regular Season,1
22200393,2022-12-10 21:00:00,1610612743,1610612762,Regular Season,1
22200392,2022-12-10 20:30:00,1610612744,1610612738,Regular Season,1
22200391,2022-12-10 20:00:00,1610612741,1610612742,Regular Season,1
22200390,2022-12-10 19:30:00,1610612739,1610612760,Regular Season,1
22200388,2022-12-10 19:00:00,1610612754,1610612751,Regular Season,0
22200389,2022-12-10 19:00:00,1610612764,1610612746,Regular Season,0
22200387,2022-12-10 17:00:00,1610612748,1610612759,Regular Season,0
22200386,2022-12-09 22:00:00,1610612742,1610612749,Regular Season,0
22200385,2022-12-09 21:00:00,1610612762,1610612750,Regular Season,0
22200384,2022-12-09 20:30:00,1610612740,1610612756,Regular Season,1
22200383,2022-12-09 20:00:00,1610612763,1610612765,Regular Season,1
22200380,2022-12-09 19:30:00,1610612751,1610612737,Regular Season,1
22200381,2022-12-09 19:30:00,1610612739,1610612758,Regular Season,0
22200382,2022-12-09 19:30:00,1610612755,1610612747,Regular Season,1
22200377,2022-12-09 19:00:00,1610612766,1610612752,Regular Season,0
22200378,2022-12-09 19:00:00,1610612754,1610612764,Regular Season,1
22200379,2022-12-09 19:00:00,1610612753,1610612761,Regular Season,1
22200376,2022-12-08 22:00:00,1610612757,1610612743,Regular Season,0
22200375,2022-12-08 20:30:00,1610612759,1610612745,Regular Season,1
22200374,2022-12-08 19:30:00,1610612748,1610612746,Regular Season,1
22200373,2022-12-07 22:00:00,1610612756,1610612738,Regular Season,0
22200372,2022-12-07 21:00:00,1610612762,1610612744,Regular Season,1
22200367,2022-12-07 20:00:00,1610612741,1610612764,Regular Season,1
22200368,2022-12-07 20:00:00,1610612763,1610612760,Regular Season,1
22200369,2022-12-07 20:00:00,1610612749,1610612758,Regular Season,1
22200370,2022-12-07 20:00:00,1610612750,1610612754,Regular Season,1
22200371,2022-12-07 20:00:00,1610612740,1610612765,Regular Season,1
22200364,2022-12-07 19:30:00,1610612751,1610612766,Regular Season,1
22200365,2022-12-07 19:30:00,1610612752,1610612737,Regular Season,1
22200366,2022-12-07 19:30:00,1610612761,1610612747,Regular Season,1
22200363,2022-12-07 19:00:00,1610612753,1610612746,Regular Season,1
22200362,2022-12-06 22:00:00,1610612743,1610612742,Regular Season,0
22200360,2022-12-06 19:30:00,1610612739,1610612747,Regular Season,1
22200361,2022-12-06 19:30:00,1610612748,1610612765,Regular Season,0
22200359,2022-12-05 22:00:00,1610612744,1610612754,Regular Season,0
22200358,2022-12-05 20:30:00,1610612742,1610612756,Regular Season,1
22200356,2022-12-05 20:00:00,1610612745,1610612755,Regular Season,1
22200357,2022-12-05 20:00:00,1610612763,1610612748,Regular Season,1
22200354,2022-12-05 19:30:00,1610612737,1610612760,Regular Season,0
22200355,2022-12-05 19:30:00,1610612761,1610612738,Regular Season,0
22200352,2022-12-05 19:00:00,1610612766,1610612746,Regular Season,0
22200353,2022-12-05 19:00:00,1610612753,1610612749,Regular Season,0
22200351,2022-12-04 21:00:00,1610612757,1610612754,Regular Season,1
22200346,2022-12-04 18:00:00,1610612751,1610612738,Regular Season,0
22200347,2022-12-04 18:00:00,1610612765,1610612763,Regular Season,0
22200348,2022-12-04 18:00:00,1610612752,1610612739,Regular Season,1
22200349,2022-12-04 18:00:00,1610612764,1610612747,Regular Season,0
22200350,2022-12-04 18:00:00,1610612758,1610612741,Regular Season,1
22200345,2022-12-04 16:00:00,1610612759,1610612756,Regular Season,0
22200344,2022-12-04 15:30:00,1610612740,1610612743,Regular Season,1
22200343,2022-12-03 21:00:00,1610612762,1610612757,Regular Season,0
22200342,2022-12-03 20:30:00,1610612744,1610612745,Regular Season,1
22200340,2022-12-03 20:00:00,1610612761,1610612753,Regular Season,1
22200341,2022-12-03 20:00:00,1610612750,1610612760,Regular Season,0
22200339,2022-12-03 18:00:00,1610612766,1610612749,Regular Season,0
22200338,2022-12-03 16:00:00,1610612746,1610612758,Regular Season,0
22200337,2022-12-03 12:30:00,1610612752,1610612742,Regular Season,0
22200336,2022-12-02 22:00:00,1610612744,1610612741,Regular Season,1
22200334,2022-12-02 21:00:00,1610612756,1610612745,Regular Season,0
22200335,2022-12-02 21:00:00,1610612762,1610612754,Regular Season,1
22200332,2022-12-02 20:00:00,1610612763,1610612755,Regular Season,1
22200333,2022-12-02 20:00:00,1610612759,1610612740,Regular Season,0
22200327,2022-12-02 19:30:00,1610612737,1610612743,Regular Season,1
22200328,2022-12-02 19:30:00,1610612738,1610612748,Regular Season,0
22200329,2022-12-02 19:30:00,1610612751,1610612761,Regular Season,1
22200330,2022-12-02 19:30:00,1610612739,1610612753,Regular Season,1
22200331,2022-12-02 19:30:00,1610612749,1610612747,Regular Season,0
22200326,2022-12-02 19:00:00,1610612766,1610612764,Regular Season,1
22200325,2022-12-01 19:00:00,1610612765,1610612742,Regular Season,1
22200324,2022-11-30 22:30:00,1610612747,1610612757,Regular Season,1
22200323,2022-11-30 22:00:00,1610612758,1610612754,Regular Season,1
22200320,2022-11-30 21:00:00,1610612743,1610612745,Regular Season,1
22200321,2022-11-30 21:00:00,1610612756,1610612741,Regular Season,1
22200322,2022-11-30 21:00:00,1610612762,1610612746,Regular Season,1
22200317,2022-11-30 20:00:00,1610612750,1610612763,Regular Season,1
22200318,2022-11-30 20:00:00,1610612740,1610612761,Regular Season,1
22200319,2022-11-30 20:00:00,1610612760,1610612759,Regular Season,1
22200314,2022-11-30 19:30:00,1610612738,1610612748,Regular Season,1
22200315,2022-11-30 19:30:00,1610612751,1610612764,Regular Season,1
22200316,2022-11-30 19:30:00,1610612752,1610612749,Regular Season,0
22200312,2022-11-30 19:00:00,1610612739,1610612755,Regular Season,1
22200313,2022-11-30 19:00:00,1610612753,1610612737,Regular Season,0
22200311,2022-11-29 22:00:00,1610612757,1610612746,Regular Season,0
22200310,2022-11-29 19:30:00,1610612742,1610612744,Regular Season,1
22200309,2022-11-29 19:00:00,1610612765,1610612752,Regular Season,0
22200308,2022-11-28 22:30:00,1610612747,1610612754,Regular Season,0
22200307,2022-11-28 22:00:00,1610612758,1610612756,Regular Season,0
22200305,2022-11-28 21:00:00,1610612743,1610612745,Regular Season,1
22200306,2022-11-28 21:00:00,1610612762,1610612741,Regular Season,0
22200304,2022-11-28 20:00:00,1610612740,1610612760,Regular Season,1
22200301,2022-11-28 19:30:00,1610612738,1610612766,Regular Season,1
22200302,2022-11-28 19:30:00,1610612751,1610612753,Regular Season,1
22200303,2022-11-28 19:30:00,1610612761,1610612739,Regular Season,1
22200299,2022-11-28 19:00:00,1610612755,1610612737,Regular Season,1
22200300,2022-11-28 19:00:00,1610612764,1610612750,Regular Season,1
22200298,2022-11-27 20:00:00,1610612749,1610612742,Regular Season,1
22200294,2022-11-27 18:00:00,1610612738,1610612764,Regular Season,1
22200295,2022-11-27 18:00:00,1610612765,1610612739,Regular Season,0
22200296,2022-11-27 18:00:00,1610612752,1610612763,Regular Season,0
22200297,2022-11-27 18:00:00,1610612753,1610612755,Regular Season,0
22200293,2022-11-27 17:00:00,1610612737,1610612748,Regular Season,0
22200292,2022-11-27 16:00:00,1610612746,1610612754,Regular Season,1
22200291,2022-11-27 15:30:00,1610612750,1610612744,Regular Season,0
22200290,2022-11-27 15:00:00,1610612751,1610612757,Regular Season,1
22200289,2022-11-26 21:00:00,1610612756,1610612762,Regular Season,1
22200287,2022-11-26 20:00:00,1610612745,1610612760,Regular Season,1
22200288,2022-11-26 20:00:00,1610612759,1610612747,Regular Season,0
22200286,2022-11-26 17:00:00,1610612761,1610612742,Regular Season,1
22200285,2022-11-25 22:30:00,1610612746,1610612743,Regular Season,0
22200284,2022-11-25 22:00:00,1610612744,1610612762,Regular Season,1
22200283,2022-11-25 21:00:00,1610612756,1610612765,Regular Season,1
22200275,2022-11-25 20:00:00,1610612738,1610612758,Regular Season,1
22200276,2022-11-25 20:00:00,1610612754,1610612751,Regular Season,1
22200277,2022-11-25 20:00:00,1610612748,1610612764,Regular Season,1
22200278,2022-11-25 20:00:00,1610612745,1610612737,Regular Season,1
22200279,2022-11-25 20:00:00,1610612763,1610612740,Regular Season,1
22200280,2022-11-25 20:00:00,1610612749,1610612739,Regular Season,1
22200281,2022-11-25 20:00:00,1610612760,1610612741,Regular Season,1
22200282,2022-11-25 20:00:00,1610612759,1610612747,Regular Season,0
22200274,2022-11-25 19:30:00,1610612752,1610612757,Regular Season,0
22200273,2022-11-25 19:00:00,1610612753,1610612755,Regular Season,0
22200272,2022-11-25 17:00:00,1610612766,1610612750,Regular Season,1
22200271,2022-11-23 22:00:00,1610612744,1610612746,Regular Season,1
22200270,2022-11-23 21:00:00,1610612762,1610612765,Regular Season,0
22200267,2022-11-23 20:00:00,1610612749,1610612741,Regular Season,0
22200268,2022-11-23 20:00:00,1610612760,1610612743,Regular Season,0
22200269,2022-11-23 20:00:00,1610612759,1610612740,Regular Season,0
22200263,2022-11-23 19:30:00,1610612737,1610612758,Regular Season,1
22200264,2022-11-23 19:30:00,1610612738,1610612742,Regular Season,1
22200265,2022-11-23 19:30:00,1610612748,1610612764,Regular Season,1
22200266,2022-11-23 19:30:00,1610612761,1610612751,Regular Season,0
22200260,2022-11-23 19:00:00,1610612766,1610612755,Regular Season,1
22200261,2022-11-23 19:00:00,1610612739,1610612757,Regular Season,1
22200262,2022-11-23 19:00:00,1610612754,1610612750,Regular Season,0
22200259,2022-11-22 22:00:00,1610612756,1610612747,Regular Season,1
22200258,2022-11-22 21:00:00,1610612743,1610612765,Regular Season,0
22200257,2022-11-22 20:00:00,1610612763,1610612758,Regular Season,0
22200256,2022-11-22 19:30:00,1610612755,1610612751,Regular Season,1
22200255,2022-11-21 22:30:00,1610612746,1610612762,Regular Season,1
22200250,2022-11-21 20:00:00,1610612741,1610612738,Regular Season,1
22200251,2022-11-21 20:00:00,1610612749,1610612757,Regular Season,1
22200252,2022-11-21 20:00:00,1610612750,1610612748,Regular Season,1
22200253,2022-11-21 20:00:00,1610612740,1610612744,Regular Season,1
22200254,2022-11-21 20:00:00,1610612760,1610612752,Regular Season,0
22200248,2022-11-21 19:00:00,1610612739,1610612737,Regular Season,1
22200249,2022-11-21 19:00:00,1610612754,1610612753,Regular Season,1
22200247,2022-11-20 21:30:00,1610612747,1610612759,Regular Season,1
22200246,2022-11-20 19:30:00,1610612742,1610612743,Regular Season,0
22200243,2022-11-20 19:00:00,1610612751,1610612763,Regular Season,1
22200244,2022-11-20 19:00:00,1610612739,1610612748,Regular Season,1
22200245,2022-11-20 19:00:00,1610612745,1610612744,Regular Season,0
22200241,2022-11-20 18:00:00,1610612764,1610612766,Regular Season,1
22200242,2022-11-20 18:00:00,1610612758,1610612765,Regular Season,1
22200240,2022-11-20 15:30:00,1610612756,1610612752,Regular Season,1
22200239,2022-11-19 22:30:00,1610612746,1610612759,Regular Season,1
22200238,2022-11-19 22:00:00,1610612757,1610612762,Regular Season,0
22200237,2022-11-19 19:30:00,1610612755,1610612750,Regular Season,0
22200236,2022-11-19 19:00:00,1610612754,1610612753,Regular Season,1
22200235,2022-11-19 18:00:00,1610612737,1610612761,Regular Season,1
22200234,2022-11-18 22:30:00,1610612747,1610612765,Regular Season,1
22200233,2022-11-18 22:00:00,1610612744,1610612752,Regular Season,1
22200232,2022-11-18 21:00:00,1610612762,1610612756,Regular Season,1
22200230,2022-11-18 20:30:00,1610612742,1610612743,Regular Season,1
22200231,2022-11-18 20:30:00,1610612740,1610612738,Regular Season,0
22200227,2022-11-18 20:00:00,1610612741,1610612753,Regular Season,0
22200228,2022-11-18 20:00:00,1610612745,1610612754,Regular Season,0
22200229,2022-11-18 20:00:00,1610612763,1610612760,Regular Season,1
22200225,2022-11-18 19:30:00,1610612739,1610612766,Regular Season,1
22200226,2022-11-18 19:30:00,1610612755,1610612749,Regular Season,1
22200224,2022-11-18 19:00:00,1610612764,1610612748,Regular Season,1
22200223,2022-11-17 22:30:00,1610612746,1610612765,Regular Season,1
22200221,2022-11-17 22:00:00,1610612757,1610612751,Regular Season,0
22200222,2022-11-17 22:00:00,1610612758,1610612759,Regular Season,1
22200219,2022-11-16 22:00:00,1610612743,1610612752,Regular Season,0
22200220,2022-11-16 22:00:00,1610612756,1610612744,Regular Season,1
22200218,2022-11-16 20:30:00,1610612742,1610612745,Regular Season,0
22200216,2022-11-16 20:00:00,1610612749,1610612739,Regular Season,1
22200217,2022-11-16 20:00:00,1610612740,1610612741,Regular Season,1
22200214,2022-11-16 19:30:00,1610612737,1610612738,Regular Season,0
22200215,2022-11-16 19:30:00,1610612761,1610612748,Regular Season,1
22200211,2022-11-16 19:00:00,1610612766,1610612754,Regular Season,0
22200212,2022-11-16 19:00:00,1610612753,1610612750,Regular Season,0
22200213,2022-11-16 19:00:00,1610612764,1610612760,Regular Season,0
22200209,2022-11-15 22:00:00,1610612757,1610612759,Regular Season,1
22200210,2022-11-15 22:00:00,1610612758,1610612751,Regular Season,1
22200208,2022-11-15 21:00:00,1610612762,1610612752,Regular Season,0
22200207,2022-11-15 20:30:00,1610612742,1610612746,Regular Season,1
22200206,2022-11-15 19:30:00,1610612740,1610612763,Regular Season,1
22200205,2022-11-14 22:00:00,1610612744,1610612759,Regular Season,1
22200203,2022-11-14 20:00:00,1610612745,1610612746,Regular Season,0
22200204,2022-11-14 20:00:00,1610612749,1610612737,Regular Season,0
22200201,2022-11-14 19:30:00,1610612738,1610612760,Regular Season,1
22200202,2022-11-14 19:30:00,1610612748,1610612756,Regular Season,1
22200199,2022-11-14 19:00:00,1610612765,1610612761,Regular Season,0
22200200,2022-11-14 19:00:00,1610612753,1610612766,Regular Season,0
22200198,2022-11-13 21:30:00,1610612747,1610612751,Regular Season,1
22200197,2022-11-13 21:00:00,1610612758,1610612744,Regular Season,1
22200196,2022-11-13 20:00:00,1610612741,1610612743,Regular Season,0
22200195,2022-11-13 19:30:00,1610612755,1610612762,Regular Season,1
22200193,2022-11-13 18:00:00,1610612739,1610612750,Regular Season,0
22200194,2022-11-13 18:00:00,1610612764,1610612763,Regular Season,1
22200192,2022-11-13 12:00:00,1610612752,1610612760,Regular Season,0
22200190,2022-11-12 20:30:00,1610612742,1610612757,Regular Season,1
22200191,2022-11-12 20:30:00,1610612740,1610612745,Regular Season,1
22200189,2022-11-12 20:00:00,1610612748,1610612766,Regular Season,1
22200188,2022-11-12 19:30:00,1610612755,1610612737,Regular Season,1
22200186,2022-11-12 19:00:00,1610612765,1610612738,Regular Season,0
22200187,2022-11-12 19:00:00,1610612754,1610612761,Regular Season,1
22200185,2022-11-12 18:00:00,1610612764,1610612762,Regular Season,1
22200184,2022-11-12 16:00:00,1610612746,1610612751,Regular Season,0
22200183,2022-11-11 22:30:00,1610612747,1610612758,Regular Season,0
22200182,2022-11-11 22:00:00,1610612744,1610612739,Regular Season,1
22200181,2022-11-11 21:30:00,1610612763,1610612750,Regular Season,1
22200179,2022-11-11 20:00:00,1610612760,1610612761,Regular Season,1
22200180,2022-11-11 20:00:00,1610612759,1610612749,Regular Season,1
22200178,2022-11-11 19:30:00,1610612752,1610612765,Regular Season,1
22200176,2022-11-11 19:00:00,1610612738,1610612743,Regular Season,1
22200177,2022-11-11 19:00:00,1610612753,1610612756,Regular Season,1
22200175,2022-11-10 20:00:00,1610612740,1610612757,Regular Season,0
22200173,2022-11-10 19:30:00,1610612737,1610612755,Regular Season,1
22200174,2022-11-10 19:30:00,1610612748,1610612766,Regular Season,1
22200172,2022-11-10 19:00:00,1610612764,1610612742,Regular Season,1
22200170,2022-11-09 22:00:00,1610612746,1610612747,Regular Season,1
22200171,2022-11-09 22:00:00,1610612758,1610612739,Regular Season,1
22200166,2022-11-09 20:00:00,1610612741,1610612740,Regular Season,0
22200167,2022-11-09 20:00:00,1610612750,1610612756,Regular Season,0
22200168,2022-11-09 20:00:00,1610612760,1610612749,Regular Season,0
22200169,2022-11-09 20:00:00,1610612759,1610612763,Regular Season,0
22200162,2022-11-09 19:30:00,1610612737,1610612762,Regular Season,0
22200163,2022-11-09 19:30:00,1610612738,1610612765,Regular Season,1
22200164,2022-11-09 19:30:00,1610612751,1610612752,Regular Season,1
22200165,2022-11-09 19:30:00,1610612761,1610612745,Regular Season,1
22200159,2022-11-09 19:00:00,1610612766,1610612757,Regular Season,0
22200160,2022-11-09 19:00:00,1610612754,1610612743,Regular Season,0
22200161,2022-11-09 17:30:00,1610612753,1610612742,Regular Season,1
22200158,2022-11-07 22:30:00,1610612746,1610612739,Regular Season,1
22200157,2022-11-07 22:15:00,1610612762,1610612747,Regular Season,1
22200156,2022-11-07 22:00:00,1610612744,1610612758,Regular Season,1
22200155,2022-11-07 21:45:00,1610612742,1610612751,Regular Season,1
22200154,2022-11-07 21:30:00,1610612759,1610612743,Regular Season,0
22200153,2022-11-07 21:15:00,1610612750,1610612752,Regular Season,0
22200152,2022-11-07 21:00:00,1610612763,1610612738,Regular Season,0
22200151,2022-11-07 20:45:00,1610612741,1610612761,Regular Season,1
22200150,2022-11-07 20:30:00,1610612748,1610612757,Regular Season,0
22200149,2022-11-07 20:15:00,1610612737,1610612749,Regular Season,1
22200148,2022-11-07 20:00:00,1610612755,1610612756,Regular Season,1
22200147,2022-11-07 19:45:00,1610612754,1610612740,Regular Season,1
22200146,2022-11-07 19:30:00,1610612765,1610612760,Regular Season,1
22200145,2022-11-07 19:15:00,1610612753,1610612745,Regular Season,0
22200144,2022-11-07 19:00:00,1610612766,1610612764,Regular Season,0
22200143,2022-11-06 22:00:00,1610612746,1610612762,Regular Season,0
22200141,2022-11-06 18:00:00,1610612761,1610612741,Regular Season,1
22200142,2022-11-06 18:00:00,1610612763,1610612764,Regular Season,1
22200140,2022-11-06 15:30:00,1610612747,1610612739,Regular Season,0
22200139,2022-11-05 22:00:00,1610612756,1610612757,Regular Season,1
22200138,2022-11-05 21:00:00,1610612743,1610612759,Regular Season,1
22200136,2022-11-05 20:00:00,1610612749,1610612760,Regular Season,1
22200137,2022-11-05 20:00:00,1610612750,1610612745,Regular Season,1
22200134,2022-11-05 19:30:00,1610612737,1610612740,Regular Season,1
22200135,2022-11-05 19:30:00,1610612752,1610612738,Regular Season,0
22200133,2022-11-05 19:00:00,1610612766,1610612751,Regular Season,0
22200132,2022-11-05 17:00:00,1610612753,1610612758,Regular Season,0
22200131,2022-11-04 22:30:00,1610612747,1610612762,Regular Season,0
22200129,2022-11-04 22:00:00,1610612750,1610612749,Regular Season,0
22200130,2022-11-04 22:00:00,1610612756,1610612757,Regular Season,0
22200127,2022-11-04 20:30:00,1610612742,1610612761,Regular Season,1
22200128,2022-11-04 20:30:00,1610612740,1610612744,Regular Season,1
22200125,2022-11-04 20:00:00,1610612763,1610612766,Regular Season,1
22200126,2022-11-04 20:00:00,1610612759,1610612746,Regular Season,0
22200124,2022-11-04 19:30:00,1610612738,1610612741,Regular Season,1
22200120,2022-11-04 19:00:00,1610612765,1610612739,Regular Season,0
22200121,2022-11-04 19:00:00,1610612754,1610612748,Regular Season,1
22200122,2022-11-04 19:00:00,1610612755,1610612752,Regular Season,0
22200123,2022-11-04 19:00:00,1610612764,1610612751,Regular Season,0
22200119,2022-11-03 20:00:00,1610612760,1610612743,Regular Season,0
22200118,2022-11-03 19:00:00,1610612753,1610612744,Regular Season,1
22200117,2022-11-02 22:30:00,1610612747,1610612740,Regular Season,1
22200116,2022-11-02 22:00:00,1610612757,1610612763,Regular Season,0
22200115,2022-11-02 20:30:00,1610612742,1610612762,Regular Season,1
22200111,2022-11-02 20:00:00,1610612741,1610612766,Regular Season,1
22200112,2022-11-02 20:00:00,1610612745,1610612746,Regular Season,0
22200113,2022-11-02 20:00:00,1610612749,1610612765,Regular Season,1
22200114,2022-11-02 20:00:00,1610612759,1610612761,Regular Season,0
22200107,2022-11-02 19:30:00,1610612739,1610612738,Regular Season,1
22200109,2022-11-02 19:30:00,1610612748,1610612758,Regular Season,1
22200110,2022-11-02 19:30:00,1610612752,1610612737,Regular Season,0
22200108,2022-11-02 18:00:00,1610612755,1610612764,Regular Season,0
22200106,2022-11-01 22:00:00,1610612756,1610612750,Regular Season,1
22200105,2022-11-01 20:00:00,1610612760,1610612753,Regular Season,1
22200103,2022-11-01 19:30:00,1610612751,1610612741,Regular Season,0
22200104,2022-11-01 19:30:00,1610612748,1610612744,Regular Season,1
22200102,2022-10-31 22:30:00,1610612746,1610612745,Regular Season,1
22200101,2022-10-31 21:00:00,1610612762,1610612763,Regular Season,1
22200100,2022-10-31 20:00:00,1610612749,1610612765,Regular Season,1
22200098,2022-10-31 19:30:00,1610612751,1610612754,Regular Season,1
22200099,2022-10-31 19:30:00,1610612761,1610612737,Regular Season,1
22200096,2022-10-31 19:00:00,1610612766,1610612758,Regular Season,0
22200097,2022-10-31 19:00:00,1610612764,1610612755,Regular Season,0
22200095,2022-10-30 21:30:00,1610612747,1610612743,Regular Season,1
22200094,2022-10-30 21:00:00,1610612756,1610612745,Regular Season,1
22200093,2022-10-30 19:30:00,1610612742,1610612753,Regular Season,1
22200092,2022-10-30 19:00:00,1610612759,1610612750,Regular Season,1
22200089,2022-10-30 18:00:00,1610612738,1610612764,Regular Season,1
22200090,2022-10-30 18:00:00,1610612739,1610612752,Regular Season,1
22200091,2022-10-30 18:00:00,1610612765,1610612744,Regular Season,1
22200088,2022-10-30 15:00:00,1610612746,1610612740,Regular Season,0
22200086,2022-10-29 21:00:00,1610612742,1610612760,Regular Season,0
22200087,2022-10-29 21:00:00,1610612762,1610612763,Regular Season,1
22200084,2022-10-29 20:00:00,1610612741,1610612755,Regular Season,0
22200085,2022-10-29 20:00:00,1610612749,1610612737,Regular Season,1
22200083,2022-10-29 19:30:00,1610612751,1610612754,Regular Season,0
22200082,2022-10-29 19:00:00,1610612766,1610612744,Regular Season,1
22200081,2022-10-29 18:00:00,1610612758,1610612748,Regular Season,1
22200079,2022-10-28 22:00:00,1610612756,1610612740,Regular Season,1
22200080,2022-10-28 22:00:00,1610612757,1610612745,Regular Season,1
22200078,2022-10-28 21:00:00,1610612743,1610612762,Regular Season,1
22200077,2022-10-28 20:30:00,1610612759,1610612741,Regular Season,1
22200075,2022-10-28 20:00:00,1610612749,1610612752,Regular Season,1
22200076,2022-10-28 20:00:00,1610612750,1610612747,Regular Season,1
22200072,2022-10-28 19:30:00,1610612738,1610612739,Regular Season,0
22200073,2022-10-28 19:30:00,1610612761,1610612755,Regular Season,0
22200074,2022-10-28 19:30:00,1610612764,1610612754,Regular Season,0
22200070,2022-10-28 19:00:00,1610612765,1610612737,Regular Season,0
22200071,2022-10-28 19:00:00,1610612753,1610612766,Regular Season,1
22200068,2022-10-27 22:00:00,1610612744,1610612748,Regular Season,1
22200069,2022-10-27 22:00:00,1610612758,1610612763,Regular Season,0
22200067,2022-10-27 20:00:00,1610612760,1610612746,Regular Season,1
22200066,2022-10-27 19:30:00,1610612751,1610612742,Regular Season,0
22200064,2022-10-26 22:00:00,1610612743,1610612747,Regular Season,1
22200065,2022-10-26 22:00:00,1610612757,1610612748,Regular Season,0
22200063,2022-10-26 21:00:00,1610612762,1610612745,Regular Season,1
22200061,2022-10-26 20:00:00,1610612741,1610612754,Regular Season,1
22200062,2022-10-26 20:00:00,1610612750,1610612759,Regular Season,1
22200058,2022-10-26 19:30:00,1610612752,1610612766,Regular Season,1
22200059,2022-10-26 19:30:00,1610612761,1610612755,Regular Season,1
22200060,2022-10-26 19:30:00,1610612749,1610612751,Regular Season,1
22200056,2022-10-26 19:00:00,1610612739,1610612753,Regular Season,1
22200057,2022-10-26 19:00:00,1610612765,1610612737,Regular Season,0
22200055,2022-10-25 22:00:00,1610612756,1610612744,Regular Season,1
22200054,2022-10-25 20:00:00,1610612760,1610612746,Regular Season,1
22200053,2022-10-25 19:30:00,1610612740,1610612742,Regular Season,1
22200052,2022-10-25 19:00:00,1610612764,1610612765,Regular Season,1
22200051,2022-10-24 22:00:00,1610612757,1610612743,Regular Season,1
22200047,2022-10-24 20:00:00,1610612741,1610612738,Regular Season,1
22200048,2022-10-24 20:00:00,1610612745,1610612762,Regular Season,1
22200049,2022-10-24 20:00:00,1610612763,1610612751,Regular Season,1
22200050,2022-10-24 20:00:00,1610612750,1610612759,Regular Season,0
22200045,2022-10-24 19:30:00,1610612748,1610612761,Regular Season,0
22200046,2022-10-24 19:30:00,1610612752,1610612753,Regular Season,1
22200044,2022-10-24 19:00:00,1610612755,1610612754,Regular Season,1
22200043,2022-10-23 22:00:00,1610612746,1610612756,Regular Season,0
22200042,2022-10-23 20:30:00,1610612744,1610612758,Regular Season,1
22200041,2022-10-23 20:00:00,1610612760,1610612750,Regular Season,0
22200039,2022-10-23 19:00:00,1610612739,1610612764,Regular Season,1
22200040,2022-10-23 19:00:00,1610612740,1610612762,Regular Season,0
22200038,2022-10-23 17:00:00,1610612737,1610612766,Regular Season,0
22200037,2022-10-23 15:30:00,1610612747,1610612757,Regular Season,0
22200036,2022-10-22 22:00:00,1610612758,1610612746,Regular Season,0
22200035,2022-10-22 21:00:00,1610612743,1610612760,Regular Season,1
22200034,2022-10-22 20:30:00,1610612742,1610612763,Regular Season,1
22200031,2022-10-22 20:00:00,1610612748,1610612761,Regular Season,1
22200032,2022-10-22 20:00:00,1610612741,1610612739,Regular Season,0
22200033,2022-10-22 20:00:00,1610612749,1610612745,Regular Season,1
22200029,2022-10-22 19:00:00,1610612754,1610612765,Regular Season,1
22200030,2022-10-22 19:00:00,1610612753,1610612738,Regular Season,0
22200028,2022-10-22 18:00:00,1610612755,1610612759,Regular Season,0
22200026,2022-10-21 22:00:00,1610612744,1610612743,Regular Season,0
22200027,2022-10-21 22:00:00,1610612757,1610612756,Regular Season,1
22200024,2022-10-21 20:00:00,1610612745,1610612763,Regular Season,0
22200025,2022-10-21 20:00:00,1610612750,1610612762,Regular Season,0
22200020,2022-10-21 19:30:00,1610612737,1610612753,Regular Season,1
22200021,2022-10-21 19:30:00,1610612751,1610612761,Regular Season,1
22200022,2022-10-21 19:30:00,1610612748,1610612738,Regular Season,0
22200023,2022-10-21 19:30:00,1610612752,1610612765,Regular Season,1
22200017,2022-10-21 19:00:00,1610612766,1610612740,Regular Season,0
22200018,2022-10-21 19:00:00,1610612754,1610612759,Regular Season,0
22200019,2022-10-21 19:00:00,1610612764,1610612741,Regular Season,1
22200016,2022-10-20 22:00:00,1610612747,1610612746,Regular Season,0
22200015,2022-10-20 19:30:00,1610612755,1610612749,Regular Season,0
22200013,2022-10-19 22:00:00,1610612756,1610612742,Regular Season,1
22200014,2022-10-19 22:00:00,1610612758,1610612757,Regular Season,0
22200012,2022-10-19 21:00:00,1610612762,1610612743,Regular Season,1
22200010,2022-10-19 20:00:00,1610612750,1610612760,Regular Season,1
22200011,2022-10-19 20:00:00,1610612759,1610612766,Regular Season,0
22200005,2022-10-19 19:30:00,1610612737,1610612745,Regular Season,1
22200006,2022-10-19 19:30:00,1610612751,1610612740,Regular Season,0
22200007,2022-10-19 19:30:00,1610612748,1610612741,Regular Season,0
22200008,2022-10-19 19:30:00,1610612761,1610612739,Regular Season,1
22200009,2022-10-19 19:30:00,1610612763,1610612752,Regular Season,1
22200003,2022-10-19 19:00:00,1610612765,1610612753,Regular Season,1
22200004,2022-10-19 19:00:00,1610612754,1610612764,Regular Season,0
22200002,2022-10-18 22:00:00,1610612744,1610612747,Regular Season,1
22200001,2022-10-18 19:30:00,1610612738,1610612755,Regular Season,1
12200069,2022-10-14 22:00:00,1610612744,1610612743,Preseason,0
12200070,2022-10-14 22:00:00,1610612758,1610612747,Preseason,1
12200068,2022-10-14 21:00:00,1610612762,1610612742,Preseason,0
12200066,2022-10-14 20:00:00,1610612750,1610612751,Preseason,0
12200067,2022-10-14 20:00:00,1610612740,1610612737,Preseason,1
12200064,2022-10-14 19:30:00,1610612761,1610612738,Preseason,1
12200065,2022-10-14 19:30:00,1610612752,1610612764,Preseason,1
12200062,2022-10-14 19:00:00,1610612754,1610612745,Preseason,0
12200063,2022-10-14 19:00:00,1610612753,1610612739,Preseason,1
12200061,2022-10-13 20:00:00,1610612759,1610612760,Preseason,0
12200060,2022-10-13 19:00:00,1610612765,1610612763,Preseason,0
12200059,2022-10-12 22:30:00,1610612746,1610612743,Preseason,0
12200057,2022-10-12 22:00:00,1610612747,1610612750,Preseason,0
12200058,2022-10-12 22:00:00,1610612756,1610612758,Preseason,0
12200055,2022-10-12 19:30:00,1610612748,1610612740,Preseason,1
12200056,2022-10-12 19:30:00,1610612749,1610612751,Preseason,0
12200052,2022-10-12 19:00:00,1610612739,1610612737,Preseason,1
12200053,2022-10-12 19:00:00,1610612754,1610612752,Preseason,1
12200054,2022-10-12 19:00:00,1610612755,1610612766,Preseason,1
12200051,2022-10-11 22:00:00,1610612744,1610612757,Preseason,1
12200050,2022-10-11 21:00:00,1610612762,1610612759,Preseason,0
12200049,2022-10-11 20:00:00,1610612741,1610612749,Preseason,1
12200047,2022-10-11 19:00:00,1610612765,1610612760,Preseason,0
12200048,2022-10-11 19:00:00,1610612753,1610612763,Preseason,1
12200046,2022-10-10 21:00:00,1610612743,1610612756,Preseason,1
12200045,2022-10-10 19:30:00,1610612748,1610612745,Preseason,1
12200043,2022-10-10 19:00:00,1610612766,1610612764,Preseason,0
12200044,2022-10-10 19:00:00,1610612739,1610612755,Preseason,0
12200042,2022-10-09 22:30:00,1610612746,1610612750,Preseason,0
12200041,2022-10-09 21:00:00,1610612758,1610612757,Preseason,1
12200040,2022-10-09 20:30:00,1610612744,1610612747,Preseason,0
12200039,2022-10-09 19:00:00,1610612759,1610612740,Preseason,0
12200037,2022-10-09 18:00:00,1610612761,1610612741,Preseason,0
12200036,2022-10-08 12:00:00,1610612749,1610612737,Preseason,0
12200035,2022-10-07 20:30:00,1610612742,1610612753,Preseason,0
12200031,2022-10-07 20:00:00,1610612741,1610612743,Preseason,1
12200032,2022-10-07 20:00:00,1610612745,1610612761,Preseason,1
12200033,2022-10-07 20:00:00,1610612763,1610612748,Preseason,0
12200034,2022-10-07 20:00:00,1610612740,1610612765,Preseason,1
12200029,2022-10-07 19:30:00,1610612766,1610612738,Preseason,0
12200030,2022-10-07 19:30:00,1610612752,1610612754,Preseason,1
12200028,2022-10-06 22:00:00,1610612747,1610612750,Preseason,0
12200026,2022-10-06 20:00:00,1610612759,1610612753,Preseason,0
12200024,2022-10-06 19:30:00,1610612751,1610612748,Preseason,0
12200023,2022-10-06 12:00:00,1610612737,1610612749,Preseason,1
12200022,2022-10-05 22:00:00,1610612747,1610612756,Preseason,0
12200021,2022-10-05 20:00:00,1610612760,1610612742,Preseason,0
12200020,2022-10-05 19:30:00,1610612738,1610612761,Preseason,0
12200018,2022-10-05 19:00:00,1610612766,1610612754,Preseason,0
12200019,2022-10-05 19:00:00,1610612755,1610612739,Preseason,1
12200017,2022-10-04 22:00:00,1610612757,1610612762,Preseason,0
12200016,2022-10-04 21:30:00,1610612741,1610612740,Preseason,0
12200015,2022-10-04 19:30:00,1610612748,1610612750,Preseason,0
12200014,2022-10-04 19:00:00,1610612752,1610612765,Preseason,1
12200012,2022-10-03 22:30:00,1610612747,1610612758,Preseason,0
12200013,2022-10-03 22:30:00,1610612746,1610612757,Preseason,1
12200011,2022-10-03 21:00:00,1610612743,1610612760,Preseason,0
12200010,2022-10-03 20:00:00,1610612763,1610612753,Preseason,1
12200009,2022-10-03 19:30:00,1610612751,1610612755,Preseason,0
12200007,2022-10-02 19:00:00,1610612745,1610612759,Preseason,1
12200006,2022-10-02 18:00:00,1610612761,1610612762,Preseason,1
12200005,2022-10-02 13:00:00,1610612738,1610612766,Preseason,1
12200004,2022-10-02 01:00:00,1610612744,1610612764,Preseason,1
12200003,2022-10-01 20:00:00,1610612749,1610612763,Preseason,0
12200001,2022-09-30 06:00:00,1610612764,1610612744,Preseason,0
42100406,2022-06-16 21:00:00,1610612738,1610612744,Playoffs,0
42100405,2022-06-13 21:00:00,1610612744,1610612738,Playoffs,1
42100404,2022-06-10 21:00:00,1610612738,1610612744,Playoffs,0
42100403,2022-06-08 21:00:00,1610612738,1610612744,Playoffs,1
42100402,2022-06-05 20:00:00,1610612744,1610612738,Playoffs,1
42100401,2022-06-02 21:00:00,1610612744,1610612738,Playoffs,0
42100307,2022-05-29 20:30:00,1610612748,1610612738,Playoffs,0
42100306,2022-05-27 20:30:00,1610612738,1610612748,Playoffs,0
42100315,2022-05-26 21:00:00,1610612744,1610612742,Playoffs,1
42100305,2022-05-25 20:30:00,1610612748,1610612738,Playoffs,0
42100314,2022-05-24 21:00:00,1610612742,1610612744,Playoffs,1
42100304,2022-05-23 20:30:00,1610612738,1610612748,Playoffs,1
42100313,2022-05-22 21:00:00,1610612742,1610612744,Playoffs,0
42100303,2022-05-21 20:30:00,1610612738,1610612748,Playoffs,0
42100312,2022-05-20 21:00:00,1610612744,1610612742,Playoffs,1
42100302,2022-05-19 20:30:00,1610612748,1610612738,Playoffs,0
42100311,2022-05-18 21:00:00,1610612744,1610612742,Playoffs,1
42100301,2022-05-17 20:30:00,1610612748,1610612738,Playoffs,1
42100227,2022-05-15 20:00:00,1610612756,1610612742,Playoffs,0
42100217,2022-05-15 15:30:00,1610612738,1610612749,Playoffs,1
42100236,2022-05-13 22:00:00,1610612744,1610612763,Playoffs,1
42100216,2022-05-13 19:30:00,1610612749,1610612738,Playoffs,0
42100226,2022-05-12 21:30:00,1610612742,1610612756,Playoffs,1
42100206,2022-05-12 19:00:00,1610612755,1610612748,Playoffs,0
42100235,2022-05-11 21:30:00,1610612763,1610612744,Playoffs,1
42100215,2022-05-11 19:00:00,1610612738,1610612749,Playoffs,0
42100225,2022-05-10 22:00:00,1610612756,1610612742,Playoffs,1
42100205,2022-05-10 19:30:00,1610612748,1610612755,Playoffs,1
42100234,2022-05-09 22:00:00,1610612744,1610612763,Playoffs,1
42100214,2022-05-09 19:30:00,1610612749,1610612738,Playoffs,0
42100204,2022-05-08 20:00:00,1610612755,1610612748,Playoffs,1
42100224,2022-05-08 15:30:00,1610612742,1610612756,Playoffs,1
42100233,2022-05-07 20:30:00,1610612744,1610612763,Playoffs,1
42100213,2022-05-07 15:30:00,1610612749,1610612738,Playoffs,1
42100223,2022-05-06 21:30:00,1610612742,1610612756,Playoffs,1
42100203,2022-05-06 19:00:00,1610612755,1610612748,Playoffs,1
42100222,2022-05-04 22:00:00,1610612756,1610612742,Playoffs,1
42100202,2022-05-04 19:30:00,1610612748,1610612755,Playoffs,1
42100232,2022-05-03 21:30:00,1610612763,1610612744,Playoffs,1
42100212,2022-05-03 19:00:00,1610612738,1610612749,Playoffs,1
42100221,2022-05-02 22:00:00,1610612756,1610612742,Playoffs,1
42100201,2022-05-02 19:30:00,1610612748,1610612755,Playoffs,1
42100231,2022-05-01 15:30:00,1610612763,1610612744,Playoffs,0
42100211,2022-05-01 13:00:00,1610612738,1610612749,Playoffs,0
42100156,2022-04-29 21:00:00,1610612750,1610612763,Playoffs,0
42100176,2022-04-28 22:00:00,1610612762,1610612742,Playoffs,0
42100146,2022-04-28 19:30:00,1610612740,1610612756,Playoffs,0
42100136,2022-04-28 19:00:00,1610612761,1610612755,Playoffs,0
42100165,2022-04-27 22:00:00,1610612744,1610612743,Playoffs,1
42100125,2022-04-27 19:30:00,1610612749,1610612741,Playoffs,1
42100145,2022-04-26 22:00:00,1610612756,1610612740,Playoffs,1
42100155,2022-04-26 19:30:00,1610612763,1610612750,Playoffs,1
42100105,2022-04-26 19:00:00,1610612748,1610612737,Playoffs,1
42100175,2022-04-25 21:30:00,1610612742,1610612762,Playoffs,1
42100135,2022-04-25 20:00:00,1610612755,1610612761,Playoffs,0
42100114,2022-04-25 19:00:00,1610612751,1610612738,Playoffs,0
42100144,2022-04-24 21:30:00,1610612740,1610612756,Playoffs,1
42100104,2022-04-24 19:00:00,1610612737,1610612748,Playoffs,0
42100164,2022-04-24 15:30:00,1610612743,1610612744,Playoffs,1
42100124,2022-04-24 13:00:00,1610612741,1610612749,Playoffs,0
42100154,2022-04-23 22:00:00,1610612750,1610612763,Playoffs,1
42100113,2022-04-23 19:30:00,1610612751,1610612738,Playoffs,0
42100174,2022-04-23 16:30:00,1610612762,1610612742,Playoffs,1
42100134,2022-04-23 14:00:00,1610612761,1610612755,Playoffs,1
42100143,2022-04-22 21:30:00,1610612740,1610612756,Playoffs,0
42100123,2022-04-22 20:30:00,1610612741,1610612749,Playoffs,0
42100103,2022-04-22 19:00:00,1610612737,1610612748,Playoffs,1
42100163,2022-04-21 22:00:00,1610612743,1610612744,Playoffs,0
42100173,2022-04-21 21:00:00,1610612762,1610612742,Playoffs,0
42100153,2022-04-21 19:30:00,1610612750,1610612763,Playoffs,0
42100122,2022-04-20 21:30:00,1610612749,1610612741,Playoffs,0
42100133,2022-04-20 20:00:00,1610612761,1610612755,Playoffs,0
42100112,2022-04-20 19:00:00,1610612738,1610612751,Playoffs,1
42100142,2022-04-19 22:00:00,1610612756,1610612740,Playoffs,0
42100152,2022-04-19 20:30:00,1610612763,1610612750,Playoffs,1
42100102,2022-04-19 19:30:00,1610612748,1610612737,Playoffs,1
42100162,2022-04-18 22:00:00,1610612744,1610612743,Playoffs,1
42100172,2022-04-18 20:30:00,1610612742,1610612762,Playoffs,1
42100132,2022-04-18 19:30:00,1610612755,1610612761,Playoffs,1
42100141,2022-04-17 21:00:00,1610612756,1610612740,Playoffs,1
42100121,2022-04-17 18:30:00,1610612749,1610612741,Playoffs,1
42100111,2022-04-17 15:30:00,1610612738,1610612751,Playoffs,1
42100101,2022-04-17 13:00:00,1610612748,1610612737,Playoffs,1
42100161,2022-04-16 20:30:00,1610612744,1610612743,Playoffs,1
42100131,2022-04-16 18:00:00,1610612755,1610612761,Playoffs,1
42100151,2022-04-16 15:30:00,1610612763,1610612750,Playoffs,0
42100171,2022-04-16 13:00:00,1610612742,1610612762,Playoffs,0
52100211,2022-04-15 22:00:00,1610612746,1610612740,Play-in Tournament,0
52100201,2022-04-15 19:30:00,1610612739,1610612737,Play-in Tournament,0
52100131,2022-04-13 21:30:00,1610612740,1610612759,Play-in Tournament,1
52100111,2022-04-13 19:00:00,1610612737,1610612766,Play-in Tournament,1
52100121,2022-04-12 21:30:00,1610612750,1610612746,Play-in Tournament,1
52100101,2022-04-12 19:00:00,1610612751,1610612739,Play-in Tournament,1
22101219,2022-04-10 21:30:00,1610612742,1610612759,Regular Season,1
22101220,2022-04-10 21:30:00,1610612743,1610612747,Regular Season,0
22101222,2022-04-10 21:30:00,1610612746,1610612760,Regular Season,1
22101225,2022-04-10 21:30:00,1610612740,1610612744,Regular Season,0
22101229,2022-04-10 21:30:00,1610612756,1610612758,Regular Season,0
22101230,2022-04-10 21:30:00,1610612757,1610612762,Regular Season,0
22101224,2022-04-10 20:30:00,1610612750,1610612741,Regular Season,0
22101223,2022-04-10 19:00:00,1610612763,1610612738,Regular Season,0
22101226,2022-04-10 19:00:00,1610612752,1610612761,Regular Season,1
22101227,2022-04-10 19:00:00,1610612753,1610612748,Regular Season,1
22101228,2022-04-10 19:00:00,1610612755,1610612765,Regular Season,1
22101216,2022-04-10 15:30:00,1610612751,1610612754,Regular Season,1
22101217,2022-04-10 15:30:00,1610612766,1610612764,Regular Season,1
22101218,2022-04-10 15:30:00,1610612739,1610612749,Regular Season,1
22101221,2022-04-10 15:30:00,1610612745,1610612737,Regular Season,0
22101212,2022-04-09 21:30:00,1610612746,1610612758,Regular Season,1
22101215,2022-04-09 20:30:00,1610612759,1610612744,Regular Season,0
22101213,2022-04-09 18:00:00,1610612763,1610612740,Regular Season,1
22101214,2022-04-09 13:00:00,1610612755,1610612754,Regular Season,1
22101211,2022-04-08 22:30:00,1610612747,1610612760,Regular Season,1
22101210,2022-04-08 21:30:00,1610612762,1610612756,Regular Season,0
22101209,2022-04-08 20:30:00,1610612742,1610612757,Regular Season,1
22101207,2022-04-08 20:00:00,1610612748,1610612737,Regular Season,1
22101208,2022-04-08 20:00:00,1610612741,1610612766,Regular Season,0
22101205,2022-04-08 19:30:00,1610612751,1610612739,Regular Season,1
22101206,2022-04-08 19:30:00,1610612761,1610612745,Regular Season,1
22101203,2022-04-08 19:00:00,1610612765,1610612749,Regular Season,0
22101204,2022-04-08 19:00:00,1610612764,1610612752,Regular Season,0
22101202,2022-04-07 22:00:00,1610612744,1610612747,Regular Season,1
22101201,2022-04-07 21:00:00,1610612743,1610612763,Regular Season,1
22101199,2022-04-07 20:00:00,1610612750,1610612759,Regular Season,1
22101200,2022-04-07 20:00:00,1610612740,1610612757,Regular Season,1
22101197,2022-04-07 19:30:00,1610612761,1610612755,Regular Season,1
22101198,2022-04-07 19:30:00,1610612749,1610612738,Regular Season,1
22101196,2022-04-07 19:00:00,1610612766,1610612753,Regular Season,1
22101195,2022-04-06 22:00:00,1610612746,1610612756,Regular Season,1
22101194,2022-04-06 21:00:00,1610612762,1610612760,Regular Season,1
22101192,2022-04-06 20:00:00,1610612737,1610612764,Regular Season,1
22101193,2022-04-06 20:00:00,1610612741,1610612738,Regular Season,0
22101191,2022-04-06 19:30:00,1610612752,1610612751,Regular Season,0
22101190,2022-04-06 19:00:00,1610612765,1610612742,Regular Season,0
22101189,2022-04-05 22:30:00,1610612756,1610612747,Regular Season,1
22101188,2022-04-05 22:00:00,1610612758,1610612740,Regular Season,0
22101186,2022-04-05 21:00:00,1610612743,1610612759,Regular Season,0
22101187,2022-04-05 21:00:00,1610612762,1610612763,Regular Season,1
22101183,2022-04-05 20:00:00,1610612741,1610612749,Regular Season,0
22101184,2022-04-05 20:00:00,1610612750,1610612764,Regular Season,0
22101185,2022-04-05 20:00:00,1610612760,1610612757,Regular Season,1
22101180,2022-04-05 19:30:00,1610612751,1610612745,Regular Season,1
22101181,2022-04-05 19:30:00,1610612748,1610612766,Regular Season,1
22101182,2022-04-05 19:30:00,1610612761,1610612737,Regular Season,1
22101178,2022-04-05 19:00:00,1610612754,1610612755,Regular Season,0
22101179,2022-04-05 19:00:00,1610612753,1610612739,Regular Season,1
22101177,2022-04-03 21:30:00,1610612746,1610612740,Regular Season,1
22101176,2022-04-03 21:00:00,1610612758,1610612744,Regular Season,0
22101172,2022-04-03 19:00:00,1610612761,1610612748,Regular Season,0
22101173,2022-04-03 19:00:00,1610612745,1610612750,Regular Season,0
22101174,2022-04-03 19:00:00,1610612760,1610612756,Regular Season,1
22101175,2022-04-03 19:00:00,1610612759,1610612757,Regular Season,1
22101170,2022-04-03 18:00:00,1610612739,1610612755,Regular Season,0
22101171,2022-04-03 18:00:00,1610612753,1610612752,Regular Season,0
22101169,2022-04-03 17:00:00,1610612754,1610612765,Regular Season,0
22101168,2022-04-03 15:30:00,1610612747,1610612743,Regular Season,0
22101166,2022-04-03 13:00:00,1610612738,1610612764,Regular Season,1
22101167,2022-04-03 13:00:00,1610612749,1610612742,Regular Season,0
22101165,2022-04-02 20:30:00,1610612744,1610612762,Regular Season,1
22101164,2022-04-02 20:00:00,1610612741,1610612748,Regular Season,0
22101163,2022-04-02 19:30:00,1610612737,1610612751,Regular Season,1
22101162,2022-04-02 13:00:00,1610612752,1610612739,Regular Season,0
22101161,2022-04-02 12:30:00,1610612755,1610612766,Regular Season,1
22101160,2022-04-01 22:30:00,1610612747,1610612740,Regular Season,0
22101159,2022-04-01 21:00:00,1610612743,1610612750,Regular Season,0
22101158,2022-04-01 20:30:00,1610612759,1610612757,Regular Season,1
22101154,2022-04-01 20:00:00,1610612745,1610612758,Regular Season,0
22101155,2022-04-01 20:00:00,1610612763,1610612756,Regular Season,1
22101156,2022-04-01 20:00:00,1610612749,1610612746,Regular Season,0
22101157,2022-04-01 20:00:00,1610612760,1610612765,Regular Season,0
22101153,2022-04-01 19:30:00,1610612738,1610612754,Regular Season,1
22101151,2022-04-01 19:00:00,1610612753,1610612761,Regular Season,0
22101152,2022-04-01 19:00:00,1610612764,1610612742,Regular Season,1
22101150,2022-03-31 22:00:00,1610612762,1610612747,Regular Season,1
22101149,2022-03-31 20:00:00,1610612741,1610612746,Regular Season,1
22100452,2022-03-31 19:30:00,1610612737,1610612739,Regular Season,1
22101148,2022-03-31 19:30:00,1610612751,1610612749,Regular Season,0
22101147,2022-03-31 19:00:00,1610612765,1610612755,Regular Season,1
22101145,2022-03-30 22:00:00,1610612744,1610612756,Regular Season,0
22101146,2022-03-30 22:00:00,1610612757,1610612740,Regular Season,0
22101144,2022-03-30 20:30:00,1610612759,1610612763,Regular Season,0
22101142,2022-03-30 20:00:00,1610612745,1610612758,Regular Season,0
22101143,2022-03-30 20:00:00,1610612760,1610612737,Regular Season,0
22101139,2022-03-30 19:30:00,1610612738,1610612748,Regular Season,0
22101140,2022-03-30 19:30:00,1610612752,1610612766,Regular Season,0
22101141,2022-03-30 19:30:00,1610612761,1610612750,Regular Season,1
22101136,2022-03-30 19:00:00,1610612739,1610612742,Regular Season,0
22101137,2022-03-30 19:00:00,1610612754,1610612743,Regular Season,0
22101138,2022-03-30 19:00:00,1610612764,1610612753,Regular Season,1
22101135,2022-03-29 22:00:00,1610612746,1610612762,Regular Season,1
22101133,2022-03-29 19:30:00,1610612751,1610612765,Regular Season,1
22101134,2022-03-29 19:30:00,1610612742,1610612747,Regular Season,1
22101131,2022-03-29 19:00:00,1610612755,1610612749,Regular Season,0
22101132,2022-03-29 19:00:00,1610612764,1610612741,Regular Season,0
22101130,2022-03-28 22:00:00,1610612757,1610612760,Regular Season,0
22101128,2022-03-28 20:00:00,1610612745,1610612759,Regular Season,0
22101129,2022-03-28 20:00:00,1610612763,1610612744,Regular Season,1
22101125,2022-03-28 19:30:00,1610612748,1610612758,Regular Season,1
22101126,2022-03-28 19:30:00,1610612752,1610612741,Regular Season,1
22101127,2022-03-28 19:30:00,1610612761,1610612738,Regular Season,1
22101122,2022-03-28 19:00:00,1610612766,1610612743,Regular Season,0
22101123,2022-03-28 19:00:00,1610612739,1610612753,Regular Season,1
22101124,2022-03-28 19:00:00,1610612754,1610612737,Regular Season,0
22101120,2022-03-27 19:30:00,1610612751,1610612766,Regular Season,0
22101121,2022-03-27 19:30:00,1610612742,1610612762,Regular Season,1
22101119,2022-03-27 19:00:00,1610612740,1610612747,Regular Season,1
22101116,2022-03-27 18:00:00,1610612738,1610612750,Regular Season,1
22101117,2022-03-27 18:00:00,1610612764,1610612744,Regular Season,1
22101118,2022-03-27 18:00:00,1610612756,1610612755,Regular Season,1
22101115,2022-03-27 15:30:00,1610612765,1610612752,Regular Season,0
22101114,2022-03-26 22:00:00,1610612757,1610612745,Regular Season,0
22101113,2022-03-26 21:00:00,1610612743,1610612760,Regular Season,1
22101110,2022-03-26 20:00:00,1610612739,1610612741,Regular Season,0
22101111,2022-03-26 20:00:00,1610612748,1610612751,Regular Season,0
22101112,2022-03-26 20:00:00,1610612763,1610612749,Regular Season,1
22101109,2022-03-26 19:30:00,1610612761,1610612754,Regular Season,1
22101108,2022-03-26 19:00:00,1610612753,1610612758,Regular Season,0
22101107,2022-03-26 17:00:00,1610612740,1610612759,Regular Season,0
22101106,2022-03-25 22:30:00,1610612746,1610612755,Regular Season,0
22101105,2022-03-25 22:00:00,1610612757,1610612745,Regular Season,0
22101103,2022-03-25 20:00:00,1610612748,1610612752,Regular Season,0
22101104,2022-03-25 20:00:00,1610612750,1610612742,Regular Season,1
22101102,2022-03-25 19:30:00,1610612737,1610612744,Regular Season,1
22101100,2022-03-25 19:00:00,1610612766,1610612762,Regular Season,1
22101101,2022-03-25 19:00:00,1610612765,1610612764,Regular Season,0
22101099,2022-03-24 21:00:00,1610612743,1610612756,Regular Season,0
22101096,2022-03-24 20:00:00,1610612763,1610612754,Regular Season,1
22101097,2022-03-24 20:00:00,1610612749,1610612764,Regular Season,1
22101098,2022-03-24 20:00:00,1610612740,1610612741,Regular Season,1
22101095,2022-03-24 19:30:00,1610612761,1610612739,Regular Season,1
22101093,2022-03-23 22:00:00,1610612747,1610612755,Regular Season,0
22101094,2022-03-23 22:00:00,1610612757,1610612759,Regular Season,0
22101092,2022-03-23 20:30:00,1610612742,1610612745,Regular Season,1
22101090,2022-03-23 20:00:00,1610612750,1610612756,Regular Season,0
22101091,2022-03-23 20:00:00,1610612760,1610612753,Regular Season,1
22101087,2022-03-23 19:30:00,1610612738,1610612762,Regular Season,1
22101088,2022-03-23 19:30:00,1610612748,1610612744,Regular Season,0
22101089,2022-03-23 19:30:00,1610612763,1610612751,Regular Season,1
22101084,2022-03-23 19:00:00,1610612766,1610612752,Regular Season,0
22101085,2022-03-23 19:00:00,1610612765,1610612737,Regular Season,1
22101086,2022-03-23 19:00:00,1610612754,1610612758,Regular Season,0
22101083,2022-03-22 22:00:00,1610612743,1610612746,Regular Season,1
22101082,2022-03-22 20:00:00,1610612749,1610612741,Regular Season,1
22101081,2022-03-22 19:30:00,1610612752,1610612737,Regular Season,0
22101080,2022-03-22 19:00:00,1610612753,1610612744,Regular Season,1
22101079,2022-03-21 20:30:00,1610612742,1610612750,Regular Season,1
22101076,2022-03-21 20:00:00,1610612741,1610612761,Regular Season,1
22101077,2022-03-21 20:00:00,1610612745,1610612764,Regular Season,1
22101078,2022-03-21 20:00:00,1610612760,1610612738,Regular Season,0
22101074,2022-03-21 19:30:00,1610612755,1610612748,Regular Season,1
22101075,2022-03-21 19:30:00,1610612751,1610612762,Regular Season,1
22101071,2022-03-21 19:00:00,1610612766,1610612740,Regular Season,1
22101072,2022-03-21 19:00:00,1610612739,1610612747,Regular Season,0
22101073,2022-03-21 19:00:00,1610612765,1610612757,Regular Season,0
22101069,2022-03-20 20:30:00,1610612755,1610612761,Regular Season,0
22101070,2022-03-20 20:30:00,1610612744,1610612759,Regular Season,0
22101068,2022-03-20 20:00:00,1610612743,1610612738,Regular Season,0
22101067,2022-03-20 19:30:00,1610612752,1610612762,Regular Season,0
22101064,2022-03-20 18:00:00,1610612737,1610612740,Regular Season,0
22101065,2022-03-20 18:00:00,1610612753,1610612760,Regular Season,1
22101066,2022-03-20 18:00:00,1610612758,1610612756,Regular Season,0
22101062,2022-03-20 15:30:00,1610612754,1610612757,Regular Season,1
22101063,2022-03-20 15:30:00,1610612745,1610612763,Regular Season,0
22101060,2022-03-19 20:00:00,1610612739,1610612765,Regular Season,1
22101061,2022-03-19 20:00:00,1610612764,1610612747,Regular Season,1
22101059,2022-03-19 19:00:00,1610612766,1610612742,Regular Season,1
22101058,2022-03-19 17:00:00,1610612750,1610612749,Regular Season,1
22101056,2022-03-18 22:00:00,1610612756,1610612741,Regular Season,1
22101057,2022-03-18 22:00:00,1610612758,1610612738,Regular Season,0
22101055,2022-03-18 21:00:00,1610612762,1610612746,Regular Season,1
22101054,2022-03-18 20:30:00,1610612759,1610612740,Regular Season,0
22101052,2022-03-18 20:00:00,1610612748,1610612760,Regular Season,1
22101053,2022-03-18 20:00:00,1610612745,1610612754,Regular Season,0
22101047,2022-03-18 19:30:00,1610612737,1610612763,Regular Season,1
22101048,2022-03-18 19:30:00,1610612751,1610612757,Regular Season,1
22101049,2022-03-18 19:30:00,1610612739,1610612743,Regular Season,1
22101050,2022-03-18 19:30:00,1610612752,1610612764,Regular Season,1
22101051,2022-03-18 19:30:00,1610612761,1610612747,Regular Season,0
22101046,2022-03-18 19:00:00,1610612755,1610612742,Regular Season,1
22101045,2022-03-17 19:00:00,1610612753,1610612765,Regular Season,0
22101044,2022-03-16 22:30:00,1610612746,1610612761,Regular Season,0
22101042,2022-03-16 22:00:00,1610612744,1610612738,Regular Season,0
22101043,2022-03-16 22:00:00,1610612758,1610612749,Regular Season,0
22101041,2022-03-16 21:00:00,1610612762,1610612741,Regular Season,1
22101040,2022-03-16 20:30:00,1610612759,1610612760,Regular Season,1
22101038,2022-03-16 20:00:00,1610612745,1610612756,Regular Season,0
22101039,2022-03-16 20:00:00,1610612750,1610612747,Regular Season,1
22101036,2022-03-16 19:30:00,1610612751,1610612742,Regular Season,0
22101037,2022-03-16 19:30:00,1610612752,1610612757,Regular Season,1
22101033,2022-03-16 19:00:00,1610612766,1610612737,Regular Season,1
22101034,2022-03-16 19:00:00,1610612739,1610612755,Regular Season,0
22101035,2022-03-16 19:00:00,1610612764,1610612743,Regular Season,0
22101032,2022-03-15 20:00:00,1610612740,1610612756,Regular Season,0
22101031,2022-03-15 19:30:00,1610612748,1610612765,Regular Season,1
22101029,2022-03-15 19:00:00,1610612754,1610612763,Regular Season,0
22101030,2022-03-15 19:00:00,1610612753,1610612751,Regular Season,0
22101028,2022-03-14 22:30:00,1610612747,1610612761,Regular Season,0
22101025,2022-03-14 22:00:00,1610612744,1610612764,Regular Season,1
22101026,2022-03-14 22:00:00,1610612758,1610612741,Regular Season,1
22101027,2022-03-14 22:00:00,1610612762,1610612749,Regular Season,0
22101024,2022-03-14 20:30:00,1610612759,1610612750,Regular Season,0
22101023,2022-03-14 20:00:00,1610612760,1610612766,Regular Season,0
22101021,2022-03-14 19:30:00,1610612737,1610612757,Regular Season,1
22101022,2022-03-14 19:30:00,1610612755,1610612743,Regular Season,0
22101020,2022-03-14 19:00:00,1610612739,1610612746,Regular Season,1
22101019,2022-03-13 21:00:00,1610612756,1610612747,Regular Season,1
22101016,2022-03-13 19:00:00,1610612737,1610612754,Regular Season,1
22101017,2022-03-13 19:00:00,1610612740,1610612745,Regular Season,1
22101018,2022-03-13 19:00:00,1610612760,1610612763,Regular Season,0
22101015,2022-03-13 18:00:00,1610612753,1610612755,Regular Season,0
22101014,2022-03-13 15:30:00,1610612738,1610612742,Regular Season,0
22101013,2022-03-13 15:00:00,1610612765,1610612746,Regular Season,0
22101012,2022-03-13 13:00:00,1610612751,1610612752,Regular Season,1
22101011,2022-03-12 22:00:00,1610612757,1610612764,Regular Season,1
22101009,2022-03-12 21:00:00,1610612743,1610612761,Regular Season,0
22101010,2022-03-12 21:00:00,1610612762,1610612758,Regular Season,1
22101008,2022-03-12 20:30:00,1610612744,1610612749,Regular Season,1
22101005,2022-03-12 20:00:00,1610612748,1610612750,Regular Season,0
22101006,2022-03-12 20:00:00,1610612741,1610612739,Regular Season,1
22101007,2022-03-12 20:00:00,1610612759,1610612754,Regular Season,0
22101004,2022-03-11 22:30:00,1610612747,1610612764,Regular Season,1
22101003,2022-03-11 21:00:00,1610612756,1610612761,Regular Season,0
22101002,2022-03-11 20:30:00,1610612759,1610612762,Regular Season,1
22100998,2022-03-11 20:00:00,1610612748,1610612739,Regular Season,1
22100999,2022-03-11 20:00:00,1610612745,1610612742,Regular Season,0
22101000,2022-03-11 20:00:00,1610612763,1610612752,Regular Season,1
22101001,2022-03-11 20:00:00,1610612740,1610612766,Regular Season,0
22100996,2022-03-11 19:30:00,1610612737,1610612746,Regular Season,1
22100997,2022-03-11 19:30:00,1610612738,1610612765,Regular Season,1
22100995,2022-03-11 19:00:00,1610612753,1610612750,Regular Season,1
22100994,2022-03-10 22:00:00,1610612743,1610612744,Regular Season,0
22100993,2022-03-10 19:30:00,1610612755,1610612751,Regular Season,0
22100992,2022-03-09 22:30:00,1610612746,1610612764,Regular Season,1
22100990,2022-03-09 22:00:00,1610612762,1610612757,Regular Season,1
22100991,2022-03-09 22:00:00,1610612758,1610612743,Regular Season,0
22100988,2022-03-09 20:30:00,1610612742,1610612752,Regular Season,0
22100989,2022-03-09 20:30:00,1610612759,1610612761,Regular Season,0
22100984,2022-03-09 20:00:00,1610612749,1610612737,Regular Season,1
22100985,2022-03-09 20:00:00,1610612745,1610612747,Regular Season,1
22100986,2022-03-09 20:00:00,1610612750,1610612760,Regular Season,1
22100987,2022-03-09 20:00:00,1610612740,1610612753,Regular Season,0
22100983,2022-03-09 19:30:00,1610612748,1610612756,Regular Season,0
22100981,2022-03-09 19:00:00,1610612766,1610612738,Regular Season,0
22100982,2022-03-09 19:00:00,1610612765,1610612741,Regular Season,0
22100980,2022-03-08 22:00:00,1610612744,1610612746,Regular Season,1
22100979,2022-03-08 20:00:00,1610612760,1610612749,Regular Season,0
22100978,2022-03-08 19:30:00,1610612763,1610612740,Regular Season,1
22100975,2022-03-08 19:00:00,1610612766,1610612751,Regular Season,0
22100976,2022-03-08 19:00:00,1610612754,1610612739,Regular Season,0
22100977,2022-03-08 19:00:00,1610612753,1610612756,Regular Season,0
22100974,2022-03-07 22:30:00,1610612758,1610612752,Regular Season,0
22100528,2022-03-07 21:00:00,1610612743,1610612744,Regular Season,1
22100972,2022-03-07 20:30:00,1610612742,1610612762,Regular Season,1
22100973,2022-03-07 20:30:00,1610612759,1610612747,Regular Season,1
22100971,2022-03-07 20:00:00,1610612750,1610612757,Regular Season,1
22100970,2022-03-07 19:30:00,1610612748,1610612745,Regular Season,1
22100968,2022-03-07 19:00:00,1610612765,1610612737,Regular Season,1
22100969,2022-03-07 19:00:00,1610612755,1610612741,Regular Season,1
22100966,2022-03-06 22:00:00,1610612746,1610612752,Regular Season,0
22100967,2022-03-06 20:00:00,1610612743,1610612740,Regular Season,1
22100962,2022-03-06 19:30:00,1610612739,1610612761,Regular Season,1
22100964,2022-03-06 19:00:00,1610612745,1610612763,Regular Season,1
22100965,2022-03-06 19:00:00,1610612760,1610612762,Regular Season,0
22100963,2022-03-06 18:00:00,1610612764,1610612754,Regular Season,1
22100961,2022-03-06 15:30:00,1610612749,1610612756,Regular Season,1
22100960,2022-03-06 13:00:00,1610612738,1610612751,Regular Season,1
22100959,2022-03-05 20:30:00,1610612747,1610612744,Regular Season,1
22100956,2022-03-05 20:00:00,1610612748,1610612755,Regular Season,1
22100957,2022-03-05 20:00:00,1610612763,1610612753,Regular Season,1
22100958,2022-03-05 20:00:00,1610612750,1610612757,Regular Season,1
22100955,2022-03-05 19:00:00,1610612766,1610612759,Regular Season,1
22100954,2022-03-05 17:00:00,1610612742,1610612758,Regular Season,1
22100953,2022-03-04 22:00:00,1610612756,1610612752,Regular Season,1
22100952,2022-03-04 21:00:00,1610612743,1610612745,Regular Season,1
22100950,2022-03-04 20:00:00,1610612740,1610612762,Regular Season,1
22100951,2022-03-04 20:00:00,1610612760,1610612750,Regular Season,0
22100458,2022-03-04 19:30:00,1610612761,1610612753,Regular Season,0
22100949,2022-03-04 19:30:00,1610612741,1610612749,Regular Season,0
22100946,2022-03-04 19:00:00,1610612765,1610612754,Regular Season,1
22100947,2022-03-04 19:00:00,1610612755,1610612739,Regular Season,1
22100948,2022-03-04 19:00:00,1610612764,1610612737,Regular Season,0
22100945,2022-03-03 22:00:00,1610612746,1610612747,Regular Season,1
22100943,2022-03-03 20:30:00,1610612742,1610612744,Regular Season,1
22100944,2022-03-03 20:30:00,1610612759,1610612758,Regular Season,0
22100940,2022-03-03 19:30:00,1610612738,1610612763,Regular Season,1
22100941,2022-03-03 19:30:00,1610612751,1610612748,Regular Season,0
22100942,2022-03-03 19:30:00,1610612761,1610612765,Regular Season,0
22100710,2022-03-03 19:00:00,1610612737,1610612741,Regular Season,1
22100939,2022-03-02 22:00:00,1610612756,1610612757,Regular Season,1
22100938,2022-03-02 21:00:00,1610612743,1610612760,Regular Season,0
22100935,2022-03-02 20:00:00,1610612745,1610612762,Regular Season,0
22100936,2022-03-02 20:00:00,1610612749,1610612748,Regular Season,1
22100937,2022-03-02 20:00:00,1610612740,1610612758,Regular Season,1
22100934,2022-03-02 19:30:00,1610612755,1610612752,Regular Season,1
22100932,2022-03-02 19:00:00,1610612739,1610612766,Regular Season,0
22100933,2022-03-02 19:00:00,1610612753,1610612754,Regular Season,0
22100931,2022-03-01 22:00:00,1610612747,1610612742,Regular Season,0
22100929,2022-03-01 20:00:00,1610612745,1610612746,Regular Season,0
22100930,2022-03-01 20:00:00,1610612750,1610612744,Regular Season,1
22100927,2022-03-01 19:30:00,1610612738,1610612737,Regular Season,1
22100928,2022-03-01 19:30:00,1610612761,1610612751,Regular Season,1
22100926,2022-03-01 19:00:00,1610612764,1610612765,Regular Season,1
22100923,2022-02-28 20:00:00,1610612763,1610612759,Regular Season,1
22100924,2022-02-28 20:00:00,1610612749,1610612766,Regular Season,1
22100925,2022-02-28 20:00:00,1610612760,1610612758,Regular Season,0
22100726,2022-02-28 19:30:00,1610612751,1610612761,Regular Season,0
22100922,2022-02-28 19:30:00,1610612748,1610612741,Regular Season,1
22100920,2022-02-28 19:00:00,1610612739,1610612750,Regular Season,0
22100921,2022-02-28 19:00:00,1610612753,1610612754,Regular Season,1
22100919,2022-02-27 22:00:00,1610612747,1610612740,Regular Season,0
22100918,2022-02-27 21:00:00,1610612757,1610612743,Regular Season,0
22100917,2022-02-27 19:30:00,1610612744,1610612742,Regular Season,0
22100915,2022-02-27 19:00:00,1610612766,1610612765,Regular Season,0
22100916,2022-02-27 19:00:00,1610612745,1610612746,Regular Season,0
22100914,2022-02-27 17:00:00,1610612754,1610612738,Regular Season,1
22100913,2022-02-27 15:30:00,1610612756,1610612762,Regular Season,0
22100912,2022-02-27 13:00:00,1610612752,1610612755,Regular Season,0
22100911,2022-02-26 21:00:00,1610612743,1610612758,Regular Season,1
22100910,2022-02-26 20:30:00,1610612749,1610612751,Regular Season,0
22100907,2022-02-26 20:00:00,1610612739,1610612764,Regular Season,1
22100908,2022-02-26 20:00:00,1610612748,1610612759,Regular Season,1
22100909,2022-02-26 20:00:00,1610612741,1610612763,Regular Season,0
22100906,2022-02-26 19:30:00,1610612737,1610612761,Regular Season,1
22100905,2022-02-26 12:00:00,1610612765,1610612738,Regular Season,0
22100904,2022-02-25 22:00:00,1610612747,1610612746,Regular Season,0
22100902,2022-02-25 21:00:00,1610612756,1610612740,Regular Season,0
22100903,2022-02-25 21:00:00,1610612762,1610612742,Regular Season,1
22100901,2022-02-25 20:00:00,1610612750,1610612755,Regular Season,0
22100900,2022-02-25 19:30:00,1610612752,1610612748,Regular Season,0
22100896,2022-02-25 19:00:00,1610612766,1610612761,Regular Season,1
22100897,2022-02-25 19:00:00,1610612754,1610612760,Regular Season,0
22100898,2022-02-25 19:00:00,1610612753,1610612745,Regular Season,1
22100899,2022-02-25 19:00:00,1610612764,1610612759,Regular Season,0
22100894,2022-02-24 22:00:00,1610612757,1610612744,Regular Season,0
22100895,2022-02-24 22:00:00,1610612758,1610612743,Regular Season,0
22100891,2022-02-24 20:00:00,1610612741,1610612737,Regular Season,1
22100892,2022-02-24 20:00:00,1610612750,1610612763,Regular Season,1
22100893,2022-02-24 20:00:00,1610612760,1610612756,Regular Season,0
22100890,2022-02-24 19:30:00,1610612751,1610612738,Regular Season,0
22100889,2022-02-24 19:00:00,1610612765,1610612739,Regular Season,1
22100888,2022-02-17 22:30:00,1610612746,1610612745,Regular Season,1
22100887,2022-02-17 20:30:00,1610612749,1610612755,Regular Season,0
22100886,2022-02-17 20:00:00,1610612740,1610612742,Regular Season,0
22100464,2022-02-17 19:30:00,1610612751,1610612764,Regular Season,0
22100885,2022-02-17 19:00:00,1610612766,1610612748,Regular Season,0
22100883,2022-02-16 22:00:00,1610612744,1610612743,Regular Season,0
22100884,2022-02-16 22:00:00,1610612747,1610612762,Regular Season,1
22100882,2022-02-16 21:00:00,1610612756,1610612745,Regular Season,1
22100878,2022-02-16 20:00:00,1610612741,1610612758,Regular Season,1
22100879,2022-02-16 20:00:00,1610612763,1610612757,Regular Season,0
22100880,2022-02-16 20:00:00,1610612750,1610612761,Regular Season,0
22100881,2022-02-16 20:00:00,1610612760,1610612759,Regular Season,0
22100875,2022-02-16 19:30:00,1610612738,1610612765,Regular Season,0
22100876,2022-02-16 19:30:00,1610612754,1610612764,Regular Season,1
22100877,2022-02-16 19:30:00,1610612752,1610612751,Regular Season,0
22100874,2022-02-16 19:00:00,1610612753,1610612737,Regular Season,0
22100873,2022-02-15 22:00:00,1610612756,1610612746,Regular Season,1
22100870,2022-02-15 20:00:00,1610612749,1610612754,Regular Season,1
22100871,2022-02-15 20:00:00,1610612750,1610612766,Regular Season,1
22100872,2022-02-15 20:00:00,1610612740,1610612763,Regular Season,0
22100867,2022-02-15 19:30:00,1610612737,1610612739,Regular Season,1
22100868,2022-02-15 19:30:00,1610612748,1610612742,Regular Season,0
22100869,2022-02-15 19:30:00,1610612755,1610612738,Regular Season,0
22100866,2022-02-14 22:30:00,1610612746,1610612744,Regular Season,1
22100864,2022-02-14 21:00:00,1610612743,1610612753,Regular Season,1
22100865,2022-02-14 21:00:00,1610612762,1610612745,Regular Season,1
22100861,2022-02-14 20:00:00,1610612741,1610612759,Regular Season,1
22100862,2022-02-14 20:00:00,1610612749,1610612757,Regular Season,0
22100863,2022-02-14 20:00:00,1610612740,1610612761,Regular Season,1
22100859,2022-02-14 19:30:00,1610612751,1610612758,Regular Season,1
22100860,2022-02-14 19:30:00,1610612752,1610612760,Regular Season,0
22100858,2022-02-14 19:00:00,1610612764,1610612765,Regular Season,1
22100857,2022-02-13 15:00:00,1610612754,1610612750,Regular Season,0
22100856,2022-02-13 14:00:00,1610612738,1610612737,Regular Season,1
22100855,2022-02-12 21:00:00,1610612756,1610612753,Regular Season,1
22100853,2022-02-12 20:30:00,1610612742,1610612746,Regular Season,0
22100854,2022-02-12 20:30:00,1610612744,1610612747,Regular Season,1
22100851,2022-02-12 20:00:00,1610612748,1610612751,Regular Season,1
22100852,2022-02-12 20:00:00,1610612741,1610612760,Regular Season,1
22100849,2022-02-12 19:30:00,1610612755,1610612739,Regular Season,1
22100850,2022-02-12 19:30:00,1610612761,1610612743,Regular Season,0
22100846,2022-02-12 19:00:00,1610612766,1610612763,Regular Season,0
22100847,2022-02-12 19:00:00,1610612764,1610612758,Regular Season,0
22100848,2022-02-12 19:00:00,1610612740,1610612759,Regular Season,0
22100845,2022-02-12 17:00:00,1610612757,1610612752,Regular Season,1
22100844,2022-02-11 21:00:00,1610612762,1610612753,Regular Season,1
22100843,2022-02-11 20:00:00,1610612741,1610612750,Regular Season,1
22100841,2022-02-11 19:30:00,1610612737,1610612759,Regular Season,0
22100842,2022-02-11 19:30:00,1610612738,1610612743,Regular Season,1
22100838,2022-02-11 19:00:00,1610612765,1610612766,Regular Season,0
22100839,2022-02-11 19:00:00,1610612754,1610612739,Regular Season,0
22100840,2022-02-11 19:00:00,1610612755,1610612760,Regular Season,1
22100836,2022-02-10 22:00:00,1610612756,1610612749,Regular Season,1
22100837,2022-02-10 22:00:00,1610612744,1610612752,Regular Season,0
22100835,2022-02-10 20:30:00,1610612742,1610612746,Regular Season,1
22100834,2022-02-10 20:00:00,1610612745,1610612761,Regular Season,0
22100832,2022-02-10 19:30:00,1610612764,1610612751,Regular Season,1
22100833,2022-02-10 19:30:00,1610612740,1610612748,Regular Season,0
22100831,2022-02-10 19:00:00,1610612765,1610612763,Regular Season,0
22100828,2022-02-09 22:00:00,1610612762,1610612744,Regular Season,1
22100829,2022-02-09 22:00:00,1610612757,1610612747,Regular Season,1
22100830,2022-02-09 22:00:00,1610612758,1610612750,Regular Season,1
22100827,2022-02-09 20:00:00,1610612760,1610612761,Regular Season,0
22100826,2022-02-09 19:30:00,1610612766,1610612741,Regular Season,0
22100825,2022-02-09 19:00:00,1610612739,1610612759,Regular Season,1
22100822,2022-02-08 22:00:00,1610612747,1610612749,Regular Season,0
22100823,2022-02-08 22:00:00,1610612757,1610612753,Regular Season,0
22100824,2022-02-08 22:00:00,1610612758,1610612750,Regular Season,0
22100821,2022-02-08 21:00:00,1610612743,1610612752,Regular Season,1
22100820,2022-02-08 20:30:00,1610612742,1610612765,Regular Season,1
22100818,2022-02-08 20:00:00,1610612763,1610612746,Regular Season,1
22100819,2022-02-08 20:00:00,1610612740,1610612745,Regular Season,1
22100816,2022-02-08 19:30:00,1610612737,1610612754,Regular Season,1
22100817,2022-02-08 19:30:00,1610612751,1610612738,Regular Season,0
22100815,2022-02-08 19:00:00,1610612755,1610612756,Regular Season,0
22100814,2022-02-07 21:00:00,1610612762,1610612752,Regular Season,1
22100812,2022-02-07 20:00:00,1610612741,1610612756,Regular Season,0
22100813,2022-02-07 20:00:00,1610612760,1610612744,Regular Season,0
22100810,2022-02-07 19:00:00,1610612766,1610612761,Regular Season,0
22100811,2022-02-07 19:00:00,1610612764,1610612748,Regular Season,0
22100809,2022-02-06 21:00:00,1610612746,1610612749,Regular Season,0
22100808,2022-02-06 19:00:00,1610612745,1610612740,Regular Season,0
22100805,2022-02-06 18:00:00,1610612739,1610612754,Regular Season,1
22100806,2022-02-06 18:00:00,1610612753,1610612738,Regular Season,0
22100807,2022-02-06 18:00:00,1610612742,1610612737,Regular Season,1
22100802,2022-02-06 15:30:00,1610612741,1610612755,Regular Season,0
22100803,2022-02-06 15:30:00,1610612750,1610612765,Regular Season,1
22100804,2022-02-06 15:30:00,1610612743,1610612751,Regular Season,1
22100800,2022-02-05 22:00:00,1610612757,1610612749,Regular Season,0
22100801,2022-02-05 22:00:00,1610612758,1610612760,Regular Season,1
22100799,2022-02-05 20:30:00,1610612747,1610612752,Regular Season,1
22100797,2022-02-05 19:00:00,1610612766,1610612748,Regular Season,0
22100798,2022-02-05 19:00:00,1610612764,1610612756,Regular Season,0
22100796,2022-02-05 17:00:00,1610612753,1610612763,Regular Season,0
22100791,2022-02-04 22:00:00,1610612742,1610612755,Regular Season,1
22100795,2022-02-04 22:00:00,1610612757,1610612760,Regular Season,0
22100793,2022-02-04 21:00:00,1610612762,1610612751,Regular Season,1
22100794,2022-02-04 21:00:00,1610612743,1610612740,Regular Season,0
22100792,2022-02-04 20:30:00,1610612759,1610612745,Regular Season,1
22100790,2022-02-04 19:30:00,1610612761,1610612737,Regular Season,1
22100787,2022-02-04 19:00:00,1610612766,1610612739,Regular Season,0
22100788,2022-02-04 19:00:00,1610612765,1610612738,Regular Season,0
22100789,2022-02-04 19:00:00,1610612754,1610612741,Regular Season,0
22100785,2022-02-03 22:00:00,1610612744,1610612758,Regular Season,1
22100786,2022-02-03 22:00:00,1610612746,1610612747,Regular Season,1
22100430,2022-02-03 19:30:00,1610612761,1610612741,Regular Season,1
22100783,2022-02-03 19:30:00,1610612737,1610612756,Regular Season,1
22100521,2022-02-03 19:00:00,1610612759,1610612748,Regular Season,0
22100782,2022-02-03 19:00:00,1610612765,1610612750,Regular Season,0
22100781,2022-02-02 22:30:00,1610612747,1610612757,Regular Season,1
22100779,2022-02-02 22:00:00,1610612762,1610612743,Regular Season,1
22100780,2022-02-02 22:00:00,1610612758,1610612751,Regular Season,1
22100778,2022-02-02 20:30:00,1610612742,1610612760,Regular Season,0
22100777,2022-02-02 20:00:00,1610612745,1610612739,Regular Season,1
22100775,2022-02-02 19:30:00,1610612738,1610612766,Regular Season,1
22100776,2022-02-02 19:30:00,1610612752,1610612763,Regular Season,0
22100773,2022-02-02 19:00:00,1610612754,1610612753,Regular Season,0
22100774,2022-02-02 19:00:00,1610612755,1610612764,Regular Season,0
22100772,2022-02-01 22:00:00,1610612756,1610612751,Regular Season,1
22100771,2022-02-01 20:30:00,1610612759,1610612744,Regular Season,0
22100769,2022-02-01 20:00:00,1610612741,1610612753,Regular Season,1
22100770,2022-02-01 20:00:00,1610612750,1610612743,Regular Season,1
22100768,2022-02-01 19:30:00,1610612749,1610612764,Regular Season,1
22100784,2022-02-01 19:30:00,1610612761,1610612748,Regular Season,1
22100766,2022-02-01 19:00:00,1610612765,1610612740,Regular Season,0
22100764,2022-01-31 20:00:00,1610612745,1610612744,Regular Season,0
22100765,2022-01-31 20:00:00,1610612760,1610612757,Regular Season,1
22100762,2022-01-31 19:30:00,1610612738,1610612748,Regular Season,1
22100763,2022-01-31 19:30:00,1610612752,1610612758,Regular Season,1
22100767,2022-01-31 19:30:00,1610612737,1610612761,Regular Season,0
22100759,2022-01-31 19:00:00,1610612739,1610612740,Regular Season,1
22100760,2022-01-31 19:00:00,1610612754,1610612746,Regular Season,1
22100761,2022-01-31 19:00:00,1610612755,1610612763,Regular Season,1
22100757,2022-01-30 20:00:00,1610612750,1610612762,Regular Season,1
22100758,2022-01-30 20:00:00,1610612756,1610612759,Regular Season,1
22100755,2022-01-30 19:00:00,1610612753,1610612742,Regular Season,1
22100756,2022-01-30 19:00:00,1610612749,1610612743,Regular Season,0
22100754,2022-01-30 18:00:00,1610612765,1610612739,Regular Season,1
22100753,2022-01-30 15:30:00,1610612741,1610612757,Regular Season,1
22100751,2022-01-30 13:00:00,1610612737,1610612747,Regular Season,1
22100752,2022-01-30 13:00:00,1610612766,1610612746,Regular Season,0
22100750,2022-01-29 20:30:00,1610612744,1610612751,Regular Season,1
22100748,2022-01-29 20:00:00,1610612748,1610612761,Regular Season,0
22100749,2022-01-29 20:00:00,1610612763,1610612764,Regular Season,1
22100747,2022-01-29 19:30:00,1610612755,1610612758,Regular Season,1
22100745,2022-01-29 19:00:00,1610612740,1610612738,Regular Season,0
22100746,2022-01-29 19:00:00,1610612742,1610612754,Regular Season,1
22100744,2022-01-28 22:00:00,1610612749,1610612752,Regular Season,1
22100743,2022-01-28 21:00:00,1610612756,1610612750,Regular Season,1
22100742,2022-01-28 20:30:00,1610612759,1610612741,Regular Season,1
22100729,2022-01-28 20:00:00,1610612740,1610612743,Regular Season,0
22100738,2022-01-28 20:00:00,1610612748,1610612746,Regular Season,1
22100739,2022-01-28 20:00:00,1610612745,1610612757,Regular Season,0
22100740,2022-01-28 20:00:00,1610612763,1610612762,Regular Season,1
22100741,2022-01-28 20:00:00,1610612760,1610612754,Regular Season,0
22100735,2022-01-28 19:30:00,1610612766,1610612747,Regular Season,1
22100737,2022-01-28 19:30:00,1610612737,1610612738,Regular Season,1
22100736,2022-01-28 19:00:00,1610612753,1610612765,Regular Season,1
22100734,2022-01-27 22:00:00,1610612744,1610612750,Regular Season,1
22100733,2022-01-27 19:30:00,1610612755,1610612747,Regular Season,1
22100731,2022-01-26 22:00:00,1610612762,1610612756,Regular Season,0
22100732,2022-01-26 22:00:00,1610612757,1610612742,Regular Season,0
22100728,2022-01-26 20:30:00,1610612759,1610612763,Regular Season,0
22100453,2022-01-26 20:00:00,1610612751,1610612743,Regular Season,0
22100472,2022-01-26 20:00:00,1610612741,1610612761,Regular Season,1
22100725,2022-01-26 19:30:00,1610612737,1610612758,Regular Season,1
22100727,2022-01-26 19:30:00,1610612748,1610612752,Regular Season,1
22100722,2022-01-26 19:00:00,1610612739,1610612749,Regular Season,1
22100723,2022-01-26 19:00:00,1610612754,1610612766,Regular Season,0
22100724,2022-01-26 19:00:00,1610612753,1610612746,Regular Season,0
22100720,2022-01-25 22:00:00,1610612744,1610612742,Regular Season,1
22100721,2022-01-25 22:00:00,1610612757,1610612750,Regular Season,0
22100719,2022-01-25 20:00:00,1610612745,1610612759,Regular Season,0
22100717,2022-01-25 19:30:00,1610612738,1610612758,Regular Season,1
22100718,2022-01-25 19:30:00,1610612751,1610612747,Regular Season,0
22100454,2022-01-25 19:00:00,1610612755,1610612740,Regular Season,1
22100714,2022-01-25 19:00:00,1610612765,1610612743,Regular Season,0
22100715,2022-01-25 19:00:00,1610612761,1610612766,Regular Season,1
22100716,2022-01-25 19:00:00,1610612764,1610612746,Regular Season,0
22100713,2022-01-24 21:00:00,1610612756,1610612762,Regular Season,1
22100712,2022-01-24 20:00:00,1610612740,1610612754,Regular Season,1
22100730,2022-01-24 20:00:00,1610612760,1610612741,Regular Season,0
22100709,2022-01-24 19:00:00,1610612739,1610612752,Regular Season,1
22100708,2022-01-23 20:30:00,1610612744,1610612762,Regular Season,1
22100706,2022-01-23 20:00:00,1610612750,1610612751,Regular Season,1
22100707,2022-01-23 20:00:00,1610612743,1610612765,Regular Season,1
22100705,2022-01-23 19:30:00,1610612742,1610612763,Regular Season,1
22100703,2022-01-23 19:00:00,1610612766,1610612737,Regular Season,0
22100704,2022-01-23 19:00:00,1610612759,1610612755,Regular Season,0
22100700,2022-01-23 18:00:00,1610612748,1610612747,Regular Season,1
22100701,2022-01-23 18:00:00,1610612753,1610612741,Regular Season,1
22100702,2022-01-23 18:00:00,1610612761,1610612757,Regular Season,0
22100699,2022-01-23 15:30:00,1610612764,1610612738,Regular Season,0
22100698,2022-01-23 13:00:00,1610612752,1610612746,Regular Season,1
22100697,2022-01-22 21:00:00,1610612756,1610612754,Regular Season,1
22100695,2022-01-22 20:00:00,1610612739,1610612760,Regular Season,1
22100696,2022-01-22 19:00:00,1610612749,1610612758,Regular Season,1
22100694,2022-01-21 22:00:00,1610612744,1610612745,Regular Season,1
22100692,2022-01-21 21:00:00,1610612743,1610612763,Regular Season,0
22100693,2022-01-21 21:00:00,1610612762,1610612765,Regular Season,1
22100691,2022-01-21 20:30:00,1610612759,1610612751,Regular Season,0
22100689,2022-01-21 20:00:00,1610612764,1610612761,Regular Season,0
22100690,2022-01-21 20:00:00,1610612749,1610612741,Regular Season,1
22100687,2022-01-21 19:30:00,1610612737,1610612748,Regular Season,1
22100688,2022-01-21 19:30:00,1610612738,1610612757,Regular Season,0
22100684,2022-01-21 19:00:00,1610612766,1610612760,Regular Season,1
22100685,2022-01-21 19:00:00,1610612753,1610612747,Regular Season,0
22100686,2022-01-21 19:00:00,1610612755,1610612746,Regular Season,0
22100683,2022-01-20 22:00:00,1610612744,1610612754,Regular Season,0
22100681,2022-01-20 19:30:00,1610612752,1610612740,Regular Season,0
22100682,2022-01-20 19:30:00,1610612742,1610612756,Regular Season,0
22100680,2022-01-19 22:30:00,1610612747,1610612754,Regular Season,0
22100678,2022-01-19 22:00:00,1610612743,1610612746,Regular Season,1
22100679,2022-01-19 22:00:00,1610612758,1610612765,Regular Season,0
22100677,2022-01-19 21:00:00,1610612762,1610612745,Regular Season,0
22100675,2022-01-19 20:30:00,1610612742,1610612761,Regular Season,1
22100676,2022-01-19 20:30:00,1610612759,1610612760,Regular Season,1
22100673,2022-01-19 20:00:00,1610612741,1610612739,Regular Season,1
22100674,2022-01-19 20:00:00,1610612749,1610612763,Regular Season,1
22100670,2022-01-19 19:30:00,1610612737,1610612750,Regular Season,1
22100671,2022-01-19 19:30:00,1610612738,1610612766,Regular Season,0
22100672,2022-01-19 19:30:00,1610612748,1610612757,Regular Season,1
22100668,2022-01-19 19:00:00,1610612755,1610612753,Regular Season,1
22100669,2022-01-19 19:00:00,1610612764,1610612751,Regular Season,0
22100667,2022-01-18 22:00:00,1610612744,1610612765,Regular Season,1
22100666,2022-01-18 19:30:00,1610612752,1610612750,Regular Season,0
22100665,2022-01-17 22:30:00,1610612747,1610612762,Regular Season,1
22100663,2022-01-17 20:30:00,1610612742,1610612760,Regular Season,1
22100664,2022-01-17 20:30:00,1610612759,1610612756,Regular Season,0
22100662,2022-01-17 19:30:00,1610612748,1610612761,Regular Season,1
22100661,2022-01-17 19:00:00,1610612753,1610612757,Regular Season,0
22100660,2022-01-17 18:00:00,1610612737,1610612749,Regular Season,1
22100658,2022-01-17 15:30:00,1610612763,1610612741,Regular Season,1
22100659,2022-01-17 15:30:00,1610612746,1610612754,Regular Season,1
22100657,2022-01-17 15:00:00,1610612739,1610612751,Regular Season,1
22100656,2022-01-17 14:00:00,1610612764,1610612755,Regular Season,1
22100655,2022-01-17 13:00:00,1610612752,1610612766,Regular Season,0
22100654,2022-01-17 12:30:00,1610612738,1610612740,Regular Season,1
22100652,2022-01-16 20:00:00,1610612750,1610612744,Regular Season,1
22100653,2022-01-16 20:00:00,1610612743,1610612762,Regular Season,0
22100651,2022-01-16 18:00:00,1610612758,1610612745,Regular Season,0
22100617,2022-01-16 13:00:00,1610612765,1610612756,Regular Season,0
22100650,2022-01-15 21:30:00,1610612742,1610612753,Regular Season,1
22100649,2022-01-15 21:00:00,1610612743,1610612747,Regular Season,1
22100647,2022-01-15 20:30:00,1610612738,1610612741,Regular Season,1
22100648,2022-01-15 20:30:00,1610612759,1610612746,Regular Season,1
22100645,2022-01-15 20:00:00,1610612748,1610612755,Regular Season,0
22100646,2022-01-15 20:00:00,1610612760,1610612739,Regular Season,0
22100643,2022-01-15 19:30:00,1610612737,1610612752,Regular Season,0
22100644,2022-01-15 19:30:00,1610612751,1610612740,Regular Season,1
22100642,2022-01-15 19:00:00,1610612764,1610612757,Regular Season,0
22100641,2022-01-15 18:30:00,1610612749,1610612761,Regular Season,0
22100639,2022-01-14 22:00:00,1610612763,1610612742,Regular Season,0
22100640,2022-01-14 22:00:00,1610612758,1610612745,Regular Season,1
22100638,2022-01-14 20:30:00,1610612759,1610612739,Regular Season,0
22100636,2022-01-14 20:00:00,1610612748,1610612737,Regular Season,1
22100637,2022-01-14 19:30:00,1610612741,1610612744,Regular Season,0
22100632,2022-01-14 19:00:00,1610612766,1610612753,Regular Season,0
22100633,2022-01-14 19:00:00,1610612765,1610612761,Regular Season,1
22100634,2022-01-14 19:00:00,1610612754,1610612756,Regular Season,0
22100635,2022-01-14 19:00:00,1610612755,1610612738,Regular Season,1
22100631,2022-01-13 22:00:00,1610612743,1610612757,Regular Season,1
22100630,2022-01-13 20:30:00,1610612751,1610612760,Regular Season,0
22100628,2022-01-13 20:00:00,1610612763,1610612750,Regular Season,1
22100629,2022-01-13 20:00:00,1610612740,1610612746,Regular Season,1
22100627,2022-01-13 19:30:00,1610612749,1610612744,Regular Season,1
22100625,2022-01-12 22:00:00,1610612741,1610612751,Regular Season,0
22100626,2022-01-12 22:00:00,1610612758,1610612747,Regular Season,1
22100624,2022-01-12 21:00:00,1610612762,1610612739,Regular Season,0
22100623,2022-01-12 20:30:00,1610612759,1610612745,Regular Season,0
22100621,2022-01-12 19:30:00,1610612737,1610612748,Regular Season,0
22100622,2022-01-12 19:30:00,1610612752,1610612742,Regular Season,1
22100618,2022-01-12 19:00:00,1610612754,1610612738,Regular Season,0
22100619,2022-01-12 19:00:00,1610612755,1610612766,Regular Season,0
22100620,2022-01-12 19:00:00,1610612764,1610612753,Regular Season,1
22100616,2022-01-11 22:30:00,1610612746,1610612743,Regular Season,1
22100415,2022-01-11 20:00:00,1610612741,1610612765,Regular Season,1
22100614,2022-01-11 20:00:00,1610612763,1610612744,Regular Season,1
22100615,2022-01-11 20:00:00,1610612740,1610612750,Regular Season,1
22100613,2022-01-11 19:30:00,1610612761,1610612756,Regular Season,0
22100612,2022-01-11 19:00:00,1610612764,1610612760,Regular Season,1
22100486,2022-01-10 22:00:00,1610612757,1610612751,Regular Season,1
22100611,2022-01-10 22:00:00,1610612758,1610612739,Regular Season,0
22100711,2022-01-10 20:00:00,1610612745,1610612755,Regular Season,0
22100609,2022-01-10 19:30:00,1610612738,1610612754,Regular Season,1
22100610,2022-01-10 19:30:00,1610612752,1610612759,Regular Season,1
22100607,2022-01-10 19:00:00,1610612766,1610612749,Regular Season,1
22100608,2022-01-10 19:00:00,1610612765,1610612762,Regular Season,1
22100606,2022-01-09 21:30:00,1610612747,1610612763,Regular Season,0
22100605,2022-01-09 21:00:00,1610612757,1610612758,Regular Season,1
22100604,2022-01-09 20:30:00,1610612744,1610612739,Regular Season,1
22100603,2022-01-09 19:30:00,1610612742,1610612741,Regular Season,1
22100600,2022-01-09 19:00:00,1610612745,1610612750,Regular Season,0
22100601,2022-01-09 19:00:00,1610612760,1610612743,Regular Season,0
22100598,2022-01-09 18:00:00,1610612753,1610612764,Regular Season,0
22100599,2022-01-09 18:00:00,1610612761,1610612740,Regular Season,1
22100597,2022-01-09 15:30:00,1610612746,1610612737,Regular Season,1
22100602,2022-01-09 12:00:00,1610612751,1610612759,Regular Season,1
22100596,2022-01-08 21:00:00,1610612756,1610612748,Regular Season,0
22100595,2022-01-08 19:30:00,1610612738,1610612752,Regular Season,1
22100592,2022-01-08 19:00:00,1610612766,1610612749,Regular Season,1
22100593,2022-01-08 19:00:00,1610612765,1610612753,Regular Season,1
22100594,2022-01-08 19:00:00,1610612754,1610612762,Regular Season,1
22100591,2022-01-08 15:30:00,1610612746,1610612763,Regular Season,0
22100589,2022-01-07 22:00:00,1610612747,1610612737,Regular Season,1
22100590,2022-01-07 22:00:00,1610612757,1610612739,Regular Season,0
22100588,2022-01-07 21:00:00,1610612743,1610612758,Regular Season,1
22100585,2022-01-07 20:00:00,1610612741,1610612764,Regular Season,1
22100586,2022-01-07 20:00:00,1610612745,1610612742,Regular Season,0
22100587,2022-01-07 20:00:00,1610612760,1610612750,Regular Season,0
22100583,2022-01-07 19:30:00,1610612751,1610612749,Regular Season,0
22100584,2022-01-07 19:30:00,1610612761,1610612762,Regular Season,1
22100582,2022-01-07 19:00:00,1610612755,1610612759,Regular Season,1
22100581,2022-01-06 22:00:00,1610612756,1610612746,Regular Season,1
22100579,2022-01-06 20:00:00,1610612763,1610612765,Regular Season,1
22100580,2022-01-06 20:00:00,1610612740,1610612744,Regular Season,1
22100578,2022-01-06 19:30:00,1610612752,1610612738,Regular Season,1
22100575,2022-01-05 22:00:00,1610612743,1610612762,Regular Season,0
22100576,2022-01-05 22:00:00,1610612757,1610612748,Regular Season,0
22100577,2022-01-05 22:00:00,1610612758,1610612737,Regular Season,0
22100573,2022-01-05 20:00:00,1610612749,1610612761,Regular Season,0
22100574,2022-01-05 20:00:00,1610612750,1610612760,Regular Season,1
22100570,2022-01-05 19:30:00,1610612738,1610612759,Regular Season,0
22100571,2022-01-05 19:30:00,1610612754,1610612751,Regular Season,0
22100572,2022-01-05 19:30:00,1610612742,1610612744,Regular Season,1
22100567,2022-01-05 19:00:00,1610612766,1610612765,Regular Season,1
22100568,2022-01-05 19:00:00,1610612753,1610612755,Regular Season,0
22100569,2022-01-05 19:00:00,1610612764,1610612745,Regular Season,0
22100566,2022-01-04 22:30:00,1610612747,1610612758,Regular Season,1
22100565,2022-01-04 20:00:00,1610612740,1610612756,Regular Season,0
22100564,2022-01-04 19:30:00,1610612752,1610612754,Regular Season,1
22100562,2022-01-04 19:00:00,1610612739,1610612763,Regular Season,0
22100563,2022-01-04 19:00:00,1610612761,1610612759,Regular Season,1
22100561,2022-01-03 22:30:00,1610612746,1610612750,Regular Season,0
22100559,2022-01-03 22:00:00,1610612744,1610612748,Regular Season,1
22100560,2022-01-03 22:00:00,1610612757,1610612737,Regular Season,1
22100558,2022-01-03 20:30:00,1610612742,1610612743,Regular Season,1
22100555,2022-01-03 20:00:00,1610612741,1610612753,Regular Season,1
22100556,2022-01-03 20:00:00,1610612749,1610612765,Regular Season,0
22100557,2022-01-03 20:00:00,1610612740,1610612762,Regular Season,0
22100554,2022-01-03 19:30:00,1610612751,1610612763,Regular Season,0
22100552,2022-01-03 19:00:00,1610612755,1610612745,Regular Season,1
22100553,2022-01-03 19:00:00,1610612764,1610612766,Regular Season,1
22100551,2022-01-02 21:30:00,1610612747,1610612750,Regular Season,1
22100549,2022-01-02 19:00:00,1610612766,1610612756,Regular Season,0
22100550,2022-01-02 19:00:00,1610612760,1610612742,Regular Season,0
22100546,2022-01-02 18:00:00,1610612738,1610612753,Regular Season,1
22100547,2022-01-02 18:00:00,1610612739,1610612754,Regular Season,1
22100548,2022-01-02 18:00:00,1610612758,1610612748,Regular Season,1
22100545,2022-01-02 15:30:00,1610612761,1610612752,Regular Season,1
22100544,2022-01-01 21:00:00,1610612762,1610612744,Regular Season,0
22100543,2022-01-01 20:00:00,1610612745,1610612743,Regular Season,0
22100542,2022-01-01 19:30:00,1610612751,1610612746,Regular Season,0
22100540,2022-01-01 19:00:00,1610612765,1610612759,Regular Season,1
22100541,2022-01-01 19:00:00,1610612764,1610612741,Regular Season,0
22100539,2022-01-01 18:30:00,1610612749,1610612740,Regular Season,1
22100538,2021-12-31 22:30:00,1610612747,1610612757,Regular Season,1
22100537,2021-12-31 21:00:00,1610612762,1610612750,Regular Season,1
22100535,2021-12-31 20:00:00,1610612763,1610612759,Regular Season,1
22100536,2021-12-31 20:00:00,1610612760,1610612752,Regular Season,1
22100533,2021-12-31 19:30:00,1610612739,1610612737,Regular Season,0
22100534,2021-12-31 19:30:00,1610612761,1610612746,Regular Season,1
22100532,2021-12-31 19:00:00,1610612745,1610612748,Regular Season,0
22100531,2021-12-31 18:00:00,1610612758,1610612742,Regular Season,0
22100530,2021-12-31 15:00:00,1610612754,1610612741,Regular Season,0
22100529,2021-12-31 13:00:00,1610612738,1610612756,Regular Season,1
22100525,2021-12-30 19:00:00,1610612751,1610612755,Regular Season,0
22100526,2021-12-30 19:00:00,1610612753,1610612749,Regular Season,0
22100527,2021-12-30 19:00:00,1610612764,1610612739,Regular Season,1
22100524,2021-12-29 22:30:00,1610612758,1610612742,Regular Season,1
22100523,2021-12-29 22:00:00,1610612757,1610612762,Regular Season,0
22100522,2021-12-29 21:00:00,1610612756,1610612760,Regular Season,1
22100519,2021-12-29 20:00:00,1610612741,1610612737,Regular Season,1
22100520,2021-12-29 20:00:00,1610612763,1610612747,Regular Season,1
22100518,2021-12-29 19:30:00,1610612738,1610612746,Regular Season,0
22100516,2021-12-29 19:00:00,1610612765,1610612752,Regular Season,0
22100517,2021-12-29 19:00:00,1610612754,1610612766,Regular Season,0
22100514,2021-12-28 22:00:00,1610612744,1610612743,Regular Season,0
22100515,2021-12-28 22:00:00,1610612758,1610612760,Regular Season,1
22100511,2021-12-28 20:00:00,1610612745,1610612747,Regular Season,0
22100512,2021-12-28 20:00:00,1610612750,1610612752,Regular Season,0
22100513,2021-12-28 20:00:00,1610612740,1610612739,Regular Season,1
22100509,2021-12-28 19:30:00,1610612748,1610612764,Regular Season,1
22100510,2021-12-28 19:30:00,1610612761,1610612755,Regular Season,0
22100508,2021-12-28 19:00:00,1610612753,1610612749,Regular Season,0
22100507,2021-12-27 22:30:00,1610612746,1610612751,Regular Season,0
22100506,2021-12-27 22:00:00,1610612757,1610612742,Regular Season,0
22100505,2021-12-27 21:00:00,1610612756,1610612763,Regular Season,0
22100504,2021-12-27 20:30:00,1610612759,1610612762,Regular Season,0
22100503,2021-12-27 20:00:00,1610612750,1610612738,Regular Season,1
22100502,2021-12-27 19:30:00,1610612737,1610612741,Regular Season,0
22100501,2021-12-27 19:00:00,1610612766,1610612745,Regular Season,1
22100500,2021-12-26 21:00:00,1610612746,1610612743,Regular Season,0
22100499,2021-12-26 20:00:00,1610612741,1610612754,Regular Season,1
22100497,2021-12-26 19:00:00,1610612760,1610612740,Regular Season,1
22100498,2021-12-26 19:00:00,1610612759,1610612765,Regular Season,1
22100494,2021-12-26 18:00:00,1610612739,1610612761,Regular Season,1
22100495,2021-12-26 18:00:00,1610612764,1610612755,Regular Season,0
22100496,2021-12-26 18:00:00,1610612758,1610612763,Regular Season,0
22100493,2021-12-26 15:30:00,1610612748,1610612753,Regular Season,1
22100492,2021-12-25 22:30:00,1610612762,1610612742,Regular Season,1
22100491,2021-12-25 20:00:00,1610612747,1610612751,Regular Season,0
22100490,2021-12-25 17:00:00,1610612756,1610612744,Regular Season,0
22100489,2021-12-25 14:30:00,1610612749,1610612738,Regular Season,1
22100488,2021-12-25 12:00:00,1610612752,1610612737,Regular Season,1
22100487,2021-12-23 22:30:00,1610612747,1610612759,Regular Season,0
22100485,2021-12-23 22:00:00,1610612744,1610612763,Regular Season,1
22100482,2021-12-23 21:00:00,1610612743,1610612766,Regular Season,0
22100483,2021-12-23 21:00:00,1610612756,1610612760,Regular Season,1
22100484,2021-12-23 21:00:00,1610612762,1610612750,Regular Season,1
22100481,2021-12-23 20:30:00,1610612742,1610612749,Regular Season,0
22100479,2021-12-23 19:30:00,1610612748,1610612765,Regular Season,1
22100480,2021-12-23 19:30:00,1610612752,1610612764,Regular Season,0
22100476,2021-12-23 19:00:00,1610612754,1610612745,Regular Season,1
22100477,2021-12-23 19:00:00,1610612753,1610612740,Regular Season,0
22100478,2021-12-23 19:00:00,1610612755,1610612737,Regular Season,0
22100475,2021-12-22 22:00:00,1610612758,1610612746,Regular Season,0
22100473,2021-12-22 20:00:00,1610612749,1610612745,Regular Season,1
22100474,2021-12-22 20:00:00,1610612760,1610612743,Regular Season,1
22100470,2021-12-22 19:30:00,1610612737,1610612753,Regular Season,0
22100471,2021-12-22 19:30:00,1610612738,1610612739,Regular Season,1
22100469,2021-12-21 22:00:00,1610612747,1610612756,Regular Season,0
22100468,2021-12-21 20:30:00,1610612742,1610612750,Regular Season,1
22100467,2021-12-21 20:00:00,1610612740,1610612757,Regular Season,1
22100465,2021-12-21 19:30:00,1610612748,1610612754,Regular Season,1
22100466,2021-12-21 19:30:00,1610612752,1610612765,Regular Season,1
22100463,2021-12-20 22:30:00,1610612746,1610612759,Regular Season,0
22100462,2021-12-20 22:00:00,1610612744,1610612758,Regular Season,1
22100461,2021-12-20 21:00:00,1610612762,1610612766,Regular Season,1
22100459,2021-12-20 20:00:00,1610612741,1610612745,Regular Season,1
22100460,2021-12-20 20:00:00,1610612763,1610612760,Regular Season,0
22100457,2021-12-20 19:30:00,1610612738,1610612755,Regular Season,0
22100448,2021-12-19 20:00:00,1610612741,1610612747,Regular Season,1
22100455,2021-12-19 20:00:00,1610612750,1610612742,Regular Season,1
22100456,2021-12-19 20:00:00,1610612756,1610612766,Regular Season,1
22100449,2021-12-19 18:00:00,1610612765,1610612748,Regular Season,1
22100450,2021-12-19 18:00:00,1610612763,1610612757,Regular Season,0
22100451,2021-12-19 18:00:00,1610612758,1610612759,Regular Season,1
22100446,2021-12-18 21:00:00,1610612749,1610612739,Regular Season,0
22100447,2021-12-18 21:00:00,1610612762,1610612764,Regular Season,0
22100444,2021-12-18 20:00:00,1610612760,1610612746,Regular Season,1
22100442,2021-12-18 19:30:00,1610612751,1610612753,Regular Season,0
22100443,2021-12-18 19:30:00,1610612761,1610612744,Regular Season,1
22100445,2021-12-18 19:00:00,1610612738,1610612752,Regular Season,1
22100441,2021-12-18 12:00:00,1610612765,1610612745,Regular Season,0
22100436,2021-12-17 22:00:00,1610612750,1610612747,Regular Season,1
22100439,2021-12-17 22:00:00,1610612757,1610612766,Regular Season,1
22100440,2021-12-17 22:00:00,1610612758,1610612763,Regular Season,0
22100437,2021-12-17 21:00:00,1610612762,1610612759,Regular Season,0
22100438,2021-12-17 20:00:00,1610612740,1610612749,Regular Season,1
22100434,2021-12-17 19:30:00,1610612737,1610612743,Regular Season,0
22100435,2021-12-17 19:30:00,1610612738,1610612744,Regular Season,0
22100433,2021-12-17 19:00:00,1610612753,1610612748,Regular Season,0
22100432,2021-12-16 21:00:00,1610612756,1610612764,Regular Season,1
22100431,2021-12-16 20:00:00,1610612745,1610612752,Regular Season,0
22100429,2021-12-16 19:30:00,1610612751,1610612755,Regular Season,1
22100428,2021-12-16 19:00:00,1610612754,1610612765,Regular Season,1
22100425,2021-12-15 22:00:00,1610612762,1610612746,Regular Season,1
22100426,2021-12-15 22:00:00,1610612757,1610612763,Regular Season,0
22100427,2021-12-15 22:00:00,1610612758,1610612764,Regular Season,1
22100424,2021-12-15 21:00:00,1610612743,1610612750,Regular Season,0
22100423,2021-12-15 20:30:00,1610612759,1610612766,Regular Season,0
22100421,2021-12-15 20:00:00,1610612749,1610612754,Regular Season,1
22100422,2021-12-15 20:00:00,1610612760,1610612740,Regular Season,0
22100420,2021-12-15 19:30:00,1610612742,1610612747,Regular Season,0
22100417,2021-12-15 19:00:00,1610612739,1610612745,Regular Season,1
22100418,2021-12-15 19:00:00,1610612753,1610612737,Regular Season,0
22100419,2021-12-15 19:00:00,1610612755,1610612748,Regular Season,0
22100416,2021-12-14 22:00:00,1610612757,1610612756,Regular Season,0
22100413,2021-12-14 19:30:00,1610612751,1610612761,Regular Season,1
22100414,2021-12-14 19:30:00,1610612752,1610612744,Regular Season,0
22100412,2021-12-13 22:30:00,1610612746,1610612756,Regular Season,1
22100411,2021-12-13 21:00:00,1610612743,1610612764,Regular Season,1
22100410,2021-12-13 20:30:00,1610612742,1610612766,Regular Season,1
22100409,2021-12-13 20:00:00,1610612763,1610612755,Regular Season,1
22100407,2021-12-13 19:30:00,1610612737,1610612745,Regular Season,0
22100408,2021-12-13 19:30:00,1610612738,1610612749,Regular Season,1
22100404,2021-12-13 19:00:00,1610612739,1610612748,Regular Season,1
22100405,2021-12-13 19:00:00,1610612754,1610612744,Regular Season,0
22100406,2021-12-13 19:00:00,1610612761,1610612758,Regular Season,1
22100403,2021-12-12 21:30:00,1610612747,1610612753,Regular Season,1
22100402,2021-12-12 21:00:00,1610612757,1610612750,Regular Season,0
22100400,2021-12-12 19:00:00,1610612760,1610612742,Regular Season,0
22100401,2021-12-12 19:00:00,1610612759,1610612740,Regular Season,1
22100399,2021-12-12 18:00:00,1610612765,1610612751,Regular Season,0
22100398,2021-12-12 12:00:00,1610612752,1610612749,Regular Season,0
22100396,2021-12-11 20:30:00,1610612755,1610612744,Regular Season,1
22100397,2021-12-11 20:30:00,1610612759,1610612743,Regular Season,0
22100393,2021-12-11 20:00:00,1610612739,1610612758,Regular Season,1
22100394,2021-12-11 20:00:00,1610612748,1610612741,Regular Season,1
22100395,2021-12-11 20:00:00,1610612763,1610612745,Regular Season,1
22100392,2021-12-11 19:00:00,1610612764,1610612762,Regular Season,0
22100391,2021-12-11 15:30:00,1610612746,1610612753,Regular Season,1
22100390,2021-12-10 22:00:00,1610612756,1610612738,Regular Season,1
22100386,2021-12-10 20:00:00,1610612745,1610612749,Regular Season,0
22100387,2021-12-10 20:00:00,1610612750,1610612739,Regular Season,0
22100388,2021-12-10 20:00:00,1610612740,1610612765,Regular Season,1
22100389,2021-12-10 20:00:00,1610612760,1610612747,Regular Season,0
22100384,2021-12-10 19:30:00,1610612737,1610612751,Regular Season,0
22100385,2021-12-10 19:30:00,1610612761,1610612752,Regular Season,1
22100382,2021-12-10 19:00:00,1610612766,1610612758,Regular Season,1
22100383,2021-12-10 19:00:00,1610612754,1610612742,Regular Season,1
22100381,2021-12-09 20:30:00,1610612759,1610612743,Regular Season,1
22100380,2021-12-09 20:00:00,1610612763,1610612747,Regular Season,1
22100379,2021-12-09 19:00:00,1610612755,1610612762,Regular Season,0
22100378,2021-12-08 22:30:00,1610612746,1610612738,Regular Season,1
22100376,2021-12-08 22:00:00,1610612744,1610612757,Regular Season,1
22100377,2021-12-08 22:00:00,1610612758,1610612753,Regular Season,1
22100372,2021-12-08 20:00:00,1610612745,1610612751,Regular Season,1
22100373,2021-12-08 20:00:00,1610612763,1610612742,Regular Season,0
22100374,2021-12-08 20:00:00,1610612750,1610612762,Regular Season,0
22100375,2021-12-08 20:00:00,1610612740,1610612743,Regular Season,0
22100370,2021-12-08 19:30:00,1610612748,1610612749,Regular Season,1
22100371,2021-12-08 19:30:00,1610612761,1610612760,Regular Season,0
22100366,2021-12-08 19:00:00,1610612766,1610612755,Regular Season,0
22100367,2021-12-08 19:00:00,1610612739,1610612741,Regular Season,1
22100368,2021-12-08 19:00:00,1610612765,1610612764,Regular Season,0
22100369,2021-12-08 19:00:00,1610612754,1610612752,Regular Season,1
22100365,2021-12-07 22:00:00,1610612747,1610612738,Regular Season,1
22100364,2021-12-07 20:30:00,1610612759,1610612752,Regular Season,0
22100363,2021-12-07 19:30:00,1610612742,1610612751,Regular Season,0
22100361,2021-12-06 22:00:00,1610612744,1610612753,Regular Season,1
22100362,2021-12-06 22:00:00,1610612757,1610612746,Regular Season,0
22100360,2021-12-06 21:00:00,1610612756,1610612759,Regular Season,1
22100357,2021-12-06 20:00:00,1610612741,1610612743,Regular Season,1
22100358,2021-12-06 20:00:00,1610612749,1610612739,Regular Season,1
22100359,2021-12-06 20:00:00,1610612750,1610612737,Regular Season,0
22100356,2021-12-06 19:30:00,1610612748,1610612763,Regular Season,0
22100353,2021-12-06 19:00:00,1610612766,1610612755,Regular Season,0
22100354,2021-12-06 19:00:00,1610612765,1610612760,Regular Season,0
22100355,2021-12-06 19:00:00,1610612754,1610612764,Regular Season,1
22100352,2021-12-05 19:00:00,1610612745,1610612740,Regular Season,1
22100350,2021-12-05 18:00:00,1610612737,1610612766,Regular Season,0
22100351,2021-12-05 18:00:00,1610612761,1610612764,Regular Season,1
22100349,2021-12-05 15:30:00,1610612739,1610612762,Regular Season,0
22100347,2021-12-04 22:00:00,1610612757,1610612738,Regular Season,0
22100348,2021-12-04 22:00:00,1610612758,1610612746,Regular Season,1
22100345,2021-12-04 20:30:00,1610612742,1610612763,Regular Season,0
22100346,2021-12-04 20:30:00,1610612744,1610612759,Regular Season,0
22100343,2021-12-04 20:00:00,1610612751,1610612741,Regular Season,0
22100344,2021-12-04 20:00:00,1610612749,1610612748,Regular Season,1
22100342,2021-12-04 13:00:00,1610612752,1610612743,Regular Season,0
22100340,2021-12-03 22:00:00,1610612744,1610612756,Regular Season,1
22100341,2021-12-03 22:00:00,1610612747,1610612746,Regular Season,0
22100339,2021-12-03 21:00:00,1610612762,1610612738,Regular Season,1
22100338,2021-12-03 20:30:00,1610612742,1610612740,Regular Season,0
22100337,2021-12-03 20:00:00,1610612745,1610612753,Regular Season,1
22100335,2021-12-03 19:30:00,1610612737,1610612755,Regular Season,0
22100336,2021-12-03 19:30:00,1610612751,1610612750,Regular Season,1
22100333,2021-12-03 19:00:00,1610612754,1610612748,Regular Season,0
22100334,2021-12-03 19:00:00,1610612764,1610612739,Regular Season,0
22100332,2021-12-02 22:00:00,1610612757,1610612759,Regular Season,0
22100331,2021-12-02 21:00:00,1610612756,1610612765,Regular Season,1
22100330,2021-12-02 20:00:00,1610612763,1610612760,Regular Season,1
22100328,2021-12-02 19:30:00,1610612752,1610612741,Regular Season,0
22100329,2021-12-02 19:30:00,1610612761,1610612749,Regular Season,1
22100327,2021-12-01 22:30:00,1610612746,1610612758,Regular Season,0
22100324,2021-12-01 20:00:00,1610612749,1610612766,Regular Season,1
22100325,2021-12-01 20:00:00,1610612740,1610612742,Regular Season,0
22100326,2021-12-01 20:00:00,1610612760,1610612745,Regular Season,0
22100322,2021-12-01 19:30:00,1610612738,1610612755,Regular Season,1
22100323,2021-12-01 19:30:00,1610612748,1610612739,Regular Season,0
22100319,2021-12-01 19:00:00,1610612754,1610612737,Regular Season,0
22100320,2021-12-01 19:00:00,1610612753,1610612743,Regular Season,1
22100321,2021-12-01 19:00:00,1610612764,1610612750,Regular Season,1
22100316,2021-11-30 22:00:00,1610612756,1610612744,Regular Season,1
22100317,2021-11-30 22:00:00,1610612757,1610612765,Regular Season,1
22100318,2021-11-30 22:00:00,1610612758,1610612747,Regular Season,0
22100314,2021-11-30 19:30:00,1610612751,1610612752,Regular Season,1
22100315,2021-11-30 19:30:00,1610612761,1610612763,Regular Season,0
22100313,2021-11-29 22:30:00,1610612746,1610612740,Regular Season,0
22100312,2021-11-29 21:00:00,1610612762,1610612757,Regular Season,1
22100310,2021-11-29 20:30:00,1610612742,1610612739,Regular Season,0
22100311,2021-11-29 20:30:00,1610612759,1610612764,Regular Season,1
22100307,2021-11-29 20:00:00,1610612741,1610612766,Regular Season,1
22100308,2021-11-29 20:00:00,1610612745,1610612760,Regular Season,1
22100309,2021-11-29 20:00:00,1610612750,1610612754,Regular Season,1
22100306,2021-11-29 19:30:00,1610612748,1610612743,Regular Season,0
22100305,2021-11-29 19:00:00,1610612755,1610612753,Regular Season,1
22100304,2021-11-28 21:30:00,1610612747,1610612765,Regular Season,1
22100302,2021-11-28 18:00:00,1610612761,1610612738,Regular Season,0
22100303,2021-11-28 18:00:00,1610612763,1610612758,Regular Season,1
22100301,2021-11-28 17:00:00,1610612754,1610612749,Regular Season,0
22100300,2021-11-28 15:30:00,1610612746,1610612744,Regular Season,0
22100299,2021-11-27 21:00:00,1610612762,1610612740,Regular Season,1
22100298,2021-11-27 20:30:00,1610612742,1610612764,Regular Season,0
22100295,2021-11-27 20:00:00,1610612739,1610612753,Regular Season,1
22100296,2021-11-27 20:00:00,1610612741,1610612748,Regular Season,0
22100297,2021-11-27 20:00:00,1610612745,1610612766,Regular Season,1
22100293,2021-11-27 19:30:00,1610612737,1610612752,Regular Season,0
22100294,2021-11-27 19:30:00,1610612751,1610612756,Regular Season,0
22100292,2021-11-27 18:00:00,1610612755,1610612750,Regular Season,0
22100291,2021-11-26 22:30:00,1610612747,1610612758,Regular Season,0
22100290,2021-11-26 22:00:00,1610612744,1610612757,Regular Season,1
22100288,2021-11-26 21:00:00,1610612743,1610612749,Regular Season,0
22100289,2021-11-26 21:00:00,1610612762,1610612740,Regular Season,0
22100287,2021-11-26 20:30:00,1610612759,1610612738,Regular Season,1
22100284,2021-11-26 20:00:00,1610612754,1610612761,Regular Season,1
22100285,2021-11-26 20:00:00,1610612763,1610612737,Regular Season,0
22100286,2021-11-26 20:00:00,1610612760,1610612764,Regular Season,0
22100281,2021-11-26 19:00:00,1610612766,1610612750,Regular Season,1
22100282,2021-11-26 19:00:00,1610612752,1610612756,Regular Season,0
22100283,2021-11-26 19:00:00,1610612753,1610612741,Regular Season,0
22100280,2021-11-26 15:30:00,1610612746,1610612765,Regular Season,1
22100278,2021-11-24 22:00:00,1610612744,1610612755,Regular Season,1
22100279,2021-11-24 22:00:00,1610612758,1610612757,Regular Season,1
22100277,2021-11-24 20:30:00,1610612759,1610612737,Regular Season,0
22100271,2021-11-24 20:00:00,1610612745,1610612741,Regular Season,1
22100272,2021-11-24 20:00:00,1610612763,1610612761,Regular Season,0
22100273,2021-11-24 20:00:00,1610612749,1610612765,Regular Season,1
22100274,2021-11-24 20:00:00,1610612750,1610612748,Regular Season,1
22100275,2021-11-24 20:00:00,1610612740,1610612764,Regular Season,1
22100276,2021-11-24 20:00:00,1610612760,1610612762,Regular Season,0
22100270,2021-11-24 19:30:00,1610612738,1610612751,Regular Season,0
22100267,2021-11-24 19:00:00,1610612739,1610612756,Regular Season,0
22100268,2021-11-24 19:00:00,1610612754,1610612747,Regular Season,0
22100269,2021-11-24 19:00:00,1610612753,1610612766,Regular Season,0
22100266,2021-11-23 22:30:00,1610612746,1610612742,Regular Season,0
22100265,2021-11-23 22:00:00,1610612757,1610612743,Regular Season,1
22100264,2021-11-23 19:30:00,1610612752,1610612747,Regular Season,1
22100263,2021-11-23 19:00:00,1610612765,1610612748,Regular Season,0
22100262,2021-11-22 22:00:00,1610612758,1610612755,Regular Season,0
22100261,2021-11-22 21:00:00,1610612762,1610612763,Regular Season,0
22100260,2021-11-22 20:30:00,1610612759,1610612756,Regular Season,0
22100257,2021-11-22 20:00:00,1610612741,1610612754,Regular Season,0
22100258,2021-11-22 20:00:00,1610612749,1610612753,Regular Season,1
22100259,2021-11-22 20:00:00,1610612740,1610612750,Regular Season,0
22100255,2021-11-22 19:30:00,1610612737,1610612760,Regular Season,1
22100256,2021-11-22 19:30:00,1610612738,1610612745,Regular Season,1
22100253,2021-11-22 19:00:00,1610612739,1610612751,Regular Season,0
22100254,2021-11-22 19:00:00,1610612764,1610612766,Regular Season,0
22100252,2021-11-21 20:30:00,1610612744,1610612761,Regular Season,1
22100250,2021-11-21 20:00:00,1610612741,1610612752,Regular Season,1
22100251,2021-11-21 20:00:00,1610612756,1610612743,Regular Season,1
22100249,2021-11-21 18:00:00,1610612765,1610612747,Regular Season,0
22100248,2021-11-21 15:30:00,1610612746,1610612742,Regular Season,1
22100246,2021-11-20 22:00:00,1610612757,1610612755,Regular Season,1
22100247,2021-11-20 22:00:00,1610612758,1610612762,Regular Season,0
22100244,2021-11-20 20:00:00,1610612749,1610612753,Regular Season,1
22100245,2021-11-20 20:00:00,1610612750,1610612763,Regular Season,1
22100242,2021-11-20 19:30:00,1610612737,1610612766,Regular Season,1
22100243,2021-11-20 19:30:00,1610612738,1610612760,Regular Season,1
22100240,2021-11-20 19:00:00,1610612754,1610612740,Regular Season,1
22100241,2021-11-20 19:00:00,1610612764,1610612748,Regular Season,1
22100239,2021-11-20 17:00:00,1610612752,1610612745,Regular Season,1
22100237,2021-11-19 22:00:00,1610612756,1610612742,Regular Season,1
22100238,2021-11-19 22:00:00,1610612758,1610612761,Regular Season,0
22100236,2021-11-19 21:00:00,1610612743,1610612741,Regular Season,0
22100234,2021-11-19 20:00:00,1610612749,1610612760,Regular Season,1
22100235,2021-11-19 20:00:00,1610612740,1610612746,Regular Season,1
22100232,2021-11-19 19:30:00,1610612738,1610612747,Regular Season,1
22100233,2021-11-19 19:30:00,1610612751,1610612753,Regular Season,1
22100230,2021-11-19 19:00:00,1610612766,1610612754,Regular Season,1
22100231,2021-11-19 19:00:00,1610612765,1610612744,Regular Season,0
22100228,2021-11-18 21:00:00,1610612743,1610612755,Regular Season,0
22100229,2021-11-18 21:00:00,1610612762,1610612761,Regular Season,1
22100226,2021-11-18 20:00:00,1610612763,1610612746,Regular Season,1
22100227,2021-11-18 20:00:00,1610612750,1610612759,Regular Season,1
22100224,2021-11-18 19:30:00,1610612739,1610612744,Regular Season,0
22100225,2021-11-18 19:30:00,1610612748,1610612764,Regular Season,1
22100222,2021-11-17 22:00:00,1610612756,1610612742,Regular Season,1
22100223,2021-11-17 22:00:00,1610612757,1610612741,Regular Season,1
22100220,2021-11-17 20:00:00,1610612750,1610612758,Regular Season,1
22100221,2021-11-17 20:00:00,1610612760,1610612745,Regular Season,1
22100215,2021-11-17 19:30:00,1610612737,1610612738,Regular Season,1
22100216,2021-11-17 19:30:00,1610612751,1610612739,Regular Season,1
22100217,2021-11-17 19:30:00,1610612748,1610612740,Regular Season,1
22100218,2021-11-17 19:30:00,1610612752,1610612753,Regular Season,0
22100219,2021-11-17 19:30:00,1610612749,1610612747,Regular Season,1
22100213,2021-11-17 19:00:00,1610612766,1610612764,Regular Season,1
22100214,2021-11-17 19:00:00,1610612765,1610612754,Regular Season,1
22100212,2021-11-16 22:30:00,1610612746,1610612759,Regular Season,1
22100211,2021-11-16 22:00:00,1610612762,1610612755,Regular Season,1
22100210,2021-11-16 19:30:00,1610612751,1610612744,Regular Season,0
22100209,2021-11-15 22:30:00,1610612747,1610612741,Regular Season,0
22100208,2021-11-15 22:00:00,1610612757,1610612761,Regular Season,1
22100204,2021-11-15 20:00:00,1610612742,1610612743,Regular Season,1
22100205,2021-11-15 20:00:00,1610612763,1610612745,Regular Season,1
22100206,2021-11-15 20:00:00,1610612750,1610612756,Regular Season,0
22100207,2021-11-15 20:00:00,1610612760,1610612748,Regular Season,0
22100202,2021-11-15 19:30:00,1610612737,1610612753,Regular Season,1
22100203,2021-11-15 19:30:00,1610612752,1610612754,Regular Season,1
22100199,2021-11-15 19:00:00,1610612739,1610612738,Regular Season,0
22100200,2021-11-15 19:00:00,1610612765,1610612758,Regular Season,0
22100201,2021-11-15 19:00:00,1610612764,1610612740,Regular Season,1
22100198,2021-11-14 21:30:00,1610612746,1610612741,Regular Season,0
22100197,2021-11-14 20:00:00,1610612743,1610612757,Regular Season,1
22100194,2021-11-14 19:00:00,1610612766,1610612744,Regular Season,1
22100195,2021-11-14 19:00:00,1610612745,1610612756,Regular Season,0
22100196,2021-11-14 19:00:00,1610612760,1610612751,Regular Season,0
22100193,2021-11-14 18:00:00,1610612737,1610612749,Regular Season,1
22100192,2021-11-14 15:30:00,1610612747,1610612759,Regular Season,1
22100191,2021-11-13 22:30:00,1610612746,1610612750,Regular Season,1
22100190,2021-11-13 20:00:00,1610612739,1610612738,Regular Season,1
22100189,2021-11-13 19:30:00,1610612761,1610612765,Regular Season,0
22100186,2021-11-13 19:00:00,1610612754,1610612755,Regular Season,1
22100187,2021-11-13 19:00:00,1610612753,1610612764,Regular Season,0
22100188,2021-11-13 19:00:00,1610612740,1610612763,Regular Season,1
22100185,2021-11-13 17:00:00,1610612762,1610612748,Regular Season,0
22100184,2021-11-12 22:30:00,1610612747,1610612750,Regular Season,0
22100183,2021-11-12 22:00:00,1610612744,1610612741,Regular Season,1
22100182,2021-11-12 21:00:00,1610612743,1610612737,Regular Season,1
22100181,2021-11-12 20:30:00,1610612759,1610612742,Regular Season,0
22100177,2021-11-12 20:00:00,1610612745,1610612757,Regular Season,0
22100178,2021-11-12 20:00:00,1610612763,1610612756,Regular Season,0
22100179,2021-11-12 20:00:00,1610612740,1610612751,Regular Season,0
22100180,2021-11-12 20:00:00,1610612760,1610612758,Regular Season,1
22100175,2021-11-12 19:30:00,1610612738,1610612749,Regular Season,1
22100176,2021-11-12 19:30:00,1610612739,1610612765,Regular Season,1
22100174,2021-11-12 19:00:00,1610612766,1610612752,Regular Season,1
22100173,2021-11-11 22:30:00,1610612746,1610612748,Regular Season,1
22100172,2021-11-11 21:00:00,1610612762,1610612754,Regular Season,0
22100171,2021-11-11 19:00:00,1610612755,1610612761,Regular Season,0
22100169,2021-11-10 22:00:00,1610612744,1610612750,Regular Season,1
22100170,2021-11-10 22:00:00,1610612747,1610612748,Regular Season,1
22100167,2021-11-10 21:00:00,1610612743,1610612754,Regular Season,1
22100168,2021-11-10 21:00:00,1610612756,1610612757,Regular Season,1
22100166,2021-11-10 20:30:00,1610612759,1610612758,Regular Season,1
22100163,2021-11-10 20:00:00,1610612741,1610612742,Regular Season,1
22100164,2021-11-10 20:00:00,1610612763,1610612766,Regular Season,0
22100165,2021-11-10 20:00:00,1610612740,1610612760,Regular Season,0
22100160,2021-11-10 19:30:00,1610612738,1610612761,Regular Season,1
22100161,2021-11-10 19:30:00,1610612752,1610612749,Regular Season,0
22100162,2021-11-10 19:30:00,1610612745,1610612765,Regular Season,0
22100158,2021-11-10 19:00:00,1610612739,1610612764,Regular Season,0
22100159,2021-11-10 19:00:00,1610612753,1610612751,Regular Season,0
22100157,2021-11-09 22:00:00,1610612746,1610612757,Regular Season,1
22100156,2021-11-09 21:00:00,1610612762,1610612737,Regular Season,1
22100155,2021-11-09 19:30:00,1610612755,1610612749,Regular Season,0
22100154,2021-11-08 22:30:00,1610612747,1610612766,Regular Season,1
22100152,2021-11-08 22:00:00,1610612744,1610612737,Regular Season,1
22100153,2021-11-08 22:00:00,1610612758,1610612756,Regular Season,0
22100151,2021-11-08 21:00:00,1610612743,1610612748,Regular Season,1
22100150,2021-11-08 20:30:00,1610612742,1610612740,Regular Season,1
22100148,2021-11-08 20:00:00,1610612741,1610612751,Regular Season,1
22100149,2021-11-08 20:00:00,1610612763,1610612750,Regular Season,1
22100147,2021-11-08 19:00:00,1610612755,1610612752,Regular Season,0
22100146,2021-11-07 21:00:00,1610612746,1610612766,Regular Season,1
22100145,2021-11-07 20:30:00,1610612744,1610612745,Regular Season,1
22100144,2021-11-07 19:00:00,1610612760,1610612759,Regular Season,1
22100140,2021-11-07 18:00:00,1610612752,1610612739,Regular Season,0
22100141,2021-11-07 18:00:00,1610612753,1610612762,Regular Season,1
22100142,2021-11-07 18:00:00,1610612764,1610612749,Regular Season,1
22100143,2021-11-07 18:00:00,1610612758,1610612754,Regular Season,0
22100139,2021-11-07 15:30:00,1610612761,1610612751,Regular Season,0
22100138,2021-11-06 22:30:00,1610612757,1610612747,Regular Season,1
22100137,2021-11-06 22:00:00,1610612756,1610612737,Regular Season,1
22100136,2021-11-06 20:30:00,1610612742,1610612738,Regular Season,1
22100135,2021-11-06 20:00:00,1610612741,1610612755,Regular Season,0
22100134,2021-11-06 19:30:00,1610612748,1610612762,Regular Season,1
22100133,2021-11-06 17:00:00,1610612743,1610612745,Regular Season,1
22100130,2021-11-05 22:00:00,1610612744,1610612740,Regular Season,1
22100131,2021-11-05 22:00:00,1610612757,1610612754,Regular Season,1
22100132,2021-11-05 22:00:00,1610612758,1610612766,Regular Season,1
22100129,2021-11-05 20:00:00,1610612750,1610612746,Regular Season,0
22100127,2021-11-05 19:30:00,1610612761,1610612739,Regular Season,0
22100128,2021-11-05 19:30:00,1610612749,1610612752,Regular Season,0
22100124,2021-11-05 19:00:00,1610612765,1610612751,Regular Season,0
22100125,2021-11-05 19:00:00,1610612753,1610612759,Regular Season,0
22100126,2021-11-05 19:00:00,1610612764,1610612763,Regular Season,1
22100123,2021-11-04 22:30:00,1610612747,1610612760,Regular Season,0
22100122,2021-11-04 22:00:00,1610612756,1610612745,Regular Season,1
22100120,2021-11-04 19:30:00,1610612737,1610612762,Regular Season,0
22100121,2021-11-04 19:30:00,1610612748,1610612738,Regular Season,0
22100119,2021-11-04 19:00:00,1610612765,1610612755,Regular Season,0
22100117,2021-11-03 22:00:00,1610612744,1610612766,Regular Season,1
22100118,2021-11-03 22:00:00,1610612758,1610612740,Regular Season,1
22100116,2021-11-03 20:30:00,1610612759,1610612742,Regular Season,0
22100114,2021-11-03 20:00:00,1610612763,1610612743,Regular Season,1
22100115,2021-11-03 20:00:00,1610612750,1610612746,Regular Season,0
22100113,2021-11-03 19:30:00,1610612751,1610612737,Regular Season,1
22100108,2021-11-03 19:00:00,1610612739,1610612757,Regular Season,1
22100109,2021-11-03 19:00:00,1610612754,1610612752,Regular Season,1
22100110,2021-11-03 19:00:00,1610612753,1610612738,Regular Season,0
22100111,2021-11-03 19:00:00,1610612755,1610612741,Regular Season,1
22100112,2021-11-03 19:00:00,1610612764,1610612761,Regular Season,0
22100107,2021-11-02 22:30:00,1610612747,1610612745,Regular Season,1
22100106,2021-11-02 22:00:00,1610612756,1610612740,Regular Season,1
22100105,2021-11-02 21:00:00,1610612762,1610612758,Regular Season,1
22100104,2021-11-02 19:30:00,1610612742,1610612748,Regular Season,0
22100103,2021-11-02 19:00:00,1610612765,1610612749,Regular Season,0
22100102,2021-11-01 22:30:00,1610612746,1610612760,Regular Season,1
22100100,2021-11-01 20:00:00,1610612763,1610612743,Regular Season,1
22100101,2021-11-01 20:00:00,1610612750,1610612753,Regular Season,0
22100097,2021-11-01 19:30:00,1610612737,1610612764,Regular Season,1
22100098,2021-11-01 19:30:00,1610612738,1610612741,Regular Season,0
22100099,2021-11-01 19:30:00,1610612752,1610612761,Regular Season,0
22100094,2021-11-01 19:00:00,1610612766,1610612739,Regular Season,0
22100095,2021-11-01 19:00:00,1610612754,1610612759,Regular Season,1
22100096,2021-11-01 19:00:00,1610612755,1610612757,Regular Season,1
22100093,2021-10-31 22:30:00,1610612747,1610612745,Regular Season,1
22100092,2021-10-31 19:30:00,1610612751,1610612765,Regular Season,1
22100090,2021-10-31 19:00:00,1610612766,1610612757,Regular Season,1
22100091,2021-10-31 19:00:00,1610612749,1610612762,Regular Season,0
22100089,2021-10-31 15:30:00,1610612742,1610612758,Regular Season,1
22100088,2021-10-30 22:00:00,1610612756,1610612739,Regular Season,1
22100087,2021-10-30 21:00:00,1610612750,1610612743,Regular Season,0
22100086,2021-10-30 20:30:00,1610612744,1610612760,Regular Season,1
22100083,2021-10-30 20:00:00,1610612741,1610612762,Regular Season,1
22100084,2021-10-30 20:00:00,1610612763,1610612748,Regular Season,0
22100085,2021-10-30 20:00:00,1610612749,1610612759,Regular Season,0
22100081,2021-10-30 19:30:00,1610612754,1610612761,Regular Season,0
22100082,2021-10-30 19:30:00,1610612755,1610612737,Regular Season,1
22100079,2021-10-30 19:00:00,1610612765,1610612753,Regular Season,1
22100080,2021-10-30 19:00:00,1610612740,1610612752,Regular Season,0
22100078,2021-10-30 17:00:00,1610612764,1610612738,Regular Season,1
22100077,2021-10-29 22:30:00,1610612747,1610612739,Regular Season,1
22100075,2021-10-29 22:00:00,1610612743,1610612742,Regular Season,1
22100076,2021-10-29 22:00:00,1610612757,1610612746,Regular Season,1
22100074,2021-10-29 20:00:00,1610612740,1610612758,Regular Season,0
22100072,2021-10-29 19:30:00,1610612751,1610612754,Regular Season,1
22100073,2021-10-29 19:30:00,1610612748,1610612766,Regular Season,1
22100071,2021-10-29 19:00:00,1610612761,1610612753,Regular Season,1
22100070,2021-10-28 22:00:00,1610612744,1610612763,Regular Season,0
22100069,2021-10-28 20:30:00,1610612742,1610612759,Regular Season,1
22100067,2021-10-28 20:00:00,1610612741,1610612752,Regular Season,0
22100068,2021-10-28 20:00:00,1610612745,1610612762,Regular Season,0
22100065,2021-10-28 19:00:00,1610612755,1610612765,Regular Season,1
22100066,2021-10-28 19:00:00,1610612764,1610612737,Regular Season,1
22100064,2021-10-27 22:30:00,1610612746,1610612739,Regular Season,0
22100062,2021-10-27 22:00:00,1610612756,1610612758,Regular Season,0
22100063,2021-10-27 22:00:00,1610612757,1610612763,Regular Season,1
22100060,2021-10-27 20:00:00,1610612749,1610612750,Regular Season,0
22100061,2021-10-27 20:00:00,1610612760,1610612747,Regular Season,1
22100056,2021-10-27 19:30:00,1610612738,1610612764,Regular Season,0
22100057,2021-10-27 19:30:00,1610612751,1610612748,Regular Season,0
22100058,2021-10-27 19:30:00,1610612761,1610612754,Regular Season,1
22100059,2021-10-27 19:30:00,1610612740,1610612737,Regular Season,0
22100055,2021-10-27 19:00:00,1610612753,1610612766,Regular Season,0
22100054,2021-10-26 22:00:00,1610612762,1610612743,Regular Season,1
22100052,2021-10-26 20:30:00,1610612742,1610612745,Regular Season,1
22100053,2021-10-26 20:30:00,1610612759,1610612747,Regular Season,0
22100051,2021-10-26 20:00:00,1610612760,1610612744,Regular Season,0
22100050,2021-10-26 19:30:00,1610612752,1610612755,Regular Season,1
22100049,2021-10-25 22:30:00,1610612746,1610612757,Regular Season,1
22100048,2021-10-25 21:00:00,1610612743,1610612739,Regular Season,0
22100047,2021-10-25 20:00:00,1610612750,1610612740,Regular Season,0
22100043,2021-10-25 19:30:00,1610612737,1610612765,Regular Season,1
22100044,2021-10-25 19:30:00,1610612751,1610612764,Regular Season,1
22100045,2021-10-25 19:30:00,1610612748,1610612753,Regular Season,1
22100046,2021-10-25 19:30:00,1610612761,1610612741,Regular Season,0
22100041,2021-10-25 19:00:00,1610612766,1610612738,Regular Season,0
22100042,2021-10-25 19:00:00,1610612754,1610612749,Regular Season,0
22100040,2021-10-24 21:30:00,1610612747,1610612763,Regular Season,1
22100039,2021-10-24 21:00:00,1610612758,1610612744,Regular Season,0
22100036,2021-10-24 19:00:00,1610612752,1610612753,Regular Season,0
22100037,2021-10-24 19:00:00,1610612745,1610612738,Regular Season,0
22100038,2021-10-24 19:00:00,1610612760,1610612755,Regular Season,0
22100035,2021-10-24 16:00:00,1610612751,1610612766,Regular Season,0
22100034,2021-10-23 22:30:00,1610612746,1610612763,Regular Season,0
22100033,2021-10-23 22:00:00,1610612757,1610612756,Regular Season,1
22100032,2021-10-23 20:30:00,1610612759,1610612749,Regular Season,0
22100030,2021-10-23 20:00:00,1610612741,1610612765,Regular Season,1
22100031,2021-10-23 20:00:00,1610612750,1610612740,Regular Season,1
22100029,2021-10-23 19:30:00,1610612761,1610612742,Regular Season,0
22100028,2021-10-23 19:00:00,1610612754,1610612748,Regular Season,1
22100027,2021-10-23 18:00:00,1610612739,1610612737,Regular Season,1
22100025,2021-10-22 22:00:00,1610612747,1610612756,Regular Season,0
22100026,2021-10-22 22:00:00,1610612758,1610612762,Regular Season,0
22100024,2021-10-22 21:00:00,1610612743,1610612759,Regular Season,1
22100022,2021-10-22 20:00:00,1610612741,1610612740,Regular Season,1
22100023,2021-10-22 20:00:00,1610612745,1610612760,Regular Season,1
22100020,2021-10-22 19:30:00,1610612738,1610612761,Regular Season,0
22100021,2021-10-22 19:30:00,1610612755,1610612751,Regular Season,0
22100017,2021-10-22 19:00:00,1610612739,1610612766,Regular Season,0
22100018,2021-10-22 19:00:00,1610612753,1610612752,Regular Season,0
22100019,2021-10-22 19:00:00,1610612764,1610612754,Regular Season,1
22100016,2021-10-21 22:00:00,1610612744,1610612746,Regular Season,1
22100015,2021-10-21 20:00:00,1610612748,1610612749,Regular Season,1
22100014,2021-10-21 19:30:00,1610612737,1610612742,Regular Season,1
22100012,2021-10-20 22:00:00,1610612756,1610612743,Regular Season,0
22100013,2021-10-20 22:00:00,1610612757,1610612758,Regular Season,0
22100011,2021-10-20 21:00:00,1610612762,1610612760,Regular Season,1
22100010,2021-10-20 20:30:00,1610612759,1610612753,Regular Season,1
22100007,2021-10-20 20:00:00,1610612763,1610612739,Regular Season,1
22100008,2021-10-20 20:00:00,1610612750,1610612745,Regular Season,1
22100009,2021-10-20 20:00:00,1610612740,1610612755,Regular Season,0
22100005,2021-10-20 19:30:00,1610612752,1610612738,Regular Season,1
22100006,2021-10-20 19:30:00,1610612761,1610612764,Regular Season,0
22100003,2021-10-20 19:00:00,1610612766,1610612754,Regular Season,1
22100004,2021-10-20 19:00:00,1610612765,1610612741,Regular Season,0
22100002,2021-10-19 22:00:00,1610612747,1610612744,Regular Season,0
22100001,2021-10-19 19:30:00,1610612749,1610612751,Regular Season,1
12100066,2021-10-15 22:00:00,1610612744,1610612757,Preseason,1
12100065,2021-10-15 20:30:00,1610612759,1610612745,Preseason,1
12100063,2021-10-15 20:00:00,1610612741,1610612763,Preseason,1
12100064,2021-10-15 20:00:00,1610612749,1610612742,Preseason,0
12100062,2021-10-15 19:30:00,1610612752,1610612764,Preseason,1
12100060,2021-10-15 19:00:00,1610612765,1610612755,Preseason,1
12100061,2021-10-15 19:00:00,1610612754,1610612739,Preseason,0
12100059,2021-10-15 18:30:00,1610612748,1610612738,Preseason,1
12100058,2021-10-14 22:00:00,1610612758,1610612747,Preseason,1
12100057,2021-10-14 20:00:00,1610612760,1610612743,Preseason,0
12100056,2021-10-14 19:30:00,1610612751,1610612750,Preseason,1
12100055,2021-10-14 19:00:00,1610612737,1610612748,Preseason,1
12100053,2021-10-13 21:00:00,1610612762,1610612749,Preseason,1
12100052,2021-10-13 20:00:00,1610612760,1610612743,Preseason,1
12100051,2021-10-13 19:30:00,1610612752,1610612765,Preseason,1
12100049,2021-10-13 19:00:00,1610612754,1610612763,Preseason,1
12100050,2021-10-13 19:00:00,1610612753,1610612738,Preseason,1
12100048,2021-10-13 18:30:00,1610612766,1610612742,Preseason,0
12100054,2021-10-13 17:00:00,1610612756,1610612757,Preseason,1
12100047,2021-10-12 22:30:00,1610612747,1610612744,Preseason,0
12100046,2021-10-12 19:00:00,1610612764,1610612761,Preseason,0
12100045,2021-10-11 22:30:00,1610612746,1610612750,Preseason,0
12100044,2021-10-11 22:00:00,1610612757,1610612758,Preseason,0
12100043,2021-10-11 21:00:00,1610612762,1610612740,Preseason,1
12100041,2021-10-11 20:00:00,1610612755,1610612751,Preseason,1
12100042,2021-10-11 20:00:00,1610612763,1610612765,Preseason,1
12100040,2021-10-11 19:30:00,1610612748,1610612766,Preseason,1
12100039,2021-10-11 19:00:00,1610612761,1610612745,Preseason,1
12100038,2021-10-10 22:00:00,1610612747,1610612756,Preseason,0
12100037,2021-10-10 19:30:00,1610612749,1610612760,Preseason,1
12100036,2021-10-10 19:00:00,1610612739,1610612741,Preseason,0
12100035,2021-10-10 18:00:00,1610612753,1610612759,Preseason,0
12100034,2021-10-09 20:00:00,1610612763,1610612737,Preseason,0
12100032,2021-10-09 19:00:00,1610612738,1610612761,Preseason,1
12100033,2021-10-09 19:00:00,1610612764,1610612752,Preseason,0
12100031,2021-10-08 22:00:00,1610612744,1610612747,Preseason,1
12100030,2021-10-08 21:00:00,1610612743,1610612750,Preseason,0
12100028,2021-10-08 20:30:00,1610612742,1610612746,Preseason,1
12100029,2021-10-08 20:30:00,1610612759,1610612748,Preseason,0
12100027,2021-10-08 20:00:00,1610612741,1610612740,Preseason,1
12100026,2021-10-08 19:30:00,1610612751,1610612749,Preseason,1
12100025,2021-10-08 19:00:00,1610612739,1610612754,Preseason,0
12100024,2021-10-07 22:00:00,1610612745,1610612748,Preseason,0
12100022,2021-10-07 19:00:00,1610612766,1610612763,Preseason,0
12100023,2021-10-07 19:00:00,1610612755,1610612761,Preseason,1
12100021,2021-10-06 22:30:00,1610612746,1610612758,Preseason,0
12100019,2021-10-06 22:00:00,1610612744,1610612743,Preseason,1
12100018,2021-10-06 20:30:00,1610612742,1610612762,Preseason,1
12100017,2021-10-06 20:00:00,1610612740,1610612753,Preseason,1
12100016,2021-10-06 19:30:00,1610612737,1610612739,Preseason,0
12100015,2021-10-06 19:00:00,1610612765,1610612759,Preseason,1
12100020,2021-10-06 18:00:00,1610612756,1610612747,Preseason,1
12100012,2021-10-05 20:00:00,1610612741,1610612739,Preseason,1
12100013,2021-10-05 20:00:00,1610612745,1610612764,Preseason,1
12100014,2021-10-05 20:00:00,1610612763,1610612749,Preseason,1
12100011,2021-10-05 19:30:00,1610612752,1610612754,Preseason,1
12100010,2021-10-04 22:30:00,1610612746,1610612743,Preseason,1
12100008,2021-10-04 22:00:00,1610612757,1610612744,Preseason,0
12100009,2021-10-04 22:00:00,1610612758,1610612756,Preseason,1
12100007,2021-10-04 20:30:00,1610612759,1610612762,Preseason,1
12100005,2021-10-04 20:00:00,1610612750,1610612740,Preseason,1
12100006,2021-10-04 20:00:00,1610612760,1610612766,Preseason,0
12100003,2021-10-04 19:30:00,1610612738,1610612753,Preseason,1
12100004,2021-10-04 19:30:00,1610612748,1610612737,Preseason,1
12100002,2021-10-04 19:00:00,1610612761,1610612755,Preseason,1
12100001,2021-10-03 15:30:00,1610612747,1610612751,Preseason,0
42000406,2021-07-20 21:00:00,1610612749,1610612756,Playoffs,1
42000405,2021-07-17 21:00:00,1610612756,1610612749,Playoffs,0
42000404,2021-07-14 21:00:00,1610612749,1610612756,Playoffs,1
42000403,2021-07-11 20:00:00,1610612749,1610612756,Playoffs,1
42000402,2021-07-08 21:00:00,1610612756,1610612749,Playoffs,1
42000401,2021-07-06 21:00:00,1610612756,1610612749,Playoffs,1
42000306,2021-07-03 20:30:00,1610612737,1610612749,Playoffs,0
42000305,2021-07-01 20:30:00,1610612749,1610612737,Playoffs,1
42000316,2021-06-30 21:00:00,1610612746,1610612756,Playoffs,0
42000304,2021-06-29 20:30:00,1610612737,1610612749,Playoffs,1
42000315,2021-06-28 21:00:00,1610612756,1610612746,Playoffs,0
42000303,2021-06-27 20:30:00,1610612737,1610612749,Playoffs,0
42000314,2021-06-26 21:00:00,1610612746,1610612756,Playoffs,0
42000302,2021-06-25 20:30:00,1610612749,1610612737,Playoffs,1
42000313,2021-06-24 21:00:00,1610612746,1610612756,Playoffs,1
42000301,2021-06-23 20:30:00,1610612749,1610612737,Playoffs,0
42000312,2021-06-22 21:00:00,1610612756,1610612746,Playoffs,1
42000207,2021-06-20 20:00:00,1610612755,1610612737,Playoffs,0
42000311,2021-06-20 15:30:00,1610612756,1610612746,Playoffs,1
42000217,2021-06-19 20:30:00,1610612751,1610612749,Playoffs,0
42000226,2021-06-18 22:00:00,1610612746,1610612762,Playoffs,1
42000206,2021-06-18 19:30:00,1610612737,1610612755,Playoffs,0
42000216,2021-06-17 20:30:00,1610612749,1610612751,Playoffs,1
42000225,2021-06-16 22:00:00,1610612762,1610612746,Playoffs,0
42000205,2021-06-16 19:30:00,1610612755,1610612737,Playoffs,0
42000215,2021-06-15 20:30:00,1610612751,1610612749,Playoffs,1
42000224,2021-06-14 22:00:00,1610612746,1610612762,Playoffs,1
42000204,2021-06-14 19:30:00,1610612737,1610612755,Playoffs,1
42000234,2021-06-13 20:00:00,1610612743,1610612756,Playoffs,0
42000214,2021-06-13 15:00:00,1610612749,1610612751,Playoffs,1
42000223,2021-06-12 20:30:00,1610612746,1610612762,Playoffs,1
42000233,2021-06-11 22:00:00,1610612743,1610612756,Playoffs,0
42000203,2021-06-11 19:30:00,1610612737,1610612755,Playoffs,0
42000222,2021-06-10 22:00:00,1610612762,1610612746,Playoffs,1
42000213,2021-06-10 19:30:00,1610612749,1610612751,Playoffs,1
42000232,2021-06-09 21:30:00,1610612756,1610612743,Playoffs,1
42000221,2021-06-08 22:00:00,1610612762,1610612746,Playoffs,1
42000202,2021-06-08 19:30:00,1610612755,1610612737,Playoffs,1
42000231,2021-06-07 22:00:00,1610612756,1610612743,Playoffs,1
42000212,2021-06-07 19:30:00,1610612751,1610612749,Playoffs,1
42000177,2021-06-06 15:30:00,1610612746,1610612742,Playoffs,1
42000201,2021-06-06 13:00:00,1610612755,1610612737,Playoffs,0
42000211,2021-06-05 19:30:00,1610612751,1610612749,Playoffs,1
42000176,2021-06-04 21:00:00,1610612742,1610612746,Playoffs,0
42000156,2021-06-03 22:30:00,1610612747,1610612756,Playoffs,0
42000166,2021-06-03 20:00:00,1610612757,1610612743,Playoffs,0
42000175,2021-06-02 22:00:00,1610612746,1610612742,Playoffs,0
42000145,2021-06-02 21:30:00,1610612762,1610612763,Playoffs,1
42000135,2021-06-02 19:30:00,1610612752,1610612737,Playoffs,0
42000105,2021-06-02 19:00:00,1610612755,1610612764,Playoffs,1
42000155,2021-06-01 22:00:00,1610612756,1610612747,Playoffs,1
42000165,2021-06-01 21:00:00,1610612743,1610612757,Playoffs,1
42000115,2021-06-01 19:30:00,1610612751,1610612738,Playoffs,1
42000144,2021-05-31 21:30:00,1610612763,1610612762,Playoffs,0
42000104,2021-05-31 19:00:00,1610612764,1610612755,Playoffs,1
42000174,2021-05-30 21:30:00,1610612742,1610612746,Playoffs,0
42000114,2021-05-30 19:00:00,1610612738,1610612751,Playoffs,0
42000154,2021-05-30 15:30:00,1610612747,1610612756,Playoffs,0
42000134,2021-05-30 13:00:00,1610612737,1610612752,Playoffs,1
42000143,2021-05-29 21:30:00,1610612763,1610612762,Playoffs,0
42000103,2021-05-29 19:00:00,1610612764,1610612755,Playoffs,0
42000164,2021-05-29 16:00:00,1610612757,1610612743,Playoffs,1
42000124,2021-05-29 13:30:00,1610612748,1610612749,Playoffs,0
42000173,2021-05-28 21:30:00,1610612742,1610612746,Playoffs,0
42000113,2021-05-28 20:30:00,1610612738,1610612751,Playoffs,1
42000133,2021-05-28 19:00:00,1610612737,1610612752,Playoffs,1
42000163,2021-05-27 22:30:00,1610612757,1610612743,Playoffs,0
42000153,2021-05-27 22:00:00,1610612747,1610612756,Playoffs,1
42000123,2021-05-27 19:30:00,1610612748,1610612749,Playoffs,0
42000142,2021-05-26 22:00:00,1610612762,1610612763,Playoffs,1
42000132,2021-05-26 19:30:00,1610612752,1610612737,Playoffs,1
42000102,2021-05-26 19:00:00,1610612755,1610612764,Playoffs,1
42000172,2021-05-25 22:30:00,1610612746,1610612742,Playoffs,0
42000152,2021-05-25 22:00:00,1610612756,1610612747,Playoffs,0
42000112,2021-05-25 19:30:00,1610612751,1610612738,Playoffs,1
42000162,2021-05-24 22:00:00,1610612743,1610612757,Playoffs,1
42000122,2021-05-24 19:30:00,1610612749,1610612748,Playoffs,1
42000141,2021-05-23 21:30:00,1610612762,1610612763,Playoffs,0
42000131,2021-05-23 19:00:00,1610612752,1610612737,Playoffs,0
42000151,2021-05-23 15:30:00,1610612756,1610612747,Playoffs,1
42000101,2021-05-23 13:00:00,1610612755,1610612764,Playoffs,1
42000161,2021-05-22 22:30:00,1610612743,1610612757,Playoffs,0
42000111,2021-05-22 20:00:00,1610612751,1610612738,Playoffs,1
42000171,2021-05-22 16:30:00,1610612746,1610612742,Playoffs,0
42000121,2021-05-22 14:00:00,1610612749,1610612748,Playoffs,1
52000211,2021-05-21 21:00:00,1610612744,1610612763,Play-in Tournament,0
52000201,2021-05-20 20:00:00,1610612764,1610612754,Play-in Tournament,1
52000121,2021-05-19 22:00:00,1610612747,1610612744,Play-in Tournament,1
52000131,2021-05-19 19:30:00,1610612763,1610612759,Play-in Tournament,1
52000101,2021-05-18 21:00:00,1610612738,1610612764,Play-in Tournament,1
52000111,2021-05-18 18:30:00,1610612754,1610612766,Play-in Tournament,1
22001068,2021-05-16 21:00:00,1610612741,1610612749,Regular Season,1
22001071,2021-05-16 21:00:00,1610612750,1610612742,Regular Season,1
22001072,2021-05-16 21:00:00,1610612740,1610612747,Regular Season,0
22001074,2021-05-16 21:00:00,1610612760,1610612746,Regular Season,1
22001076,2021-05-16 21:00:00,1610612757,1610612743,Regular Season,1
22001077,2021-05-16 21:00:00,1610612758,1610612762,Regular Season,0
22001069,2021-05-16 20:00:00,1610612765,1610612748,Regular Season,0
22001066,2021-05-16 19:00:00,1610612737,1610612745,Regular Season,1
22001067,2021-05-16 19:00:00,1610612751,1610612739,Regular Season,1
22001075,2021-05-16 19:00:00,1610612755,1610612753,Regular Season,1
22001070,2021-05-16 15:30:00,1610612744,1610612763,Regular Season,1
22001078,2021-05-16 14:00:00,1610612759,1610612756,Regular Season,0
22001073,2021-05-16 13:00:00,1610612752,1610612738,Regular Season,1
22001079,2021-05-16 13:00:00,1610612761,1610612754,Regular Season,0
22001080,2021-05-16 13:00:00,1610612764,1610612766,Regular Season,1
22001062,2021-05-15 20:00:00,1610612749,1610612748,Regular Season,1
22001063,2021-05-15 14:00:00,1610612750,1610612738,Regular Season,0
22001065,2021-05-15 14:00:00,1610612759,1610612756,Regular Season,0
22001060,2021-05-15 13:00:00,1610612751,1610612741,Regular Season,1
22001061,2021-05-15 13:00:00,1610612754,1610612747,Regular Season,0
22001064,2021-05-15 13:00:00,1610612752,1610612766,Regular Season,1
22001059,2021-05-14 21:30:00,1610612744,1610612740,Regular Season,1
22000263,2021-05-14 21:00:00,1610612763,1610612758,Regular Season,1
22001057,2021-05-14 21:00:00,1610612742,1610612761,Regular Season,1
22001058,2021-05-14 21:00:00,1610612745,1610612746,Regular Season,1
22001054,2021-05-14 20:00:00,1610612765,1610612743,Regular Season,0
22001055,2021-05-14 20:00:00,1610612755,1610612753,Regular Season,1
22001056,2021-05-14 20:00:00,1610612760,1610612762,Regular Season,0
22000204,2021-05-14 19:00:00,1610612764,1610612739,Regular Season,1
22001053,2021-05-13 22:00:00,1610612756,1610612757,Regular Season,1
22000255,2021-05-13 20:00:00,1610612763,1610612758,Regular Season,1
22001051,2021-05-13 20:00:00,1610612741,1610612761,Regular Season,1
22001052,2021-05-13 20:00:00,1610612750,1610612743,Regular Season,0
22000458,2021-05-13 19:30:00,1610612752,1610612759,Regular Season,1
22001049,2021-05-13 19:30:00,1610612737,1610612753,Regular Season,1
22001050,2021-05-13 19:30:00,1610612748,1610612755,Regular Season,1
22001047,2021-05-13 19:00:00,1610612766,1610612746,Regular Season,0
22001048,2021-05-13 19:00:00,1610612754,1610612749,Regular Season,0
22001046,2021-05-12 22:30:00,1610612747,1610612745,Regular Season,1
22001045,2021-05-12 21:30:00,1610612762,1610612757,Regular Season,0
22000154,2021-05-12 21:00:00,1610612742,1610612740,Regular Season,1
22001043,2021-05-12 20:00:00,1610612751,1610612759,Regular Season,1
22001044,2021-05-12 20:00:00,1610612739,1610612738,Regular Season,1
22001042,2021-05-12 19:00:00,1610612737,1610612764,Regular Season,1
22001039,2021-05-11 22:00:00,1610612744,1610612756,Regular Season,1
22001040,2021-05-11 22:00:00,1610612758,1610612760,Regular Season,1
22001041,2021-05-11 22:00:00,1610612747,1610612752,Regular Season,1
22001038,2021-05-11 21:00:00,1610612749,1610612753,Regular Season,1
22001035,2021-05-11 20:00:00,1610612754,1610612755,Regular Season,1
22001036,2021-05-11 20:00:00,1610612741,1610612751,Regular Season,0
22001037,2021-05-11 20:00:00,1610612763,1610612742,Regular Season,1
22001032,2021-05-11 19:30:00,1610612738,1610612748,Regular Season,0
22001034,2021-05-11 19:30:00,1610612761,1610612746,Regular Season,0
22000448,2021-05-11 19:00:00,1610612766,1610612743,Regular Season,0
22001033,2021-05-11 19:00:00,1610612765,1610612750,Regular Season,0
22001030,2021-05-10 22:00:00,1610612744,1610612762,Regular Season,1
22001031,2021-05-10 22:00:00,1610612757,1610612745,Regular Season,1
22001029,2021-05-10 20:30:00,1610612759,1610612749,Regular Season,1
22001028,2021-05-10 20:00:00,1610612763,1610612740,Regular Season,1
22001026,2021-05-10 19:30:00,1610612737,1610612764,Regular Season,1
22001027,2021-05-10 19:30:00,1610612739,1610612754,Regular Season,0
22001024,2021-05-09 22:00:00,1610612747,1610612756,Regular Season,1
22001025,2021-05-09 22:00:00,1610612758,1610612760,Regular Season,1
22001023,2021-05-09 20:00:00,1610612765,1610612741,Regular Season,0
22001020,2021-05-09 19:00:00,1610612766,1610612740,Regular Season,0
22001021,2021-05-09 19:00:00,1610612739,1610612742,Regular Season,0
22001022,2021-05-09 19:00:00,1610612753,1610612750,Regular Season,0
22001019,2021-05-09 15:30:00,1610612746,1610612752,Regular Season,0
22000145,2021-05-09 13:00:00,1610612738,1610612748,Regular Season,0
22001015,2021-05-08 22:00:00,1610612743,1610612751,Regular Season,0
22001016,2021-05-08 22:00:00,1610612762,1610612745,Regular Season,1
22001017,2021-05-08 22:00:00,1610612744,1610612760,Regular Season,1
22001018,2021-05-08 22:00:00,1610612757,1610612759,Regular Season,1
22001014,2021-05-08 19:30:00,1610612761,1610612763,Regular Season,0
22001012,2021-05-08 19:00:00,1610612754,1610612764,Regular Season,0
22001013,2021-05-08 19:00:00,1610612755,1610612765,Regular Season,1
22001009,2021-05-07 22:00:00,1610612756,1610612752,Regular Season,1
22001010,2021-05-07 22:00:00,1610612757,1610612747,Regular Season,1
22001011,2021-05-07 22:00:00,1610612758,1610612759,Regular Season,0
22001008,2021-05-07 21:00:00,1610612762,1610612743,Regular Season,1
22001007,2021-05-07 20:30:00,1610612742,1610612739,Regular Season,1
22001004,2021-05-07 20:00:00,1610612766,1610612753,Regular Season,1
22001005,2021-05-07 20:00:00,1610612748,1610612750,Regular Season,1
22001006,2021-05-07 20:00:00,1610612749,1610612745,Regular Season,1
22000160,2021-05-07 19:30:00,1610612741,1610612738,Regular Season,1
22001003,2021-05-07 19:00:00,1610612755,1610612740,Regular Season,1
22001001,2021-05-06 22:00:00,1610612744,1610612760,Regular Season,1
22001002,2021-05-06 22:00:00,1610612746,1610612747,Regular Season,1
22000999,2021-05-06 20:00:00,1610612765,1610612763,Regular Season,1
22001000,2021-05-06 20:00:00,1610612754,1610612737,Regular Season,1
22000997,2021-05-06 19:30:00,1610612761,1610612764,Regular Season,0
22000998,2021-05-06 19:30:00,1610612742,1610612751,Regular Season,1
22000434,2021-05-06 19:00:00,1610612766,1610612741,Regular Season,0
22000995,2021-05-05 21:00:00,1610612743,1610612752,Regular Season,1
22000996,2021-05-05 21:00:00,1610612762,1610612759,Regular Season,1
22000183,2021-05-05 20:00:00,1610612750,1610612763,Regular Season,0
22000235,2021-05-05 20:00:00,1610612749,1610612764,Regular Season,1
22000992,2021-05-05 20:00:00,1610612737,1610612756,Regular Season,1
22000993,2021-05-05 20:00:00,1610612754,1610612758,Regular Season,0
22000994,2021-05-05 20:00:00,1610612745,1610612755,Regular Season,0
22000991,2021-05-05 19:30:00,1610612739,1610612757,Regular Season,0
22000990,2021-05-05 19:00:00,1610612753,1610612738,Regular Season,0
22000989,2021-05-04 22:00:00,1610612746,1610612761,Regular Season,1
22000986,2021-05-04 20:00:00,1610612748,1610612742,Regular Season,0
22000987,2021-05-04 20:00:00,1610612740,1610612744,Regular Season,1
22000988,2021-05-04 20:00:00,1610612760,1610612758,Regular Season,0
22000985,2021-05-04 19:30:00,1610612749,1610612751,Regular Season,1
22000983,2021-05-04 19:00:00,1610612739,1610612756,Regular Season,0
22000984,2021-05-04 19:00:00,1610612765,1610612766,Regular Season,0
22000981,2021-05-03 22:00:00,1610612762,1610612759,Regular Season,1
22000982,2021-05-03 22:00:00,1610612747,1610612743,Regular Season,1
22000979,2021-05-03 21:00:00,1610612741,1610612755,Regular Season,0
22000980,2021-05-03 21:00:00,1610612763,1610612752,Regular Season,0
22000978,2021-05-03 20:00:00,1610612737,1610612757,Regular Season,1
22000977,2021-05-03 19:30:00,1610612740,1610612744,Regular Season,0
22000975,2021-05-03 19:00:00,1610612765,1610612753,Regular Season,0
22000976,2021-05-03 19:00:00,1610612764,1610612754,Regular Season,1
22000974,2021-05-02 22:00:00,1610612747,1610612761,Regular Season,0
22000969,2021-05-02 20:00:00,1610612766,1610612748,Regular Season,0
22000970,2021-05-02 20:00:00,1610612742,1610612758,Regular Season,0
22000971,2021-05-02 20:00:00,1610612745,1610612752,Regular Season,0
22000972,2021-05-02 20:00:00,1610612760,1610612756,Regular Season,0
22000973,2021-05-02 20:00:00,1610612759,1610612755,Regular Season,0
22000968,2021-05-02 19:30:00,1610612738,1610612757,Regular Season,0
22000967,2021-05-02 15:30:00,1610612749,1610612751,Regular Season,1
22000965,2021-05-01 22:00:00,1610612762,1610612761,Regular Season,1
22000966,2021-05-01 22:00:00,1610612746,1610612743,Regular Season,0
22000964,2021-05-01 21:00:00,1610612742,1610612764,Regular Season,1
22000959,2021-05-01 20:00:00,1610612737,1610612741,Regular Season,1
22000960,2021-05-01 20:00:00,1610612739,1610612748,Regular Season,0
22000961,2021-05-01 20:00:00,1610612753,1610612763,Regular Season,1
22000962,2021-05-01 20:00:00,1610612750,1610612740,Regular Season,0
22000963,2021-05-01 20:00:00,1610612760,1610612754,Regular Season,0
22000958,2021-05-01 19:30:00,1610612745,1610612744,Regular Season,0
22000957,2021-05-01 19:00:00,1610612766,1610612765,Regular Season,1
22000956,2021-04-30 22:30:00,1610612747,1610612758,Regular Season,0
22000955,2021-04-30 22:00:00,1610612756,1610612762,Regular Season,1
22000954,2021-04-30 21:00:00,1610612741,1610612749,Regular Season,0
22000952,2021-04-30 20:00:00,1610612751,1610612757,Regular Season,0
22000953,2021-04-30 20:00:00,1610612763,1610612753,Regular Season,1
22000950,2021-04-30 19:30:00,1610612738,1610612759,Regular Season,1
22000951,2021-04-30 19:30:00,1610612739,1610612764,Regular Season,0
22000949,2021-04-30 19:00:00,1610612755,1610612737,Regular Season,1
22000947,2021-04-29 21:00:00,1610612760,1610612740,Regular Season,0
22000948,2021-04-29 21:00:00,1610612743,1610612761,Regular Season,1
22000945,2021-04-29 20:00:00,1610612745,1610612749,Regular Season,1
22000946,2021-04-29 20:00:00,1610612750,1610612744,Regular Season,1
22000943,2021-04-29 19:00:00,1610612765,1610612742,Regular Season,0
22000944,2021-04-29 19:00:00,1610612754,1610612751,Regular Season,0
22000941,2021-04-28 22:00:00,1610612756,1610612746,Regular Season,1
22000942,2021-04-28 22:00:00,1610612758,1610612762,Regular Season,0
22000939,2021-04-28 21:00:00,1610612763,1610612757,Regular Season,0
22000940,2021-04-28 21:00:00,1610612743,1610612740,Regular Season,1
22000938,2021-04-28 20:00:00,1610612748,1610612759,Regular Season,1
22000935,2021-04-28 19:30:00,1610612764,1610612747,Regular Season,1
22000936,2021-04-28 19:30:00,1610612738,1610612766,Regular Season,1
22000937,2021-04-28 19:30:00,1610612752,1610612741,Regular Season,1
22000933,2021-04-28 19:00:00,1610612739,1610612753,Regular Season,0
22000934,2021-04-28 19:00:00,1610612755,1610612737,Regular Season,1
22000932,2021-04-27 21:30:00,1610612744,1610612742,Regular Season,0
22000931,2021-04-27 21:00:00,1610612745,1610612750,Regular Season,0
22000930,2021-04-27 19:30:00,1610612761,1610612751,Regular Season,0
22000927,2021-04-27 19:00:00,1610612738,1610612760,Regular Season,0
22000928,2021-04-27 19:00:00,1610612766,1610612749,Regular Season,0
22000929,2021-04-27 19:00:00,1610612754,1610612757,Regular Season,0
22000926,2021-04-26 22:00:00,1610612758,1610612742,Regular Season,1
22000925,2021-04-26 21:00:00,1610612743,1610612763,Regular Season,1
22000922,2021-04-26 20:00:00,1610612748,1610612741,Regular Season,0
22000923,2021-04-26 20:00:00,1610612750,1610612762,Regular Season,1
22000924,2021-04-26 20:00:00,1610612740,1610612746,Regular Season,1
22000920,2021-04-26 19:30:00,1610612752,1610612756,Regular Season,0
22000921,2021-04-26 19:30:00,1610612761,1610612739,Regular Season,1
22000916,2021-04-26 19:00:00,1610612765,1610612737,Regular Season,1
22000917,2021-04-26 19:00:00,1610612753,1610612747,Regular Season,0
22000918,2021-04-26 19:00:00,1610612755,1610612760,Regular Season,1
22000919,2021-04-26 19:00:00,1610612764,1610612759,Regular Season,0
22000915,2021-04-25 22:00:00,1610612744,1610612758,Regular Season,1
22000914,2021-04-25 20:00:00,1610612753,1610612754,Regular Season,0
22000913,2021-04-25 19:30:00,1610612737,1610612749,Regular Season,1
22000197,2021-04-25 19:00:00,1610612764,1610612739,Regular Season,1
22000240,2021-04-25 16:00:00,1610612757,1610612763,Regular Season,0
22000912,2021-04-25 15:30:00,1610612751,1610612756,Regular Season,1
22000911,2021-04-25 13:00:00,1610612766,1610612738,Regular Season,1
22000910,2021-04-24 22:00:00,1610612743,1610612745,Regular Season,1
22000909,2021-04-24 21:00:00,1610612762,1610612750,Regular Season,0
22000908,2021-04-24 20:30:00,1610612742,1610612747,Regular Season,1
22000264,2021-04-24 20:00:00,1610612740,1610612759,Regular Season,0
22000907,2021-04-24 20:00:00,1610612748,1610612741,Regular Season,1
22000906,2021-04-24 19:00:00,1610612754,1610612765,Regular Season,1
22000905,2021-04-24 15:30:00,1610612749,1610612755,Regular Season,1
22000904,2021-04-24 13:00:00,1610612752,1610612761,Regular Season,1
22000225,2021-04-23 22:00:00,1610612757,1610612763,Regular Season,0
22000903,2021-04-23 22:00:00,1610612744,1610612743,Regular Season,1
22000900,2021-04-23 20:00:00,1610612766,1610612739,Regular Season,1
22000901,2021-04-23 20:00:00,1610612745,1610612746,Regular Season,0
22000902,2021-04-23 20:00:00,1610612760,1610612764,Regular Season,0
22000898,2021-04-23 19:30:00,1610612737,1610612748,Regular Season,1
22000899,2021-04-23 19:30:00,1610612751,1610612738,Regular Season,1
22000897,2021-04-22 21:30:00,1610612742,1610612747,Regular Season,1
22000896,2021-04-22 21:00:00,1610612741,1610612766,Regular Season,1
22000895,2021-04-22 20:30:00,1610612759,1610612765,Regular Season,1
22000892,2021-04-22 19:00:00,1610612738,1610612756,Regular Season,1
22000893,2021-04-22 19:00:00,1610612753,1610612740,Regular Season,0
22000894,2021-04-22 19:00:00,1610612749,1610612755,Regular Season,1
22000889,2021-04-21 22:00:00,1610612746,1610612763,Regular Season,1
22000890,2021-04-21 22:00:00,1610612757,1610612743,Regular Season,0
22000891,2021-04-21 22:00:00,1610612758,1610612750,Regular Season,1
22000442,2021-04-21 20:30:00,1610612742,1610612765,Regular Season,1
22000888,2021-04-21 20:30:00,1610612759,1610612748,Regular Season,0
22000886,2021-04-21 20:00:00,1610612752,1610612737,Regular Season,1
22000887,2021-04-21 20:00:00,1610612745,1610612762,Regular Season,0
22000881,2021-04-21 19:00:00,1610612739,1610612741,Regular Season,1
22000882,2021-04-21 19:00:00,1610612754,1610612760,Regular Season,1
22000883,2021-04-21 19:00:00,1610612755,1610612756,Regular Season,0
22000884,2021-04-21 19:00:00,1610612761,1610612751,Regular Season,1
22000885,2021-04-21 19:00:00,1610612764,1610612744,Regular Season,1
22000879,2021-04-20 22:00:00,1610612757,1610612746,Regular Season,0
22000880,2021-04-20 22:00:00,1610612758,1610612750,Regular Season,0
22000876,2021-04-20 19:30:00,1610612737,1610612753,Regular Season,1
22000877,2021-04-20 19:30:00,1610612752,1610612766,Regular Season,1
22000878,2021-04-20 19:30:00,1610612740,1610612751,Regular Season,0
22000875,2021-04-19 22:00:00,1610612747,1610612762,Regular Season,0
22000874,2021-04-19 21:00:00,1610612743,1610612763,Regular Season,1
22000473,2021-04-19 20:00:00,1610612754,1610612759,Regular Season,0
22000871,2021-04-19 20:00:00,1610612748,1610612745,Regular Season,1
22000872,2021-04-19 20:00:00,1610612764,1610612760,Regular Season,1
22000873,2021-04-19 20:00:00,1610612749,1610612756,Regular Season,0
22000869,2021-04-19 19:30:00,1610612738,1610612741,Regular Season,0
22000870,2021-04-19 19:30:00,1610612755,1610612744,Regular Season,0
22000868,2021-04-19 19:00:00,1610612765,1610612739,Regular Season,1
22000867,2021-04-18 22:00:00,1610612746,1610612750,Regular Season,1
22000866,2021-04-18 19:30:00,1610612742,1610612758,Regular Season,0
22000362,2021-04-18 19:00:00,1610612766,1610612757,Regular Season,1
22000864,2021-04-18 19:00:00,1610612753,1610612745,Regular Season,0
22000865,2021-04-18 19:00:00,1610612761,1610612760,Regular Season,1
22000863,2021-04-18 15:30:00,1610612748,1610612751,Regular Season,1
22000861,2021-04-18 13:00:00,1610612737,1610612754,Regular Season,1
22000862,2021-04-18 13:00:00,1610612752,1610612740,Regular Season,1
22000860,2021-04-17 22:00:00,1610612756,1610612759,Regular Season,0
22000859,2021-04-17 21:00:00,1610612749,1610612763,Regular Season,0
22000858,2021-04-17 20:30:00,1610612738,1610612744,Regular Season,1
22000856,2021-04-17 20:00:00,1610612764,1610612765,Regular Season,1
22000857,2021-04-17 20:00:00,1610612741,1610612739,Regular Season,1
22000855,2021-04-17 16:30:00,1610612747,1610612762,Regular Season,1
22000854,2021-04-16 21:30:00,1610612742,1610612752,Regular Season,0
22000853,2021-04-16 20:30:00,1610612759,1610612757,Regular Season,0
22000850,2021-04-16 20:00:00,1610612741,1610612763,Regular Season,0
22000851,2021-04-16 20:00:00,1610612745,1610612743,Regular Season,0
22000852,2021-04-16 20:00:00,1610612750,1610612748,Regular Season,1
22000848,2021-04-16 19:30:00,1610612751,1610612766,Regular Season,1
22000849,2021-04-16 19:30:00,1610612761,1610612753,Regular Season,1
22000845,2021-04-16 19:00:00,1610612765,1610612760,Regular Season,1
22000846,2021-04-16 19:00:00,1610612755,1610612746,Regular Season,1
22000847,2021-04-16 19:00:00,1610612764,1610612740,Regular Season,1
22000844,2021-04-16 15:00:00,1610612762,1610612754,Regular Season,1
22000842,2021-04-15 22:00:00,1610612747,1610612738,Regular Season,0
22000843,2021-04-15 22:00:00,1610612756,1610612758,Regular Season,1
22000841,2021-04-15 20:00:00,1610612739,1610612744,Regular Season,0
22000840,2021-04-15 19:30:00,1610612737,1610612749,Regular Season,0
22000838,2021-04-14 22:00:00,1610612743,1610612748,Regular Season,1
22000839,2021-04-14 22:00:00,1610612758,1610612764,Regular Season,0
22000837,2021-04-14 21:30:00,1610612763,1610612742,Regular Season,0
22000461,2021-04-14 21:00:00,1610612745,1610612754,Regular Season,0
22000836,2021-04-14 21:00:00,1610612760,1610612744,Regular Season,0
22000832,2021-04-14 20:00:00,1610612765,1610612746,Regular Season,0
22000833,2021-04-14 20:00:00,1610612741,1610612753,Regular Season,0
22000835,2021-04-14 20:00:00,1610612740,1610612752,Regular Season,0
22000831,2021-04-14 19:30:00,1610612761,1610612759,Regular Season,1
22000829,2021-04-14 19:00:00,1610612766,1610612739,Regular Season,0
22000830,2021-04-14 19:00:00,1610612755,1610612751,Regular Season,1
22000834,2021-04-14 16:30:00,1610612750,1610612749,Regular Season,0
22000827,2021-04-13 22:00:00,1610612756,1610612748,Regular Season,1
22000828,2021-04-13 22:00:00,1610612757,1610612738,Regular Season,0
22000826,2021-04-13 21:00:00,1610612762,1610612760,Regular Season,1
22000825,2021-04-13 20:00:00,1610612766,1610612747,Regular Season,0
22000823,2021-04-13 19:30:00,1610612754,1610612746,Regular Season,0
22000824,2021-04-13 19:30:00,1610612761,1610612737,Regular Season,0
22000817,2021-04-13 16:00:00,1610612750,1610612751,Regular Season,0
22000821,2021-04-12 22:00:00,1610612744,1610612743,Regular Season,1
22000822,2021-04-12 22:00:00,1610612756,1610612745,Regular Season,1
22000278,2021-04-12 21:00:00,1610612763,1610612741,Regular Season,1
22000819,2021-04-12 21:00:00,1610612740,1610612758,Regular Season,1
22000820,2021-04-12 21:00:00,1610612762,1610612764,Regular Season,0
22000816,2021-04-12 20:00:00,1610612753,1610612759,Regular Season,0
22000815,2021-04-12 19:30:00,1610612752,1610612747,Regular Season,1
22000818,2021-04-12 19:30:00,1610612742,1610612755,Regular Season,0
22000813,2021-04-11 22:00:00,1610612746,1610612765,Regular Season,1
22000814,2021-04-11 22:00:00,1610612757,1610612748,Regular Season,0
22000809,2021-04-11 20:00:00,1610612752,1610612761,Regular Season,1
22000810,2021-04-11 20:00:00,1610612742,1610612759,Regular Season,0
22000811,2021-04-11 20:00:00,1610612763,1610612754,Regular Season,0
22000812,2021-04-11 20:00:00,1610612750,1610612741,Regular Season,1
22000807,2021-04-11 19:00:00,1610612739,1610612740,Regular Season,0
22000808,2021-04-11 19:00:00,1610612753,1610612749,Regular Season,0
22000806,2021-04-11 15:00:00,1610612743,1610612738,Regular Season,0
22000805,2021-04-11 13:00:00,1610612766,1610612737,Regular Season,0
22000802,2021-04-10 22:00:00,1610612744,1610612745,Regular Season,1
22000803,2021-04-10 22:00:00,1610612756,1610612764,Regular Season,1
22000804,2021-04-10 22:00:00,1610612757,1610612765,Regular Season,1
22000199,2021-04-10 21:00:00,1610612760,1610612755,Regular Season,0
22000801,2021-04-10 21:00:00,1610612762,1610612758,Regular Season,1
22000800,2021-04-10 20:30:00,1610612751,1610612747,Regular Season,0
22000794,2021-04-10 19:30:00,1610612739,1610612761,Regular Season,0
22000798,2021-04-09 22:00:00,1610612744,1610612764,Regular Season,0
22000799,2021-04-09 22:00:00,1610612746,1610612745,Regular Season,1
22000796,2021-04-09 21:00:00,1610612749,1610612766,Regular Season,0
22000797,2021-04-09 21:00:00,1610612743,1610612759,Regular Season,1
22000791,2021-04-09 20:00:00,1610612737,1610612741,Regular Season,1
22000795,2021-04-09 20:00:00,1610612740,1610612755,Regular Season,1
22000792,2021-04-09 19:30:00,1610612738,1610612750,Regular Season,1
22000793,2021-04-09 19:30:00,1610612752,1610612763,Regular Season,1
22000790,2021-04-09 19:00:00,1610612753,1610612754,Regular Season,0
22000787,2021-04-08 22:00:00,1610612762,1610612757,Regular Season,1
22000788,2021-04-08 22:00:00,1610612746,1610612756,Regular Season,1
22000789,2021-04-08 22:00:00,1610612758,1610612765,Regular Season,0
22000786,2021-04-08 21:00:00,1610612742,1610612749,Regular Season,1
22000785,2021-04-08 20:00:00,1610612760,1610612739,Regular Season,0
22000523,2021-04-08 19:30:00,1610612761,1610612741,Regular Season,0
22000784,2021-04-08 19:30:00,1610612748,1610612747,Regular Season,1
22000783,2021-04-07 22:00:00,1610612756,1610612762,Regular Season,1
22000782,2021-04-07 21:00:00,1610612743,1610612759,Regular Season,1
22000456,2021-04-07 20:00:00,1610612745,1610612742,Regular Season,1
22000780,2021-04-07 20:00:00,1610612737,1610612763,Regular Season,0
22000781,2021-04-07 20:00:00,1610612760,1610612766,Regular Season,0
22000778,2021-04-07 19:30:00,1610612738,1610612752,Regular Season,1
22000779,2021-04-07 19:30:00,1610612751,1610612740,Regular Season,1
22000776,2021-04-07 19:00:00,1610612754,1610612750,Regular Season,1
22000777,2021-04-07 19:00:00,1610612753,1610612764,Regular Season,0
22000774,2021-04-06 22:00:00,1610612744,1610612749,Regular Season,1
22000775,2021-04-06 22:00:00,1610612746,1610612757,Regular Season,1
22000321,2021-04-06 21:00:00,1610612743,1610612765,Regular Season,1
22000773,2021-04-06 20:00:00,1610612748,1610612763,Regular Season,0
22000770,2021-04-06 19:30:00,1610612737,1610612740,Regular Season,1
22000771,2021-04-06 19:30:00,1610612738,1610612755,Regular Season,0
22000772,2021-04-06 19:30:00,1610612761,1610612747,Regular Season,0
22000769,2021-04-06 19:00:00,1610612754,1610612741,Regular Season,0
22000768,2021-04-05 20:00:00,1610612745,1610612756,Regular Season,0
22000762,2021-04-05 19:00:00,1610612751,1610612752,Regular Season,1
22000763,2021-04-05 19:00:00,1610612761,1610612764,Regular Season,1
22000764,2021-04-05 19:00:00,1610612742,1610612762,Regular Season,1
22000765,2021-04-05 19:00:00,1610612750,1610612758,Regular Season,1
22000766,2021-04-05 19:00:00,1610612760,1610612765,Regular Season,0
22000767,2021-04-05 19:00:00,1610612759,1610612739,Regular Season,0
22000761,2021-04-04 22:00:00,1610612743,1610612753,Regular Season,1
22000760,2021-04-04 20:00:00,1610612745,1610612740,Regular Season,0
22000759,2021-04-04 19:30:00,1610612737,1610612744,Regular Season,1
22000758,2021-04-04 19:00:00,1610612755,1610612763,Regular Season,0
22000757,2021-04-04 18:00:00,1610612738,1610612766,Regular Season,1
22000756,2021-04-04 15:30:00,1610612746,1610612747,Regular Season,1
22000755,2021-04-04 14:00:00,1610612741,1610612751,Regular Season,1
22000753,2021-04-03 22:00:00,1610612757,1610612760,Regular Season,1
22000754,2021-04-03 22:00:00,1610612758,1610612749,Regular Season,0
22000751,2021-04-03 21:00:00,1610612759,1610612754,Regular Season,0
22000752,2021-04-03 21:00:00,1610612762,1610612753,Regular Season,1
22000748,2021-04-03 20:00:00,1610612765,1610612752,Regular Season,0
22000749,2021-04-03 20:00:00,1610612748,1610612739,Regular Season,1
22000750,2021-04-03 20:00:00,1610612755,1610612750,Regular Season,1
22000747,2021-04-03 19:00:00,1610612764,1610612742,Regular Season,0
22000744,2021-04-02 22:00:00,1610612756,1610612760,Regular Season,1
22000745,2021-04-02 22:00:00,1610612757,1610612749,Regular Season,0
22000746,2021-04-02 22:00:00,1610612758,1610612747,Regular Season,0
22000742,2021-04-02 21:00:00,1610612740,1610612737,Regular Season,0
22000743,2021-04-02 21:00:00,1610612762,1610612741,Regular Season,1
22000740,2021-04-02 20:00:00,1610612754,1610612766,Regular Season,0
22000741,2021-04-02 20:00:00,1610612763,1610612750,Regular Season,1
22000738,2021-04-02 19:30:00,1610612738,1610612745,Regular Season,1
22000739,2021-04-02 19:30:00,1610612752,1610612742,Regular Season,0
22000737,2021-04-02 19:00:00,1610612761,1610612744,Regular Season,1
22000736,2021-04-01 22:00:00,1610612746,1610612743,Regular Season,0
22000735,2021-04-01 20:30:00,1610612759,1610612737,Regular Season,0
22000733,2021-04-01 20:00:00,1610612748,1610612744,Regular Season,1
22000734,2021-04-01 20:00:00,1610612740,1610612753,Regular Season,0
22000732,2021-04-01 19:30:00,1610612751,1610612766,Regular Season,1
22000179,2021-04-01 19:00:00,1610612765,1610612764,Regular Season,1
22000731,2021-04-01 19:00:00,1610612739,1610612755,Regular Season,0
22000729,2021-03-31 22:00:00,1610612747,1610612749,Regular Season,0
22000730,2021-03-31 22:00:00,1610612756,1610612741,Regular Season,1
22000728,2021-03-31 20:30:00,1610612759,1610612758,Regular Season,1
22000725,2021-03-31 20:00:00,1610612763,1610612762,Regular Season,0
22000726,2021-03-31 20:00:00,1610612750,1610612752,Regular Season,1
22000727,2021-03-31 20:00:00,1610612760,1610612761,Regular Season,1
22000723,2021-03-31 19:30:00,1610612738,1610612742,Regular Season,0
22000724,2021-03-31 19:30:00,1610612751,1610612745,Regular Season,1
22000721,2021-03-31 19:00:00,1610612765,1610612757,Regular Season,0
22000722,2021-03-31 19:00:00,1610612754,1610612748,Regular Season,0
22000171,2021-03-30 22:00:00,1610612756,1610612737,Regular Season,1
22000720,2021-03-30 22:00:00,1610612746,1610612753,Regular Season,0
22000719,2021-03-30 21:00:00,1610612743,1610612755,Regular Season,1
22000718,2021-03-30 19:00:00,1610612764,1610612766,Regular Season,0
22000716,2021-03-29 22:00:00,1610612744,1610612741,Regular Season,1
22000717,2021-03-29 22:00:00,1610612746,1610612749,Regular Season,1
22000715,2021-03-29 21:00:00,1610612762,1610612739,Regular Season,1
22000714,2021-03-29 20:30:00,1610612759,1610612758,Regular Season,0
22000711,2021-03-29 20:00:00,1610612765,1610612761,Regular Season,1
22000712,2021-03-29 20:00:00,1610612745,1610612763,Regular Season,0
22000713,2021-03-29 20:00:00,1610612760,1610612742,Regular Season,0
22000708,2021-03-29 19:30:00,1610612738,1610612740,Regular Season,0
22000709,2021-03-29 19:30:00,1610612751,1610612750,Regular Season,1
22000710,2021-03-29 19:30:00,1610612752,1610612748,Regular Season,0
22000707,2021-03-29 19:00:00,1610612764,1610612754,Regular Season,1
22000706,2021-03-28 22:00:00,1610612747,1610612753,Regular Season,1
22000705,2021-03-28 21:00:00,1610612743,1610612737,Regular Season,1
22000704,2021-03-28 19:00:00,1610612761,1610612757,Regular Season,0
22000703,2021-03-28 13:00:00,1610612766,1610612756,Regular Season,0
22000701,2021-03-27 22:00:00,1610612746,1610612755,Regular Season,1
22000702,2021-03-27 22:00:00,1610612758,1610612739,Regular Season,1
22000698,2021-03-27 21:00:00,1610612740,1610612742,Regular Season,1
22000699,2021-03-27 21:00:00,1610612760,1610612738,Regular Season,0
22000700,2021-03-27 21:00:00,1610612762,1610612763,Regular Season,1
22000697,2021-03-27 20:30:00,1610612759,1610612741,Regular Season,1
22000694,2021-03-27 20:00:00,1610612764,1610612765,Regular Season,1
22000695,2021-03-27 20:00:00,1610612749,1610612752,Regular Season,0
22000696,2021-03-27 20:00:00,1610612750,1610612745,Regular Season,0
22000693,2021-03-26 22:30:00,1610612747,1610612739,Regular Season,1
22000692,2021-03-26 22:00:00,1610612744,1610612737,Regular Season,0
22000691,2021-03-26 21:00:00,1610612762,1610612763,Regular Season,1
22000690,2021-03-26 20:30:00,1610612742,1610612754,Regular Season,0
22000686,2021-03-26 20:00:00,1610612766,1610612748,Regular Season,1
22000687,2021-03-26 20:00:00,1610612753,1610612757,Regular Season,0
22000688,2021-03-26 20:00:00,1610612750,1610612745,Regular Season,1
22000689,2021-03-26 20:00:00,1610612740,1610612743,Regular Season,0
22000684,2021-03-26 19:30:00,1610612761,1610612756,Regular Season,0
22000685,2021-03-26 19:30:00,1610612749,1610612738,Regular Season,0
22000683,2021-03-26 19:00:00,1610612765,1610612751,Regular Season,0
22000681,2021-03-25 22:00:00,1610612747,1610612755,Regular Season,0
22000682,2021-03-25 22:00:00,1610612758,1610612744,Regular Season,1
22000680,2021-03-25 20:30:00,1610612759,1610612746,Regular Season,0
22000678,2021-03-25 19:30:00,1610612748,1610612757,Regular Season,0
22000679,2021-03-25 19:30:00,1610612752,1610612764,Regular Season,1
22000676,2021-03-24 22:00:00,1610612762,1610612751,Regular Season,1
22000677,2021-03-24 22:00:00,1610612758,1610612737,Regular Season,1
22000675,2021-03-24 20:30:00,1610612759,1610612746,Regular Season,0
22000670,2021-03-24 20:00:00,1610612753,1610612756,Regular Season,1
22000671,2021-03-24 20:00:00,1610612741,1610612739,Regular Season,0
22000672,2021-03-24 20:00:00,1610612745,1610612766,Regular Season,0
22000673,2021-03-24 20:00:00,1610612750,1610612742,Regular Season,0
22000674,2021-03-24 20:00:00,1610612760,1610612763,Regular Season,0
22000668,2021-03-24 19:30:00,1610612761,1610612743,Regular Season,1
22000669,2021-03-24 19:30:00,1610612749,1610612738,Regular Season,1
22000667,2021-03-24 19:00:00,1610612754,1610612765,Regular Season,1
22000665,2021-03-23 22:00:00,1610612744,1610612755,Regular Season,0
22000666,2021-03-23 22:00:00,1610612757,1610612751,Regular Season,0
22000664,2021-03-23 20:00:00,1610612748,1610612756,Regular Season,0
22000662,2021-03-23 19:30:00,1610612752,1610612764,Regular Season,1
22000663,2021-03-23 19:30:00,1610612740,1610612747,Regular Season,1
22000661,2021-03-23 19:00:00,1610612753,1610612743,Regular Season,0
22000660,2021-03-22 22:00:00,1610612746,1610612737,Regular Season,1
22000656,2021-03-22 21:00:00,1610612741,1610612762,Regular Season,0
22000657,2021-03-22 21:00:00,1610612745,1610612761,Regular Season,1
22000658,2021-03-22 21:00:00,1610612763,1610612738,Regular Season,1
22000659,2021-03-22 21:00:00,1610612749,1610612754,Regular Season,1
22000655,2021-03-22 20:30:00,1610612759,1610612766,Regular Season,0
22000654,2021-03-22 20:00:00,1610612750,1610612760,Regular Season,0
22000653,2021-03-22 19:30:00,1610612739,1610612758,Regular Season,0
22000651,2021-03-21 22:00:00,1610612756,1610612747,Regular Season,1
22000652,2021-03-21 22:00:00,1610612757,1610612742,Regular Season,0
22000650,2021-03-21 20:00:00,1610612752,1610612755,Regular Season,0
22000647,2021-03-21 19:00:00,1610612751,1610612764,Regular Season,1
22000648,2021-03-21 19:00:00,1610612739,1610612761,Regular Season,1
22000649,2021-03-21 19:00:00,1610612765,1610612741,Regular Season,0
22000167,2021-03-21 15:30:00,1610612738,1610612753,Regular Season,1
22000646,2021-03-21 15:00:00,1610612743,1610612740,Regular Season,0
22000016,2021-03-21 14:00:00,1610612745,1610612760,Regular Season,0
22000645,2021-03-21 13:00:00,1610612748,1610612754,Regular Season,0
22000644,2021-03-20 22:00:00,1610612746,1610612766,Regular Season,1
22000643,2021-03-20 21:00:00,1610612749,1610612759,Regular Season,1
22000641,2021-03-20 20:00:00,1610612755,1610612758,Regular Season,1
22000642,2021-03-20 20:00:00,1610612763,1610612744,Regular Season,1
22000640,2021-03-20 15:30:00,1610612747,1610612737,Regular Season,0
22000638,2021-03-19 22:00:00,1610612756,1610612750,Regular Season,1
22000639,2021-03-19 22:00:00,1610612757,1610612742,Regular Season,1
22000637,2021-03-19 21:00:00,1610612743,1610612741,Regular Season,1
22000632,2021-03-19 20:00:00,1610612748,1610612754,Regular Season,0
22000633,2021-03-19 20:00:00,1610612753,1610612751,Regular Season,1
22000634,2021-03-19 20:00:00,1610612761,1610612762,Regular Season,0
22000635,2021-03-19 20:00:00,1610612745,1610612765,Regular Season,0
22000636,2021-03-19 20:00:00,1610612763,1610612744,Regular Season,0
22000435,2021-03-19 19:30:00,1610612739,1610612759,Regular Season,0
22000631,2021-03-19 19:30:00,1610612738,1610612758,Regular Season,0
22000630,2021-03-18 22:30:00,1610612747,1610612766,Regular Season,1
22000628,2021-03-18 22:00:00,1610612756,1610612750,Regular Season,0
22000629,2021-03-18 22:00:00,1610612757,1610612740,Regular Season,1
22000626,2021-03-18 19:30:00,1610612737,1610612760,Regular Season,1
22000627,2021-03-18 19:30:00,1610612752,1610612753,Regular Season,1
22000166,2021-03-18 19:00:00,1610612764,1610612762,Regular Season,1
22000625,2021-03-17 21:30:00,1610612742,1610612746,Regular Season,1
22000623,2021-03-17 21:00:00,1610612763,1610612748,Regular Season,1
22000624,2021-03-17 21:00:00,1610612743,1610612766,Regular Season,1
22000620,2021-03-17 20:00:00,1610612739,1610612738,Regular Season,1
22000621,2021-03-17 20:00:00,1610612741,1610612759,Regular Season,0
22000622,2021-03-17 20:00:00,1610612745,1610612744,Regular Season,0
22000616,2021-03-17 19:00:00,1610612765,1610612761,Regular Season,1
22000617,2021-03-17 19:00:00,1610612754,1610612751,Regular Season,0
22000618,2021-03-17 19:00:00,1610612755,1610612749,Regular Season,0
22000619,2021-03-17 19:00:00,1610612764,1610612758,Regular Season,0
22000615,2021-03-16 22:30:00,1610612747,1610612750,Regular Season,1
22000614,2021-03-16 22:00:00,1610612757,1610612740,Regular Season,1
22000610,2021-03-16 20:00:00,1610612748,1610612739,Regular Season,1
22000611,2021-03-16 20:00:00,1610612755,1610612752,Regular Season,1
22000612,2021-03-16 20:00:00,1610612741,1610612760,Regular Season,1
22000613,2021-03-16 20:00:00,1610612745,1610612737,Regular Season,0
22000609,2021-03-16 19:30:00,1610612738,1610612762,Regular Season,0
22000608,2021-03-15 22:30:00,1610612744,1610612747,Regular Season,0
22000606,2021-03-15 22:00:00,1610612743,1610612754,Regular Season,1
22000607,2021-03-15 22:00:00,1610612756,1610612763,Regular Season,1
22000605,2021-03-15 21:00:00,1610612742,1610612746,Regular Season,0
22000428,2021-03-15 20:00:00,1610612765,1610612759,Regular Season,0
22000604,2021-03-15 20:00:00,1610612751,1610612752,Regular Season,1
22000602,2021-03-15 19:00:00,1610612766,1610612758,Regular Season,1
22000603,2021-03-15 19:00:00,1610612764,1610612749,Regular Season,0
22000600,2021-03-14 21:00:00,1610612741,1610612761,Regular Season,1
22000601,2021-03-14 21:00:00,1610612740,1610612746,Regular Season,1
22000598,2021-03-14 20:00:00,1610612745,1610612738,Regular Season,0
22000599,2021-03-14 20:00:00,1610612750,1610612757,Regular Season,1
22000597,2021-03-14 19:30:00,1610612737,1610612739,Regular Season,1
22000596,2021-03-14 19:00:00,1610612753,1610612748,Regular Season,0
22000595,2021-03-14 18:30:00,1610612755,1610612759,Regular Season,1
22000594,2021-03-14 16:00:00,1610612744,1610612762,Regular Season,1
22000593,2021-03-14 14:00:00,1610612760,1610612763,Regular Season,1
22000194,2021-03-13 22:00:00,1610612756,1610612754,Regular Season,0
22000592,2021-03-13 22:00:00,1610612743,1610612742,Regular Season,0
22000591,2021-03-13 20:00:00,1610612750,1610612757,Regular Season,0
22000590,2021-03-13 19:30:00,1610612737,1610612758,Regular Season,1
22000587,2021-03-13 19:00:00,1610612751,1610612765,Regular Season,1
22000588,2021-03-13 19:00:00,1610612766,1610612761,Regular Season,1
22000589,2021-03-13 19:00:00,1610612764,1610612749,Regular Season,0
22000586,2021-03-13 14:00:00,1610612760,1610612752,Regular Season,0
22000585,2021-03-12 22:30:00,1610612747,1610612754,Regular Season,1
22000584,2021-03-12 22:00:00,1610612762,1610612745,Regular Season,1
22000582,2021-03-12 21:00:00,1610612741,1610612748,Regular Season,0
22000583,2021-03-12 21:00:00,1610612759,1610612753,Regular Season,1
22000579,2021-03-12 20:00:00,1610612764,1610612755,Regular Season,0
22000580,2021-03-12 20:00:00,1610612763,1610612743,Regular Season,0
22000581,2021-03-12 20:00:00,1610612740,1610612739,Regular Season,1
22000576,2021-03-11 22:00:00,1610612746,1610612744,Regular Season,1
22000577,2021-03-11 22:00:00,1610612757,1610612756,Regular Season,0
22000578,2021-03-11 22:00:00,1610612758,1610612745,Regular Season,1
22000575,2021-03-11 21:00:00,1610612760,1610612742,Regular Season,1
22000571,2021-03-11 20:00:00,1610612748,1610612753,Regular Season,1
22000572,2021-03-11 20:00:00,1610612741,1610612755,Regular Season,0
22000573,2021-03-11 20:00:00,1610612749,1610612752,Regular Season,1
22000574,2021-03-11 20:00:00,1610612740,1610612750,Regular Season,0
22000569,2021-03-11 19:30:00,1610612751,1610612738,Regular Season,1
22000570,2021-03-11 19:30:00,1610612761,1610612737,Regular Season,0
22000568,2021-03-11 19:00:00,1610612766,1610612765,Regular Season,1
22000567,2021-03-10 20:30:00,1610612742,1610612759,Regular Season,1
22000566,2021-03-10 20:00:00,1610612763,1610612764,Regular Season,1
22000185,2021-03-04 22:00:00,1610612756,1610612744,Regular Season,1
22000558,2021-03-04 22:00:00,1610612757,1610612758,Regular Season,1
22000556,2021-03-04 21:00:00,1610612759,1610612760,Regular Season,0
22000557,2021-03-04 20:30:00,1610612740,1610612748,Regular Season,0
22000553,2021-03-04 20:00:00,1610612754,1610612743,Regular Season,0
22000555,2021-03-04 20:00:00,1610612763,1610612749,Regular Season,0
22000565,2021-03-04 19:30:00,1610612752,1610612765,Regular Season,1
22000552,2021-03-04 19:00:00,1610612738,1610612761,Regular Season,1
22000554,2021-03-04 19:00:00,1610612764,1610612746,Regular Season,1
22000550,2021-03-03 22:00:00,1610612757,1610612744,Regular Season,1
22000551,2021-03-03 22:00:00,1610612758,1610612747,Regular Season,1
22000549,2021-03-03 20:30:00,1610612742,1610612760,Regular Season,1
22000544,2021-03-03 20:00:00,1610612753,1610612737,Regular Season,0
22000547,2021-03-03 20:00:00,1610612750,1610612766,Regular Season,0
22000548,2021-03-03 20:00:00,1610612740,1610612741,Regular Season,0
22000546,2021-03-03 19:30:00,1610612745,1610612751,Regular Season,0
22000539,2021-03-03 19:00:00,1610612761,1610612765,Regular Season,0
22000543,2021-03-03 19:00:00,1610612739,1610612754,Regular Season,0
22000545,2021-03-03 19:00:00,1610612755,1610612762,Regular Season,1
22000542,2021-03-02 22:00:00,1610612747,1610612756,Regular Season,0
22000540,2021-03-02 21:00:00,1610612749,1610612743,Regular Season,0
22000541,2021-03-02 20:30:00,1610612759,1610612752,Regular Season,1
22000537,2021-03-02 19:30:00,1610612738,1610612746,Regular Season,1
22000538,2021-03-02 19:30:00,1610612748,1610612737,Regular Season,0
22000536,2021-03-02 19:00:00,1610612764,1610612763,Regular Season,0
22000535,2021-03-01 22:30:00,1610612757,1610612766,Regular Season,1
22000532,2021-03-01 21:00:00,1610612745,1610612739,Regular Season,0
22000534,2021-03-01 20:30:00,1610612759,1610612751,Regular Season,0
22000531,2021-03-01 20:00:00,1610612741,1610612743,Regular Season,0
22000533,2021-03-01 20:00:00,1610612740,1610612762,Regular Season,1
22000529,2021-03-01 19:00:00,1610612753,1610612742,Regular Season,0
22000530,2021-03-01 19:00:00,1610612755,1610612754,Regular Season,1
22000528,2021-02-28 22:00:00,1610612758,1610612766,Regular Season,0
22000526,2021-02-28 21:00:00,1610612750,1610612756,Regular Season,0
22000521,2021-02-28 20:00:00,1610612765,1610612752,Regular Season,0
22000522,2021-02-28 20:00:00,1610612748,1610612737,Regular Season,1
22000525,2021-02-28 20:00:00,1610612745,1610612763,Regular Season,0
22000527,2021-02-28 20:00:00,1610612747,1610612744,Regular Season,1
22000524,2021-02-28 19:00:00,1610612738,1610612764,Regular Season,1
22000520,2021-02-28 15:30:00,1610612749,1610612746,Regular Season,1
22000519,2021-02-27 20:30:00,1610612751,1610612742,Regular Season,0
22000514,2021-02-27 20:00:00,1610612759,1610612740,Regular Season,1
22000515,2021-02-27 20:00:00,1610612752,1610612754,Regular Season,1
22000516,2021-02-27 20:00:00,1610612753,1610612762,Regular Season,0
22000518,2021-02-27 20:00:00,1610612760,1610612743,Regular Season,0
22000513,2021-02-27 19:00:00,1610612755,1610612739,Regular Season,0
22000517,2021-02-27 19:00:00,1610612764,1610612750,Regular Season,1
22000511,2021-02-26 22:00:00,1610612744,1610612766,Regular Season,1
22000512,2021-02-26 22:00:00,1610612747,1610612757,Regular Season,1
22000504,2021-02-26 20:00:00,1610612765,1610612758,Regular Season,0
22000507,2021-02-26 20:00:00,1610612748,1610612762,Regular Season,1
22000508,2021-02-26 20:00:00,1610612741,1610612756,Regular Season,0
22000509,2021-02-26 20:00:00,1610612763,1610612746,Regular Season,0
22000510,2021-02-26 20:00:00,1610612760,1610612737,Regular Season,1
22000505,2021-02-26 19:30:00,1610612738,1610612754,Regular Season,1
22000506,2021-02-26 19:30:00,1610612761,1610612745,Regular Season,1
22000503,2021-02-25 21:30:00,1610612749,1610612740,Regular Season,1
22000502,2021-02-25 21:00:00,1610612743,1610612764,Regular Season,0
22000501,2021-02-25 20:00:00,1610612763,1610612746,Regular Season,1
22000499,2021-02-25 19:30:00,1610612751,1610612753,Regular Season,1
22000500,2021-02-25 19:30:00,1610612752,1610612758,Regular Season,1
22000498,2021-02-25 19:00:00,1610612755,1610612742,Regular Season,1
22000497,2021-02-24 22:00:00,1610612762,1610612747,Regular Season,1
22000496,2021-02-24 21:00:00,1610612756,1610612766,Regular Season,0
22000492,2021-02-24 20:00:00,1610612748,1610612761,Regular Season,1
22000493,2021-02-24 20:00:00,1610612741,1610612750,Regular Season,1
22000494,2021-02-24 20:00:00,1610612740,1610612765,Regular Season,1
22000495,2021-02-24 20:00:00,1610612760,1610612759,Regular Season,1
22000489,2021-02-24 19:30:00,1610612754,1610612744,Regular Season,0
22000490,2021-02-24 19:30:00,1610612737,1610612738,Regular Season,1
22000491,2021-02-24 19:30:00,1610612739,1610612745,Regular Season,1
22000487,2021-02-23 22:00:00,1610612743,1610612757,Regular Season,1
22000488,2021-02-23 22:00:00,1610612746,1610612764,Regular Season,1
22000486,2021-02-23 20:00:00,1610612749,1610612750,Regular Season,1
22000482,2021-02-23 19:30:00,1610612751,1610612758,Regular Season,1
22000483,2021-02-23 19:30:00,1610612752,1610612744,Regular Season,0
22000484,2021-02-23 19:30:00,1610612761,1610612755,Regular Season,0
22000485,2021-02-23 19:30:00,1610612742,1610612738,Regular Season,1
22000480,2021-02-23 19:00:00,1610612739,1610612737,Regular Season,1
22000481,2021-02-23 19:00:00,1610612753,1610612765,Regular Season,0
22000479,2021-02-22 22:00:00,1610612747,1610612764,Regular Season,0
22000475,2021-02-22 21:00:00,1610612760,1610612748,Regular Season,0
22000477,2021-02-22 21:00:00,1610612756,1610612757,Regular Season,1
22000478,2021-02-22 21:00:00,1610612762,1610612766,Regular Season,1
22000476,2021-02-22 20:30:00,1610612742,1610612763,Regular Season,1
22000474,2021-02-22 20:00:00,1610612745,1610612741,Regular Season,0
22000471,2021-02-21 21:00:00,1610612749,1610612758,Regular Season,1
22000472,2021-02-21 20:00:00,1610612746,1610612751,Regular Season,0
22000470,2021-02-21 19:30:00,1610612737,1610612743,Regular Season,1
22000466,2021-02-21 19:00:00,1610612739,1610612760,Regular Season,0
22000467,2021-02-21 19:00:00,1610612753,1610612765,Regular Season,1
22000468,2021-02-21 19:00:00,1610612761,1610612755,Regular Season,1
22000469,2021-02-21 19:00:00,1610612752,1610612750,Regular Season,1
22000465,2021-02-21 15:30:00,1610612740,1610612738,Regular Season,1
22000464,2021-02-20 22:00:00,1610612757,1610612764,Regular Season,0
22000460,2021-02-20 21:00:00,1610612741,1610612758,Regular Season,1
22000462,2021-02-20 21:00:00,1610612763,1610612756,Regular Season,0
22000463,2021-02-20 20:30:00,1610612747,1610612748,Regular Season,0
22000459,2021-02-20 20:00:00,1610612766,1610612744,Regular Season,1
22000457,2021-02-19 22:00:00,1610612746,1610612762,Regular Season,1
22000454,2021-02-19 21:00:00,1610612750,1610612761,Regular Season,0
22000452,2021-02-19 20:00:00,1610612763,1610612765,Regular Season,1
22000453,2021-02-19 20:00:00,1610612749,1610612760,Regular Season,1
22000455,2021-02-19 20:00:00,1610612740,1610612756,Regular Season,0
22000450,2021-02-19 19:30:00,1610612755,1610612741,Regular Season,1
22000451,2021-02-19 19:30:00,1610612738,1610612737,Regular Season,1
22000449,2021-02-19 19:00:00,1610612753,1610612744,Regular Season,1
22000563,2021-02-19 19:00:00,1610612739,1610612743,Regular Season,0
22000446,2021-02-18 22:00:00,1610612747,1610612751,Regular Season,0
22000447,2021-02-18 22:00:00,1610612758,1610612748,Regular Season,0
22000445,2021-02-18 19:30:00,1610612749,1610612761,Regular Season,0
22000443,2021-02-17 22:00:00,1610612744,1610612748,Regular Season,1
22000444,2021-02-17 22:00:00,1610612746,1610612762,Regular Season,0
22000441,2021-02-17 21:00:00,1610612740,1610612757,Regular Season,0
22000562,2021-02-17 21:00:00,1610612763,1610612760,Regular Season,1
22000437,2021-02-17 20:00:00,1610612764,1610612743,Regular Season,1
22000440,2021-02-17 20:00:00,1610612750,1610612754,Regular Season,0
22000564,2021-02-17 20:00:00,1610612741,1610612765,Regular Season,1
22000438,2021-02-17 19:30:00,1610612738,1610612737,Regular Season,0
22000439,2021-02-17 19:30:00,1610612755,1610612745,Regular Season,1
22000436,2021-02-17 19:00:00,1610612753,1610612752,Regular Season,1
22000433,2021-02-16 22:30:00,1610612756,1610612751,Regular Season,0
22000429,2021-02-16 20:00:00,1610612763,1610612740,Regular Season,0
22000430,2021-02-16 20:00:00,1610612749,1610612761,Regular Season,0
22000431,2021-02-16 20:00:00,1610612750,1610612747,Regular Season,0
22000432,2021-02-16 20:00:00,1610612760,1610612757,Regular Season,0
22000427,2021-02-16 19:00:00,1610612738,1610612743,Regular Season,1
22000424,2021-02-15 22:00:00,1610612744,1610612739,Regular Season,1
22000425,2021-02-15 22:00:00,1610612746,1610612748,Regular Season,1
22000426,2021-02-15 22:00:00,1610612758,1610612751,Regular Season,0
22000423,2021-02-15 21:00:00,1610612762,1610612755,Regular Season,1
22000422,2021-02-15 19:30:00,1610612752,1610612737,Regular Season,1
22000420,2021-02-15 19:00:00,1610612754,1610612741,Regular Season,0
22000421,2021-02-15 19:00:00,1610612764,1610612745,Regular Season,1
22000416,2021-02-14 22:00:00,1610612743,1610612747,Regular Season,1
22000418,2021-02-14 22:00:00,1610612758,1610612763,Regular Season,0
22000419,2021-02-14 22:00:00,1610612746,1610612739,Regular Season,1
22000417,2021-02-14 21:00:00,1610612756,1610612753,Regular Season,1
22000415,2021-02-14 20:00:00,1610612760,1610612749,Regular Season,1
22000411,2021-02-14 19:30:00,1610612742,1610612757,Regular Season,0
22000413,2021-02-14 19:00:00,1610612761,1610612750,Regular Season,0
22000414,2021-02-14 19:00:00,1610612766,1610612759,Regular Season,0
22000561,2021-02-14 19:00:00,1610612765,1610612740,Regular Season,1
22000560,2021-02-14 13:00:00,1610612764,1610612738,Regular Season,1
22000410,2021-02-13 21:00:00,1610612762,1610612748,Regular Season,1
22000409,2021-02-13 20:30:00,1610612744,1610612751,Regular Season,0
22000408,2021-02-13 20:00:00,1610612752,1610612745,Regular Season,1
22000407,2021-02-13 19:30:00,1610612737,1610612754,Regular Season,0
22000406,2021-02-13 15:00:00,1610612756,1610612755,Regular Season,1
22000403,2021-02-12 22:00:00,1610612747,1610612763,Regular Season,1
22000404,2021-02-12 22:00:00,1610612757,1610612739,Regular Season,1
22000405,2021-02-12 22:00:00,1610612758,1610612753,Regular Season,0
22000401,2021-02-12 21:00:00,1610612743,1610612760,Regular Season,1
22000402,2021-02-12 21:00:00,1610612762,1610612749,Regular Season,1
22000400,2021-02-12 20:00:00,1610612741,1610612746,Regular Season,0
22000412,2021-02-12 20:00:00,1610612738,1610612765,Regular Season,0
22000397,2021-02-12 19:30:00,1610612737,1610612759,Regular Season,0
22000399,2021-02-12 19:30:00,1610612742,1610612740,Regular Season,1
22000395,2021-02-12 19:00:00,1610612766,1610612750,Regular Season,1
22000396,2021-02-12 19:00:00,1610612764,1610612752,Regular Season,0
22000393,2021-02-11 22:00:00,1610612744,1610612753,Regular Season,1
22000394,2021-02-11 22:00:00,1610612757,1610612755,Regular Season,1
22000391,2021-02-11 20:00:00,1610612765,1610612754,Regular Season,0
22000392,2021-02-11 19:30:00,1610612745,1610612748,Regular Season,0
22000398,2021-02-11 19:30:00,1610612738,1610612761,Regular Season,1
22000389,2021-02-10 22:00:00,1610612756,1610612749,Regular Season,1
22000390,2021-02-10 22:00:00,1610612747,1610612760,Regular Season,1
22000385,2021-02-10 21:00:00,1610612741,1610612740,Regular Season,1
22000388,2021-02-10 21:00:00,1610612743,1610612739,Regular Season,1
22000383,2021-02-10 20:00:00,1610612751,1610612754,Regular Season,1
22000386,2021-02-10 20:00:00,1610612763,1610612766,Regular Season,1
22000387,2021-02-10 20:00:00,1610612750,1610612746,Regular Season,0
22000384,2021-02-10 19:30:00,1610612742,1610612737,Regular Season,1
22000382,2021-02-10 19:00:00,1610612764,1610612761,Regular Season,0
22000379,2021-02-09 22:00:00,1610612762,1610612738,Regular Season,1
22000380,2021-02-09 22:00:00,1610612757,1610612753,Regular Season,1
22000381,2021-02-09 22:00:00,1610612758,1610612755,Regular Season,0
22000378,2021-02-09 20:30:00,1610612759,1610612744,Regular Season,0
22000376,2021-02-09 19:30:00,1610612748,1610612752,Regular Season,1
22000377,2021-02-09 19:30:00,1610612740,1610612745,Regular Season,1
22000375,2021-02-09 19:00:00,1610612765,1610612751,Regular Season,1
22000374,2021-02-08 22:00:00,1610612747,1610612760,Regular Season,1
22000373,2021-02-08 21:30:00,1610612743,1610612749,Regular Season,0
22000372,2021-02-08 21:00:00,1610612756,1610612739,Regular Season,1
22000370,2021-02-08 20:30:00,1610612742,1610612750,Regular Season,1
22000371,2021-02-08 20:30:00,1610612759,1610612744,Regular Season,1
22000368,2021-02-08 20:00:00,1610612741,1610612764,Regular Season,0
22000369,2021-02-08 20:00:00,1610612763,1610612761,Regular Season,0
22000367,2021-02-08 19:00:00,1610612766,1610612745,Regular Season,1
22000366,2021-02-07 15:00:00,1610612746,1610612758,Regular Season,0
22000365,2021-02-07 14:00:00,1610612756,1610612738,Regular Season,1
22000215,2021-02-07 13:00:00,1610612766,1610612764,Regular Season,1
22000363,2021-02-07 13:00:00,1610612754,1610612762,Regular Season,0
22000364,2021-02-07 13:00:00,1610612752,1610612748,Regular Season,0
22000361,2021-02-06 22:00:00,1610612747,1610612765,Regular Season,1
22000355,2021-02-06 21:00:00,1610612740,1610612763,Regular Season,1
22000360,2021-02-06 20:30:00,1610612742,1610612744,Regular Season,1
22000354,2021-02-06 20:00:00,1610612755,1610612751,Regular Season,1
22000356,2021-02-06 20:00:00,1610612737,1610612761,Regular Season,1
22000357,2021-02-06 20:00:00,1610612739,1610612749,Regular Season,0
22000358,2021-02-06 20:00:00,1610612745,1610612759,Regular Season,0
22000359,2021-02-06 20:00:00,1610612760,1610612750,Regular Season,1
22000353,2021-02-06 19:00:00,1610612753,1610612741,Regular Season,0
22000352,2021-02-06 17:00:00,1610612758,1610612743,Regular Season,1
22000351,2021-02-06 13:00:00,1610612752,1610612757,Regular Season,1
22000350,2021-02-05 22:00:00,1610612746,1610612738,Regular Season,0
22000349,2021-02-05 21:00:00,1610612756,1610612765,Regular Season,1
22000342,2021-02-05 20:00:00,1610612766,1610612762,Regular Season,0
22000347,2021-02-05 20:00:00,1610612748,1610612764,Regular Season,1
22000348,2021-02-05 20:00:00,1610612760,1610612750,Regular Season,0
22000345,2021-02-05 19:30:00,1610612751,1610612761,Regular Season,0
22000346,2021-02-05 19:30:00,1610612739,1610612749,Regular Season,0
22000343,2021-02-05 19:00:00,1610612754,1610612740,Regular Season,0
22000344,2021-02-05 19:00:00,1610612753,1610612741,Regular Season,1
22000341,2021-02-04 22:00:00,1610612747,1610612743,Regular Season,1
22000340,2021-02-04 21:00:00,1610612763,1610612745,Regular Season,0
22000337,2021-02-04 20:00:00,1610612755,1610612757,Regular Season,0
22000338,2021-02-04 19:30:00,1610612737,1610612762,Regular Season,0
22000339,2021-02-04 19:30:00,1610612742,1610612744,Regular Season,0
22000336,2021-02-03 22:00:00,1610612758,1610612738,Regular Season,1
22000335,2021-02-03 21:30:00,1610612740,1610612756,Regular Season,1
22000334,2021-02-03 20:30:00,1610612759,1610612750,Regular Season,1
22000328,2021-02-03 20:00:00,1610612739,1610612746,Regular Season,0
22000331,2021-02-03 20:00:00,1610612748,1610612764,Regular Season,0
22000332,2021-02-03 20:00:00,1610612741,1610612752,Regular Season,0
22000333,2021-02-03 20:00:00,1610612760,1610612745,Regular Season,1
22000330,2021-02-03 19:30:00,1610612737,1610612742,Regular Season,0
22000327,2021-02-03 19:00:00,1610612766,1610612755,Regular Season,0
22000329,2021-02-03 19:00:00,1610612749,1610612754,Regular Season,1
22000325,2021-02-02 22:00:00,1610612762,1610612765,Regular Season,1
22000326,2021-02-02 22:00:00,1610612744,1610612738,Regular Season,0
22000322,2021-02-02 20:00:00,1610612754,1610612763,Regular Season,1
22000559,2021-02-02 20:00:00,1610612764,1610612757,Regular Season,0
22000324,2021-02-02 19:30:00,1610612751,1610612746,Regular Season,1
22000323,2021-02-02 19:00:00,1610612753,1610612761,Regular Season,0
22000319,2021-02-01 20:30:00,1610612742,1610612756,Regular Season,0
22000320,2021-02-01 20:30:00,1610612759,1610612763,Regular Season,0
22000312,2021-02-01 20:00:00,1610612739,1610612750,Regular Season,1
22000315,2021-02-01 20:00:00,1610612741,1610612752,Regular Season,1
22000316,2021-02-01 20:00:00,1610612749,1610612757,Regular Season,1
22000317,2021-02-01 20:00:00,1610612740,1610612758,Regular Season,0
22000318,2021-02-01 20:00:00,1610612760,1610612745,Regular Season,0
22000313,2021-02-01 19:30:00,1610612737,1610612747,Regular Season,0
22000314,2021-02-01 19:30:00,1610612748,1610612766,Regular Season,0
22000311,2021-01-31 20:00:00,1610612750,1610612739,Regular Season,1
22000307,2021-01-31 19:00:00,1610612754,1610612755,Regular Season,0
22000309,2021-01-31 19:00:00,1610612761,1610612753,Regular Season,1
22000310,2021-01-31 19:00:00,1610612764,1610612751,Regular Season,1
22000306,2021-01-31 15:30:00,1610612743,1610612762,Regular Season,1
22000308,2021-01-31 13:00:00,1610612752,1610612746,Regular Season,0
22000305,2021-01-30 22:00:00,1610612744,1610612765,Regular Season,1
22000303,2021-01-30 21:00:00,1610612742,1610612756,Regular Season,0
22000302,2021-01-30 20:30:00,1610612738,1610612747,Regular Season,0
22000304,2021-01-30 20:30:00,1610612759,1610612763,Regular Season,0
22000298,2021-01-30 20:00:00,1610612741,1610612757,Regular Season,0
22000299,2021-01-30 20:00:00,1610612766,1610612749,Regular Season,1
22000300,2021-01-30 20:00:00,1610612740,1610612745,Regular Season,0
22000301,2021-01-30 20:00:00,1610612748,1610612758,Regular Season,1
22000297,2021-01-29 22:00:00,1610612762,1610612742,Regular Season,1
22000296,2021-01-29 20:30:00,1610612759,1610612743,Regular Season,1
22000289,2021-01-29 20:00:00,1610612753,1610612746,Regular Season,0
22000294,2021-01-29 20:00:00,1610612750,1610612755,Regular Season,0
22000295,2021-01-29 20:00:00,1610612760,1610612751,Regular Season,0
22000291,2021-01-29 19:30:00,1610612752,1610612739,Regular Season,1
22000292,2021-01-29 19:30:00,1610612761,1610612758,Regular Season,0
22000293,2021-01-29 19:30:00,1610612740,1610612749,Regular Season,1
22000288,2021-01-29 19:00:00,1610612766,1610612754,Regular Season,1
22000290,2021-01-29 19:00:00,1610612764,1610612737,Regular Season,0
22000286,2021-01-28 22:00:00,1610612756,1610612744,Regular Season,1
22000284,2021-01-28 20:00:00,1610612765,1610612747,Regular Season,1
22000285,2021-01-28 20:00:00,1610612748,1610612746,Regular Season,0
22000287,2021-01-28 19:30:00,1610612745,1610612757,Regular Season,1
22000283,2021-01-27 22:00:00,1610612744,1610612750,Regular Season,1
22000279,2021-01-27 21:00:00,1610612740,1610612764,Regular Season,1
22000281,2021-01-27 21:00:00,1610612756,1610612760,Regular Season,0
22000282,2021-01-27 21:00:00,1610612762,1610612742,Regular Season,1
22000280,2021-01-27 20:30:00,1610612759,1610612738,Regular Season,1
22000274,2021-01-27 19:30:00,1610612737,1610612751,Regular Season,0
22000275,2021-01-27 19:30:00,1610612748,1610612743,Regular Season,0
22000276,2021-01-27 19:30:00,1610612755,1610612747,Regular Season,1
22000277,2021-01-27 19:30:00,1610612761,1610612749,Regular Season,0
22000271,2021-01-27 19:00:00,1610612766,1610612754,Regular Season,0
22000272,2021-01-27 19:00:00,1610612739,1610612765,Regular Season,1
22000273,2021-01-27 19:00:00,1610612753,1610612758,Regular Season,0
22000270,2021-01-26 21:00:00,1610612762,1610612752,Regular Season,1
22000269,2021-01-26 20:00:00,1610612745,1610612764,Regular Season,1
22000268,2021-01-26 19:30:00,1610612737,1610612746,Regular Season,1
22000266,2021-01-25 22:00:00,1610612744,1610612750,Regular Season,1
22000267,2021-01-25 22:00:00,1610612757,1610612760,Regular Season,0
22000262,2021-01-25 21:00:00,1610612741,1610612738,Regular Season,0
22000265,2021-01-25 20:30:00,1610612742,1610612743,Regular Season,0
22000261,2021-01-25 20:00:00,1610612739,1610612747,Regular Season,0
22000260,2021-01-25 19:30:00,1610612751,1610612748,Regular Season,1
22000257,2021-01-25 19:00:00,1610612765,1610612755,Regular Season,1
22000258,2021-01-25 19:00:00,1610612754,1610612761,Regular Season,1
22000259,2021-01-25 19:00:00,1610612753,1610612766,Regular Season,1
22000256,2021-01-24 22:00:00,1610612757,1610612752,Regular Season,1
22000253,2021-01-24 20:00:00,1610612759,1610612764,Regular Season,1
22000254,2021-01-24 20:00:00,1610612749,1610612737,Regular Season,1
22000250,2021-01-24 19:00:00,1610612738,1610612739,Regular Season,1
22000252,2021-01-24 19:00:00,1610612753,1610612766,Regular Season,0
22000251,2021-01-24 16:00:00,1610612746,1610612760,Regular Season,1
22000249,2021-01-24 13:00:00,1610612754,1610612761,Regular Season,0
22000242,2021-01-23 21:00:00,1610612762,1610612744,Regular Season,1
22000245,2021-01-23 21:00:00,1610612741,1610612747,Regular Season,0
22000247,2021-01-23 21:00:00,1610612742,1610612745,Regular Season,0
22000248,2021-01-23 21:00:00,1610612756,1610612743,Regular Season,0
22000243,2021-01-23 20:00:00,1610612765,1610612755,Regular Season,0
22000244,2021-01-23 20:00:00,1610612751,1610612748,Regular Season,1
22000246,2021-01-23 20:00:00,1610612750,1610612740,Regular Season,1
22000238,2021-01-22 22:00:00,1610612756,1610612743,Regular Season,0
22000239,2021-01-22 22:00:00,1610612746,1610612760,Regular Season,1
22000241,2021-01-22 22:00:00,1610612758,1610612752,Regular Season,1
22000237,2021-01-22 20:30:00,1610612759,1610612742,Regular Season,0
22000236,2021-01-22 20:00:00,1610612750,1610612737,Regular Season,0
22000232,2021-01-22 19:30:00,1610612739,1610612751,Regular Season,1
22000233,2021-01-22 19:30:00,1610612755,1610612738,Regular Season,1
22000234,2021-01-22 19:30:00,1610612761,1610612748,Regular Season,1
22000229,2021-01-22 19:00:00,1610612766,1610612741,Regular Season,0
22000230,2021-01-22 19:00:00,1610612765,1610612745,Regular Season,0
22000231,2021-01-22 19:00:00,1610612754,1610612753,Regular Season,1
22000227,2021-01-21 22:00:00,1610612762,1610612740,Regular Season,1
22000228,2021-01-21 22:00:00,1610612744,1610612752,Regular Season,0
22000226,2021-01-21 19:30:00,1610612749,1610612747,Regular Season,0
22000223,2021-01-20 22:00:00,1610612744,1610612759,Regular Season,1
22000224,2021-01-20 22:00:00,1610612746,1610612758,Regular Season,1
22000222,2021-01-20 21:30:00,1610612745,1610612756,Regular Season,0
22000221,2021-01-20 20:00:00,1610612750,1610612753,Regular Season,0
22000219,2021-01-20 19:30:00,1610612737,1610612765,Regular Season,1
22000220,2021-01-20 19:30:00,1610612761,1610612748,Regular Season,0
22000216,2021-01-20 19:00:00,1610612739,1610612751,Regular Season,1
22000217,2021-01-20 19:00:00,1610612754,1610612742,Regular Season,0
22000218,2021-01-20 19:00:00,1610612755,1610612738,Regular Season,1
22000213,2021-01-19 21:00:00,1610612743,1610612760,Regular Season,1
22000214,2021-01-19 21:00:00,1610612762,1610612740,Regular Season,1
22000212,2021-01-18 22:00:00,1610612747,1610612744,Regular Season,0
22000206,2021-01-18 20:00:00,1610612748,1610612765,Regular Season,1
22000211,2021-01-18 20:00:00,1610612741,1610612745,Regular Season,1
22000209,2021-01-18 19:30:00,1610612751,1610612749,Regular Season,1
22000210,2021-01-18 19:30:00,1610612761,1610612742,Regular Season,1
22000208,2021-01-18 17:00:00,1610612763,1610612756,Regular Season,1
22000207,2021-01-18 15:00:00,1610612757,1610612759,Regular Season,0
22000205,2021-01-18 14:30:00,1610612737,1610612750,Regular Season,1
22000203,2021-01-18 12:00:00,1610612752,1610612753,Regular Season,1
22000202,2021-01-17 22:00:00,1610612746,1610612754,Regular Season,1
22000201,2021-01-17 21:00:00,1610612758,1610612740,Regular Season,0
22000200,2021-01-17 20:00:00,1610612743,1610612762,Regular Season,0
22000198,2021-01-17 15:00:00,1610612742,1610612741,Regular Season,0
22000196,2021-01-17 13:00:00,1610612738,1610612752,Regular Season,0
22000195,2021-01-16 22:00:00,1610612757,1610612737,Regular Season,1
22000192,2021-01-16 20:00:00,1610612748,1610612765,Regular Season,0
22000193,2021-01-16 20:00:00,1610612763,1610612755,Regular Season,1
22000191,2021-01-16 19:30:00,1610612761,1610612766,Regular Season,1
22000190,2021-01-16 18:00:00,1610612751,1610612753,Regular Season,1
22000189,2021-01-16 17:00:00,1610612759,1610612745,Regular Season,1
22000187,2021-01-15 22:00:00,1610612747,1610612740,Regular Season,1
22000188,2021-01-15 22:00:00,1610612758,1610612746,Regular Season,0
22000186,2021-01-15 21:00:00,1610612762,1610612737,Regular Season,1
22000184,2021-01-15 20:00:00,1610612760,1610612741,Regular Season,1
22000180,2021-01-15 19:30:00,1610612738,1610612753,Regular Season,1
22000181,2021-01-15 19:30:00,1610612739,1610612752,Regular Season,1
22000182,2021-01-15 19:30:00,1610612749,1610612742,Regular Season,1
22000177,2021-01-14 22:00:00,1610612743,1610612744,Regular Season,1
22000178,2021-01-14 22:00:00,1610612757,1610612754,Regular Season,0
22000175,2021-01-14 19:30:00,1610612761,1610612766,Regular Season,1
22000176,2021-01-14 19:30:00,1610612759,1610612745,Regular Season,0
22000174,2021-01-14 19:00:00,1610612755,1610612748,Regular Season,1
22000172,2021-01-13 22:00:00,1610612746,1610612740,Regular Season,1
22000173,2021-01-13 22:00:00,1610612758,1610612757,Regular Season,0
22000169,2021-01-13 20:00:00,1610612750,1610612763,Regular Season,0
22000170,2021-01-13 20:00:00,1610612760,1610612747,Regular Season,0
22000168,2021-01-13 19:30:00,1610612752,1610612751,Regular Season,0
22000164,2021-01-13 19:00:00,1610612766,1610612742,Regular Season,0
22000165,2021-01-13 19:00:00,1610612765,1610612749,Regular Season,0
22000163,2021-01-12 22:30:00,1610612744,1610612754,Regular Season,0
22000161,2021-01-12 20:00:00,1610612745,1610612747,Regular Season,0
22000162,2021-01-12 20:00:00,1610612760,1610612759,Regular Season,0
22000158,2021-01-12 19:30:00,1610612751,1610612743,Regular Season,1
22000159,2021-01-12 19:30:00,1610612739,1610612762,Regular Season,0
22000157,2021-01-12 19:00:00,1610612755,1610612748,Regular Season,1
22000155,2021-01-11 22:00:00,1610612757,1610612761,Regular Season,1
22000156,2021-01-11 22:00:00,1610612758,1610612754,Regular Season,1
22000153,2021-01-11 19:30:00,1610612737,1610612755,Regular Season,1
22000149,2021-01-11 19:00:00,1610612766,1610612752,Regular Season,1
22000150,2021-01-11 19:00:00,1610612739,1610612763,Regular Season,0
22000151,2021-01-11 19:00:00,1610612753,1610612749,Regular Season,0
22000152,2021-01-11 19:00:00,1610612764,1610612756,Regular Season,1
22000148,2021-01-10 20:30:00,1610612744,1610612761,Regular Season,1
22000147,2021-01-10 20:00:00,1610612750,1610612759,Regular Season,1
22000146,2021-01-10 19:00:00,1610612745,1610612747,Regular Season,0
22000143,2021-01-10 18:00:00,1610612751,1610612760,Regular Season,0
22000144,2021-01-10 18:00:00,1610612752,1610612743,Regular Season,0
22000142,2021-01-10 16:00:00,1610612746,1610612741,Regular Season,1
22000141,2021-01-10 15:00:00,1610612765,1610612762,Regular Season,0
22000140,2021-01-09 22:00:00,1610612758,1610612757,Regular Season,0
22000139,2021-01-09 20:30:00,1610612742,1610612753,Regular Season,1
22000137,2021-01-09 20:00:00,1610612749,1610612739,Regular Season,1
22000138,2021-01-09 20:00:00,1610612750,1610612759,Regular Season,0
22000134,2021-01-09 19:00:00,1610612766,1610612737,Regular Season,1
22000135,2021-01-09 19:00:00,1610612754,1610612756,Regular Season,0
22000136,2021-01-09 19:00:00,1610612764,1610612748,Regular Season,0
22000133,2021-01-09 15:00:00,1610612755,1610612743,Regular Season,0
22000130,2021-01-08 22:00:00,1610612744,1610612746,Regular Season,1
22000131,2021-01-08 22:00:00,1610612747,1610612741,Regular Season,1
22000132,2021-01-08 22:00:00,1610612758,1610612761,Regular Season,0
22000127,2021-01-08 20:00:00,1610612745,1610612753,Regular Season,1
22000128,2021-01-08 20:00:00,1610612763,1610612751,Regular Season,1
22000129,2021-01-08 20:00:00,1610612749,1610612762,Regular Season,0
22000124,2021-01-08 19:30:00,1610612738,1610612764,Regular Season,1
22000125,2021-01-08 19:30:00,1610612752,1610612760,Regular Season,0
22000126,2021-01-08 19:30:00,1610612740,1610612766,Regular Season,0
22000123,2021-01-08 19:00:00,1610612765,1610612756,Regular Season,1
22000120,2021-01-07 22:00:00,1610612743,1610612742,Regular Season,0
22000121,2021-01-07 22:00:00,1610612747,1610612759,Regular Season,0
22000122,2021-01-07 22:00:00,1610612757,1610612750,Regular Season,1
22000119,2021-01-07 20:00:00,1610612763,1610612739,Regular Season,0
22000118,2021-01-07 19:30:00,1610612751,1610612755,Regular Season,1
22000116,2021-01-06 22:00:00,1610612744,1610612746,Regular Season,0
22000117,2021-01-06 22:00:00,1610612758,1610612741,Regular Season,1
22000115,2021-01-06 21:00:00,1610612756,1610612761,Regular Season,1
22000113,2021-01-06 20:00:00,1610612749,1610612765,Regular Season,1
22000114,2021-01-06 20:00:00,1610612740,1610612760,Regular Season,0
22000110,2021-01-06 19:30:00,1610612737,1610612766,Regular Season,0
22000111,2021-01-06 19:30:00,1610612748,1610612738,Regular Season,0
22000112,2021-01-06 19:30:00,1610612752,1610612762,Regular Season,1
22000107,2021-01-06 19:00:00,1610612754,1610612745,Regular Season,1
22000108,2021-01-06 19:00:00,1610612753,1610612739,Regular Season,1
22000109,2021-01-06 19:00:00,1610612755,1610612764,Regular Season,1
22000106,2021-01-05 22:30:00,1610612757,1610612741,Regular Season,0
22000105,2021-01-05 22:00:00,1610612746,1610612759,Regular Season,0
22000104,2021-01-05 21:00:00,1610612743,1610612750,Regular Season,1
22000103,2021-01-05 20:00:00,1610612763,1610612747,Regular Season,0
22000102,2021-01-05 19:30:00,1610612751,1610612762,Regular Season,1
22000101,2021-01-04 22:00:00,1610612744,1610612758,Regular Season,1
22000098,2021-01-04 20:00:00,1610612745,1610612742,Regular Season,0
22000099,2021-01-04 20:00:00,1610612749,1610612765,Regular Season,1
22000100,2021-01-04 20:00:00,1610612740,1610612754,Regular Season,0
22000095,2021-01-04 19:30:00,1610612737,1610612752,Regular Season,0
22000096,2021-01-04 19:30:00,1610612748,1610612760,Regular Season,1
22000097,2021-01-04 19:30:00,1610612761,1610612738,Regular Season,0
22000093,2021-01-04 19:00:00,1610612753,1610612739,Regular Season,1
22000094,2021-01-04 19:00:00,1610612755,1610612766,Regular Season,1
22000092,2021-01-03 20:30:00,1610612744,1610612757,Regular Season,1
22000090,2021-01-03 20:00:00,1610612741,1610612742,Regular Season,1
22000091,2021-01-03 20:00:00,1610612756,1610612746,Regular Season,0
22000088,2021-01-03 19:00:00,1610612750,1610612743,Regular Season,0
22000089,2021-01-03 19:00:00,1610612759,1610612762,Regular Season,0
22000086,2021-01-03 18:00:00,1610612751,1610612764,Regular Season,0
22000087,2021-01-03 18:00:00,1610612763,1610612747,Regular Season,0
22000085,2021-01-03 15:00:00,1610612765,1610612738,Regular Season,0
22000083,2021-01-02 19:30:00,1610612737,1610612739,Regular Season,0
22000084,2021-01-02 19:30:00,1610612740,1610612761,Regular Season,1
22000080,2021-01-02 19:00:00,1610612754,1610612752,Regular Season,0
22000081,2021-01-02 19:00:00,1610612753,1610612760,Regular Season,0
22000082,2021-01-02 19:00:00,1610612755,1610612766,Regular Season,1
22000079,2021-01-02 17:00:00,1610612745,1610612758,Regular Season,1
22000078,2021-01-01 22:30:00,1610612744,1610612757,Regular Season,0
22000076,2021-01-01 21:00:00,1610612743,1610612756,Regular Season,0
22000077,2021-01-01 21:00:00,1610612762,1610612746,Regular Season,1
22000073,2021-01-01 20:00:00,1610612749,1610612741,Regular Season,1
22000074,2021-01-01 20:00:00,1610612750,1610612764,Regular Season,0
22000075,2021-01-01 20:00:00,1610612759,1610612747,Regular Season,0
22000072,2021-01-01 19:30:00,1610612751,1610612737,Regular Season,0
22000069,2021-01-01 19:00:00,1610612766,1610612763,Regular Season,0
22000070,2021-01-01 19:00:00,1610612765,1610612738,Regular Season,1
22000071,2021-01-01 19:00:00,1610612742,1610612748,Regular Season,1
22000068,2020-12-31 21:00:00,1610612762,1610612756,Regular Season,0
22000067,2020-12-31 20:00:00,1610612760,1610612740,Regular Season,0
22000066,2020-12-31 19:30:00,1610612761,1610612752,Regular Season,1
22000065,2020-12-31 19:00:00,1610612745,1610612758,Regular Season,1
22000064,2020-12-31 18:30:00,1610612753,1610612755,Regular Season,0
22000063,2020-12-31 17:00:00,1610612764,1610612741,Regular Season,0
22000062,2020-12-31 15:00:00,1610612754,1610612739,Regular Season,1
22000061,2020-12-30 22:00:00,1610612746,1610612757,Regular Season,1
22000059,2020-12-30 20:30:00,1610612742,1610612766,Regular Season,0
22000060,2020-12-30 20:30:00,1610612759,1610612747,Regular Season,0
22000056,2020-12-30 19:30:00,1610612738,1610612763,Regular Season,1
22000057,2020-12-30 19:30:00,1610612751,1610612737,Regular Season,1
22000058,2020-12-30 19:30:00,1610612748,1610612749,Regular Season,1
22000053,2020-12-29 22:00:00,1610612756,1610612740,Regular Season,1
22000054,2020-12-29 22:00:00,1610612746,1610612750,Regular Season,1
22000055,2020-12-29 22:00:00,1610612758,1610612743,Regular Season,1
22000052,2020-12-29 20:00:00,1610612760,1610612753,Regular Season,0
22000051,2020-12-29 19:30:00,1610612748,1610612749,Regular Season,0
22000046,2020-12-29 19:00:00,1610612739,1610612752,Regular Season,0
22000047,2020-12-29 19:00:00,1610612765,1610612744,Regular Season,0
22000048,2020-12-29 19:00:00,1610612754,1610612738,Regular Season,0
22000049,2020-12-29 19:00:00,1610612755,1610612761,Regular Season,1
22000050,2020-12-29 19:00:00,1610612764,1610612741,Regular Season,0
22000045,2020-12-28 22:00:00,1610612747,1610612757,Regular Season,0
22000044,2020-12-28 21:00:00,1610612743,1610612745,Regular Season,1
22000043,2020-12-28 20:00:00,1610612760,1610612762,Regular Season,0
22000041,2020-12-28 19:30:00,1610612737,1610612765,Regular Season,1
22000042,2020-12-28 19:30:00,1610612751,1610612763,Regular Season,0
22000040,2020-12-27 22:00:00,1610612747,1610612750,Regular Season,1
22000039,2020-12-27 21:00:00,1610612758,1610612756,Regular Season,0
22000037,2020-12-27 20:00:00,1610612754,1610612738,Regular Season,1
22000038,2020-12-27 20:00:00,1610612741,1610612744,Regular Season,0
22000035,2020-12-27 19:30:00,1610612739,1610612755,Regular Season,1
22000036,2020-12-27 19:30:00,1610612752,1610612749,Regular Season,1
22000032,2020-12-27 19:00:00,1610612766,1610612751,Regular Season,1
22000033,2020-12-27 19:00:00,1610612764,1610612753,Regular Season,0
22000034,2020-12-27 19:00:00,1610612740,1610612759,Regular Season,1
22000031,2020-12-27 15:30:00,1610612746,1610612742,Regular Season,0
22000029,2020-12-26 22:00:00,1610612757,1610612745,Regular Season,1
22000030,2020-12-26 22:00:00,1610612758,1610612756,Regular Season,1
22000028,2020-12-26 21:00:00,1610612762,1610612750,Regular Season,0
22000027,2020-12-26 20:30:00,1610612759,1610612761,Regular Season,1
22000026,2020-12-26 20:00:00,1610612741,1610612754,Regular Season,0
22000025,2020-12-26 19:30:00,1610612752,1610612755,Regular Season,0
22000022,2020-12-26 19:00:00,1610612766,1610612760,Regular Season,0
22000023,2020-12-26 19:00:00,1610612765,1610612739,Regular Season,0
22000024,2020-12-26 19:00:00,1610612764,1610612753,Regular Season,0
22000021,2020-12-26 17:00:00,1610612763,1610612737,Regular Season,0
22000009,2020-12-25 22:30:00,1610612743,1610612746,Regular Season,0
22000008,2020-12-25 20:00:00,1610612747,1610612742,Regular Season,1
22000007,2020-12-25 17:00:00,1610612738,1610612751,Regular Season,0
22000006,2020-12-25 14:30:00,1610612749,1610612744,Regular Season,1
22000005,2020-12-25 12:00:00,1610612748,1610612740,Regular Season,1
22000004,2020-12-23 22:30:00,1610612756,1610612742,Regular Season,1
22000020,2020-12-23 22:00:00,1610612757,1610612762,Regular Season,0
22000019,2020-12-23 21:00:00,1610612743,1610612758,Regular Season,0
22000015,2020-12-23 20:00:00,1610612741,1610612737,Regular Season,0
22000017,2020-12-23 20:00:00,1610612763,1610612759,Regular Season,0
22000018,2020-12-23 20:00:00,1610612750,1610612765,Regular Season,1
22000003,2020-12-23 19:30:00,1610612738,1610612749,Regular Season,1
22000014,2020-12-23 19:30:00,1610612761,1610612740,Regular Season,0
22000010,2020-12-23 19:00:00,1610612739,1610612766,Regular Season,1
22000011,2020-12-23 19:00:00,1610612754,1610612752,Regular Season,1
22000012,2020-12-23 19:00:00,1610612753,1610612748,Regular Season,1
22000013,2020-12-23 19:00:00,1610612755,1610612764,Regular Season,1
22000002,2020-12-22 22:00:00,1610612747,1610612746,Regular Season,0
22000001,2020-12-22 19:00:00,1610612751,1610612744,Regular Season,1
12000049,2020-12-19 20:00:00,1610612763,1610612737,Preseason,0
12000047,2020-12-19 19:00:00,1610612753,1610612766,Preseason,1
12000048,2020-12-19 19:00:00,1610612764,1610612765,Preseason,1
12000046,2020-12-18 22:30:00,1610612756,1610612747,Preseason,0
12000045,2020-12-18 21:00:00,1610612743,1610612757,Preseason,1
12000041,2020-12-18 20:00:00,1610612738,1610612751,Preseason,0
12000043,2020-12-18 20:00:00,1610612740,1610612749,Preseason,1
12000044,2020-12-18 20:00:00,1610612760,1610612741,Preseason,0
12000042,2020-12-18 19:30:00,1610612752,1610612739,Preseason,1
12000040,2020-12-18 19:00:00,1610612761,1610612748,Preseason,0
12000039,2020-12-18 18:00:00,1610612754,1610612755,Preseason,0
12000037,2020-12-17 22:00:00,1610612746,1610612762,Preseason,0
12000038,2020-12-17 21:00:00,1610612758,1610612744,Preseason,0
12000036,2020-12-17 20:30:00,1610612742,1610612750,Preseason,0
12000034,2020-12-17 20:00:00,1610612745,1610612759,Preseason,1
12000035,2020-12-17 20:00:00,1610612763,1610612737,Preseason,1
12000032,2020-12-17 19:00:00,1610612753,1610612766,Preseason,0
12000033,2020-12-17 19:00:00,1610612764,1610612765,Preseason,0
12000030,2020-12-16 21:00:00,1610612743,1610612757,Preseason,1
12000031,2020-12-16 21:00:00,1610612756,1610612747,Preseason,0
12000029,2020-12-16 20:00:00,1610612760,1610612741,Preseason,0
12000028,2020-12-16 19:30:00,1610612752,1610612739,Preseason,1
12000027,2020-12-15 22:00:00,1610612758,1610612744,Preseason,1
12000026,2020-12-15 20:00:00,1610612745,1610612759,Preseason,1
12000025,2020-12-15 19:30:00,1610612755,1610612738,Preseason,1
12000024,2020-12-14 21:00:00,1610612762,1610612756,Preseason,1
12000022,2020-12-14 20:00:00,1610612749,1610612742,Preseason,0
12000023,2020-12-14 20:00:00,1610612750,1610612763,Preseason,0
12000020,2020-12-14 19:00:00,1610612766,1610612761,Preseason,0
12000021,2020-12-14 19:00:00,1610612748,1610612740,Preseason,0
12000019,2020-12-14 18:00:00,1610612739,1610612754,Preseason,1
12000017,2020-12-13 21:00:00,1610612757,1610612758,Preseason,0
12000018,2020-12-13 20:30:00,1610612747,1610612746,Preseason,1
12000016,2020-12-13 20:00:00,1610612741,1610612745,Preseason,1
12000015,2020-12-13 19:00:00,1610612765,1610612752,Preseason,1
12000014,2020-12-13 18:00:00,1610612751,1610612764,Preseason,1
12000013,2020-12-13 17:00:00,1610612737,1610612753,Preseason,1
12000012,2020-12-12 21:00:00,1610612762,1610612756,Preseason,1
12000011,2020-12-12 20:30:00,1610612744,1610612743,Preseason,1
12000009,2020-12-12 20:00:00,1610612749,1610612742,Preseason,0
12000010,2020-12-12 20:00:00,1610612750,1610612763,Preseason,0
12000006,2020-12-12 19:00:00,1610612766,1610612761,Preseason,0
12000007,2020-12-12 19:00:00,1610612739,1610612754,Preseason,1
12000008,2020-12-12 19:00:00,1610612759,1610612760,Preseason,0
12000005,2020-12-11 22:30:00,1610612757,1610612758,Preseason,1
12000004,2020-12-11 22:00:00,1610612747,1610612746,Preseason,1
12000003,2020-12-11 20:00:00,1610612741,1610612745,Preseason,0
12000001,2020-12-11 19:00:00,1610612737,1610612753,Preseason,0
12000002,2020-12-11 19:00:00,1610612765,1610612752,Preseason,0
41900406,2020-10-11 19:30:00,1610612748,1610612747,Playoffs,0
41900405,2020-10-09 21:00:00,1610612747,1610612748,Playoffs,0
41900404,2020-10-06 21:00:00,1610612748,1610612747,Playoffs,0
41900403,2020-10-04 19:30:00,1610612748,1610612747,Playoffs,1
41900402,2020-10-02 21:00:00,1610612747,1610612748,Playoffs,1
41900401,2020-09-30 21:00:00,1610612747,1610612748,Playoffs,1
41900306,2020-09-27 19:30:00,1610612748,1610612738,Playoffs,1
41900315,2020-09-26 21:00:00,1610612747,1610612743,Playoffs,1
41900305,2020-09-25 20:30:00,1610612738,1610612748,Playoffs,1
41900314,2020-09-24 21:00:00,1610612743,1610612747,Playoffs,0
41900304,2020-09-23 20:30:00,1610612748,1610612738,Playoffs,1
41900313,2020-09-22 21:00:00,1610612743,1610612747,Playoffs,1
41900312,2020-09-20 19:30:00,1610612747,1610612743,Playoffs,1
41900303,2020-09-19 20:30:00,1610612748,1610612738,Playoffs,0
41900311,2020-09-18 21:00:00,1610612747,1610612743,Playoffs,1
41900302,2020-09-17 19:00:00,1610612738,1610612748,Playoffs,0
41900237,2020-09-15 21:00:00,1610612746,1610612743,Playoffs,0
41900301,2020-09-15 18:30:00,1610612738,1610612748,Playoffs,0
41900236,2020-09-13 13:00:00,1610612743,1610612746,Playoffs,1
41900225,2020-09-12 20:00:00,1610612747,1610612745,Playoffs,1
41900217,2020-09-11 21:00:00,1610612761,1610612738,Playoffs,0
41900235,2020-09-11 18:30:00,1610612746,1610612743,Playoffs,0
41900224,2020-09-10 19:00:00,1610612745,1610612747,Playoffs,0
41900234,2020-09-09 21:00:00,1610612743,1610612746,Playoffs,0
41900216,2020-09-09 18:30:00,1610612738,1610612761,Playoffs,0
41900223,2020-09-08 21:00:00,1610612745,1610612747,Playoffs,0
41900205,2020-09-08 18:30:00,1610612749,1610612748,Playoffs,0
41900233,2020-09-07 21:00:00,1610612743,1610612746,Playoffs,0
41900215,2020-09-07 18:30:00,1610612761,1610612738,Playoffs,0
41900222,2020-09-06 20:30:00,1610612747,1610612745,Playoffs,1
41900204,2020-09-06 15:30:00,1610612748,1610612749,Playoffs,0
41900232,2020-09-05 21:00:00,1610612746,1610612743,Playoffs,0
41900214,2020-09-05 18:30:00,1610612738,1610612761,Playoffs,0
41900221,2020-09-04 21:00:00,1610612747,1610612745,Playoffs,0
41900203,2020-09-04 18:30:00,1610612748,1610612749,Playoffs,1
41900231,2020-09-03 21:00:00,1610612746,1610612743,Playoffs,1
41900213,2020-09-03 18:30:00,1610612738,1610612761,Playoffs,0
41900177,2020-09-02 21:00:00,1610612745,1610612760,Playoffs,1
41900202,2020-09-02 18:30:00,1610612749,1610612748,Playoffs,0
41900167,2020-09-01 20:30:00,1610612743,1610612762,Playoffs,1
41900212,2020-09-01 17:30:00,1610612761,1610612738,Playoffs,0
41900176,2020-08-31 21:00:00,1610612760,1610612745,Playoffs,1
41900201,2020-08-31 18:30:00,1610612749,1610612748,Playoffs,0
41900166,2020-08-30 20:30:00,1610612762,1610612743,Playoffs,0
41900156,2020-08-30 15:30:00,1610612742,1610612746,Playoffs,0
41900211,2020-08-30 13:00:00,1610612761,1610612738,Playoffs,0
41900145,2020-08-29 21:00:00,1610612747,1610612757,Playoffs,1
41900175,2020-08-29 18:30:00,1610612745,1610612760,Playoffs,1
41900105,2020-08-29 15:30:00,1610612749,1610612753,Playoffs,1
41900155,2020-08-25 21:00:00,1610612746,1610612742,Playoffs,1
41900165,2020-08-25 18:30:00,1610612743,1610612762,Playoffs,1
41900144,2020-08-24 21:00:00,1610612757,1610612747,Playoffs,0
41900134,2020-08-24 18:30:00,1610612748,1610612754,Playoffs,1
41900174,2020-08-24 16:00:00,1610612760,1610612745,Playoffs,1
41900104,2020-08-24 13:30:00,1610612753,1610612749,Playoffs,0
41900164,2020-08-23 21:00:00,1610612762,1610612743,Playoffs,1
41900114,2020-08-23 18:30:00,1610612751,1610612761,Playoffs,0
41900154,2020-08-23 15:30:00,1610612742,1610612746,Playoffs,1
41900124,2020-08-23 13:00:00,1610612755,1610612738,Playoffs,0
41900143,2020-08-22 20:30:00,1610612757,1610612747,Playoffs,0
41900173,2020-08-22 18:00:00,1610612760,1610612745,Playoffs,1
41900133,2020-08-22 15:30:00,1610612748,1610612754,Playoffs,1
41900103,2020-08-22 13:00:00,1610612753,1610612749,Playoffs,0
41900153,2020-08-21 21:00:00,1610612742,1610612746,Playoffs,0
41900123,2020-08-21 18:30:00,1610612755,1610612738,Playoffs,0
41900163,2020-08-21 16:00:00,1610612762,1610612743,Playoffs,1
41900113,2020-08-21 13:30:00,1610612751,1610612761,Playoffs,0
41900142,2020-08-20 21:00:00,1610612747,1610612757,Playoffs,1
41900102,2020-08-20 18:00:00,1610612749,1610612753,Playoffs,1
41900172,2020-08-20 15:30:00,1610612745,1610612760,Playoffs,1
41900132,2020-08-20 13:00:00,1610612754,1610612748,Playoffs,0
41900152,2020-08-19 21:00:00,1610612746,1610612742,Playoffs,0
41900122,2020-08-19 18:30:00,1610612738,1610612755,Playoffs,1
41900162,2020-08-19 16:00:00,1610612743,1610612762,Playoffs,0
41900112,2020-08-19 13:30:00,1610612761,1610612751,Playoffs,1
41900141,2020-08-18 21:00:00,1610612747,1610612757,Playoffs,0
41900171,2020-08-18 18:30:00,1610612745,1610612760,Playoffs,1
41900131,2020-08-18 16:00:00,1610612754,1610612748,Playoffs,0
41900101,2020-08-18 13:30:00,1610612749,1610612753,Playoffs,0
41900151,2020-08-17 21:00:00,1610612746,1610612742,Playoffs,1
41900121,2020-08-17 18:30:00,1610612738,1610612755,Playoffs,1
41900111,2020-08-17 16:00:00,1610612761,1610612751,Playoffs,1
41900161,2020-08-17 13:30:00,1610612743,1610612762,Playoffs,1
51900111,2020-08-15 14:30:00,1610612757,1610612763,Play-in Tournament,1
21901315,2020-08-14 21:00:00,1610612745,1610612755,Regular Season,0
21901317,2020-08-14 18:30:00,1610612746,1610612760,Regular Season,1
21901316,2020-08-14 16:00:00,1610612754,1610612748,Regular Season,1
21901318,2020-08-14 13:30:00,1610612761,1610612743,Regular Season,1
21901309,2020-08-13 21:00:00,1610612751,1610612757,Regular Season,0
21901312,2020-08-13 21:00:00,1610612753,1610612740,Regular Season,1
21901314,2020-08-13 18:30:00,1610612762,1610612759,Regular Season,1
21901311,2020-08-13 16:00:00,1610612763,1610612749,Regular Season,1
21901313,2020-08-13 16:00:00,1610612756,1610612742,Regular Season,1
21901310,2020-08-13 13:30:00,1610612747,1610612758,Regular Season,0
21901308,2020-08-13 12:00:00,1610612738,1610612764,Regular Season,0
21901307,2020-08-12 21:00:00,1610612743,1610612746,Regular Season,0
21901306,2020-08-12 20:00:00,1610612760,1610612748,Regular Season,1
21901305,2020-08-12 18:30:00,1610612755,1610612761,Regular Season,0
21901304,2020-08-12 16:00:00,1610612745,1610612754,Regular Season,0
21901302,2020-08-11 21:00:00,1610612758,1610612740,Regular Season,1
21901303,2020-08-11 21:00:00,1610612764,1610612749,Regular Season,0
21901300,2020-08-11 18:30:00,1610612742,1610612757,Regular Season,0
21901301,2020-08-11 17:00:00,1610612763,1610612738,Regular Season,0
21901299,2020-08-11 16:30:00,1610612755,1610612756,Regular Season,0
21901298,2020-08-11 14:00:00,1610612759,1610612745,Regular Season,1
21901297,2020-08-11 13:00:00,1610612753,1610612751,Regular Season,0
21901296,2020-08-10 21:00:00,1610612747,1610612743,Regular Season,1
21901295,2020-08-10 20:00:00,1610612748,1610612754,Regular Season,1
21901294,2020-08-10 18:30:00,1610612749,1610612761,Regular Season,0
21901293,2020-08-10 15:00:00,1610612762,1610612742,Regular Season,0
21901292,2020-08-10 14:30:00,1610612756,1610612760,Regular Season,1
21901291,2020-08-09 21:00:00,1610612746,1610612751,Regular Season,0
21901290,2020-08-09 20:00:00,1610612758,1610612745,Regular Season,0
21901289,2020-08-09 18:30:00,1610612757,1610612755,Regular Season,1
21901288,2020-08-09 17:00:00,1610612738,1610612753,Regular Season,1
21901287,2020-08-09 15:00:00,1610612740,1610612759,Regular Season,0
21901286,2020-08-09 14:00:00,1610612761,1610612763,Regular Season,1
21901285,2020-08-09 12:30:00,1610612760,1610612764,Regular Season,1
21901284,2020-08-08 20:30:00,1610612742,1610612749,Regular Season,1
21901283,2020-08-08 19:30:00,1610612748,1610612756,Regular Season,0
21901282,2020-08-08 18:00:00,1610612754,1610612747,Regular Season,1
21901281,2020-08-08 15:30:00,1610612743,1610612762,Regular Season,1
21901280,2020-08-08 13:00:00,1610612757,1610612746,Regular Season,0
21901279,2020-08-07 21:00:00,1610612761,1610612738,Regular Season,0
21901278,2020-08-07 20:00:00,1610612740,1610612764,Regular Season,1
21901277,2020-08-07 18:30:00,1610612755,1610612753,Regular Season,1
21901276,2020-08-07 17:00:00,1610612751,1610612758,Regular Season,1
21901275,2020-08-07 16:00:00,1610612763,1610612760,Regular Season,1
21901274,2020-08-07 13:00:00,1610612759,1610612762,Regular Season,1
21901273,2020-08-06 21:00:00,1610612745,1610612747,Regular Season,1
21901272,2020-08-06 20:00:00,1610612743,1610612757,Regular Season,0
21901271,2020-08-06 18:30:00,1610612742,1610612746,Regular Season,0
21901269,2020-08-06 16:00:00,1610612749,1610612748,Regular Season,1
21901270,2020-08-06 16:00:00,1610612756,1610612754,Regular Season,1
21901268,2020-08-06 13:30:00,1610612758,1610612740,Regular Season,1
21901267,2020-08-05 21:00:00,1610612738,1610612751,Regular Season,1
21901266,2020-08-05 20:00:00,1610612753,1610612761,Regular Season,0
21901265,2020-08-05 18:30:00,1610612747,1610612760,Regular Season,0
21901263,2020-08-05 16:00:00,1610612764,1610612755,Regular Season,0
21901264,2020-08-05 16:00:00,1610612759,1610612743,Regular Season,0
21901262,2020-08-05 14:30:00,1610612762,1610612763,Regular Season,1
21901261,2020-08-04 21:00:00,1610612757,1610612745,Regular Season,1
21901260,2020-08-04 18:30:00,1610612748,1610612738,Regular Season,1
21901259,2020-08-04 18:00:00,1610612754,1610612753,Regular Season,1
21901258,2020-08-04 16:00:00,1610612746,1610612756,Regular Season,0
21901257,2020-08-04 14:30:00,1610612758,1610612742,Regular Season,0
21901256,2020-08-04 13:30:00,1610612749,1610612751,Regular Season,0
21901255,2020-08-03 21:00:00,1610612762,1610612747,Regular Season,0
21901254,2020-08-03 20:00:00,1610612755,1610612759,Regular Season,1
21901253,2020-08-03 18:30:00,1610612740,1610612763,Regular Season,1
21901251,2020-08-03 16:00:00,1610612760,1610612743,Regular Season,0
21901252,2020-08-03 16:00:00,1610612764,1610612754,Regular Season,0
21901250,2020-08-03 13:30:00,1610612748,1610612761,Regular Season,0
21901249,2020-08-02 21:00:00,1610612756,1610612742,Regular Season,1
21901248,2020-08-02 20:30:00,1610612745,1610612749,Regular Season,1
21901247,2020-08-02 18:00:00,1610612753,1610612758,Regular Season,1
21901246,2020-08-02 16:00:00,1610612763,1610612759,Regular Season,0
21901245,2020-08-02 15:30:00,1610612738,1610612757,Regular Season,1
21901244,2020-08-02 14:00:00,1610612751,1610612764,Regular Season,1
21901243,2020-08-01 20:30:00,1610612761,1610612747,Regular Season,1
21901242,2020-08-01 19:00:00,1610612754,1610612755,Regular Season,1
21901241,2020-08-01 18:00:00,1610612746,1610612740,Regular Season,1
21901240,2020-08-01 15:30:00,1610612760,1610612762,Regular Season,1
21901239,2020-08-01 13:00:00,1610612743,1610612748,Regular Season,0
21901238,2020-07-31 21:00:00,1610612742,1610612745,Regular Season,0
21901237,2020-07-31 20:00:00,1610612759,1610612758,Regular Season,1
21901236,2020-07-31 18:30:00,1610612749,1610612738,Regular Season,1
21901234,2020-07-31 16:00:00,1610612757,1610612763,Regular Season,1
21901235,2020-07-31 16:00:00,1610612764,1610612756,Regular Season,0
21901233,2020-07-31 14:30:00,1610612751,1610612753,Regular Season,0
21901232,2020-07-30 21:00:00,1610612747,1610612746,Regular Season,1
21901231,2020-07-30 18:30:00,1610612740,1610612762,Regular Season,0
11900133,2020-07-28 20:30:00,1610612755,1610612742,Preseason,0
11900132,2020-07-28 20:00:00,1610612745,1610612738,Preseason,1
11900131,2020-07-28 18:00:00,1610612757,1610612760,Preseason,0
11900130,2020-07-28 16:00:00,1610612754,1610612759,Preseason,0
11900129,2020-07-28 15:00:00,1610612756,1610612761,Preseason,1
11900128,2020-07-28 14:00:00,1610612748,1610612763,Preseason,0
11900127,2020-07-27 20:00:00,1610612749,1610612740,Preseason,0
11900126,2020-07-27 19:00:00,1610612743,1610612753,Preseason,0
11900125,2020-07-27 17:30:00,1610612751,1610612762,Preseason,0
11900124,2020-07-27 16:00:00,1610612746,1610612758,Preseason,0
11900123,2020-07-27 15:00:00,1610612747,1610612764,Preseason,1
11900122,2020-07-26 20:00:00,1610612763,1610612745,Preseason,0
11900121,2020-07-26 18:00:00,1610612761,1610612757,Preseason,1
11900120,2020-07-26 16:00:00,1610612742,1610612754,Preseason,0
11900119,2020-07-26 13:30:00,1610612738,1610612756,Preseason,1
11900118,2020-07-26 12:00:00,1610612760,1610612755,Preseason,1
11900117,2020-07-25 20:30:00,1610612740,1610612743,Preseason,1
11900116,2020-07-25 20:00:00,1610612764,1610612746,Preseason,0
11900115,2020-07-25 16:30:00,1610612759,1610612751,Preseason,0
11900114,2020-07-25 16:00:00,1610612762,1610612748,Preseason,1
11900113,2020-07-25 12:30:00,1610612758,1610612749,Preseason,0
11900112,2020-07-25 12:00:00,1610612753,1610612747,Preseason,0
11900111,2020-07-24 19:30:00,1610612761,1610612745,Preseason,1
11900110,2020-07-24 17:00:00,1610612738,1610612760,Preseason,0
11900109,2020-07-24 15:30:00,1610612755,1610612763,Preseason,1
11900108,2020-07-23 20:00:00,1610612762,1610612756,Preseason,0
11900107,2020-07-23 19:00:00,1610612747,1610612742,Preseason,0
11900106,2020-07-23 15:30:00,1610612754,1610612757,Preseason,1
11900105,2020-07-23 15:00:00,1610612749,1610612759,Preseason,1
11900104,2020-07-22 20:00:00,1610612748,1610612758,Preseason,1
11900103,2020-07-22 19:00:00,1610612751,1610612740,Preseason,0
11900102,2020-07-22 15:30:00,1610612743,1610612764,Preseason,1
11900101,2020-07-22 15:00:00,1610612746,1610612753,Preseason,1
21900973,2020-03-11 20:00:00,1610612742,1610612743,Regular Season,1
21900969,2020-03-11 19:30:00,1610612737,1610612752,Regular Season,0
21900970,2020-03-11 19:30:00,1610612748,1610612766,Regular Season,0
21900971,2020-03-11 19:00:00,1610612755,1610612765,Regular Season,1
21900967,2020-03-10 22:30:00,1610612744,1610612746,Regular Season,0
21900968,2020-03-10 22:30:00,1610612747,1610612751,Regular Season,0
21900966,2020-03-10 22:00:00,1610612757,1610612756,Regular Season,1
21900962,2020-03-10 20:00:00,1610612741,1610612739,Regular Season,1
21900963,2020-03-10 20:00:00,1610612745,1610612750,Regular Season,1
21900964,2020-03-10 20:00:00,1610612763,1610612753,Regular Season,0
21900965,2020-03-10 20:00:00,1610612759,1610612742,Regular Season,1
21900960,2020-03-10 19:00:00,1610612754,1610612738,Regular Season,0
21900961,2020-03-10 19:00:00,1610612764,1610612752,Regular Season,1
21900958,2020-03-09 21:00:00,1610612743,1610612749,Regular Season,1
21900959,2020-03-09 21:00:00,1610612762,1610612761,Regular Season,0
21900957,2020-03-09 19:30:00,1610612737,1610612766,Regular Season,1
21900956,2020-03-08 21:00:00,1610612758,1610612761,Regular Season,0
21900954,2020-03-08 19:30:00,1610612739,1610612759,Regular Season,1
21900955,2020-03-08 19:30:00,1610612752,1610612765,Regular Season,1
21900951,2020-03-08 19:00:00,1610612764,1610612748,Regular Season,0
21900952,2020-03-08 19:00:00,1610612742,1610612754,Regular Season,0
21900953,2020-03-08 19:00:00,1610612745,1610612753,Regular Season,0
21900949,2020-03-08 18:00:00,1610612738,1610612760,Regular Season,0
21900950,2020-03-08 18:00:00,1610612756,1610612749,Regular Season,1
21900947,2020-03-08 15:30:00,1610612750,1610612740,Regular Season,0
21900948,2020-03-08 15:30:00,1610612746,1610612747,Regular Season,0
21900946,2020-03-08 15:00:00,1610612751,1610612741,Regular Season,1
21900945,2020-03-07 22:00:00,1610612757,1610612758,Regular Season,0
21900944,2020-03-07 20:30:00,1610612744,1610612755,Regular Season,1
21900943,2020-03-07 20:00:00,1610612763,1610612737,Regular Season,1
21900942,2020-03-07 19:30:00,1610612739,1610612743,Regular Season,1
21900941,2020-03-07 19:00:00,1610612765,1610612762,Regular Season,0
21900940,2020-03-07 17:00:00,1610612766,1610612745,Regular Season,1
21900939,2020-03-06 22:30:00,1610612747,1610612749,Regular Season,1
21900938,2020-03-06 21:00:00,1610612756,1610612757,Regular Season,1
21900937,2020-03-06 20:30:00,1610612742,1610612763,Regular Season,1
21900933,2020-03-06 20:00:00,1610612738,1610612762,Regular Season,0
21900934,2020-03-06 20:00:00,1610612741,1610612754,Regular Season,0
21900935,2020-03-06 20:00:00,1610612750,1610612753,Regular Season,0
21900936,2020-03-06 20:00:00,1610612740,1610612748,Regular Season,1
21900931,2020-03-06 19:30:00,1610612751,1610612759,Regular Season,1
21900932,2020-03-06 19:30:00,1610612752,1610612760,Regular Season,0
21900930,2020-03-06 19:00:00,1610612764,1610612737,Regular Season,1
21900929,2020-03-05 22:30:00,1610612744,1610612761,Regular Season,0
21900928,2020-03-05 22:00:00,1610612758,1610612755,Regular Season,0
21900927,2020-03-05 20:00:00,1610612745,1610612746,Regular Season,0
21900926,2020-03-05 19:00:00,1610612766,1610612743,Regular Season,0
21900925,2020-03-04 22:00:00,1610612757,1610612764,Regular Season,1
21900923,2020-03-04 21:30:00,1610612742,1610612740,Regular Season,1
21900922,2020-03-04 20:00:00,1610612750,1610612741,Regular Season,1
21900919,2020-03-04 19:30:00,1610612748,1610612753,Regular Season,1
21900920,2020-03-04 19:30:00,1610612751,1610612763,Regular Season,0
21900921,2020-03-04 19:30:00,1610612752,1610612762,Regular Season,0
21900917,2020-03-04 19:00:00,1610612739,1610612738,Regular Season,0
21900918,2020-03-04 19:00:00,1610612765,1610612760,Regular Season,0
21900924,2020-03-04 19:00:00,1610612749,1610612754,Regular Season,1
21900915,2020-03-03 22:00:00,1610612747,1610612755,Regular Season,1
21900916,2020-03-03 22:00:00,1610612758,1610612764,Regular Season,1
21900913,2020-03-03 21:00:00,1610612743,1610612744,Regular Season,0
21900914,2020-03-03 21:00:00,1610612756,1610612761,Regular Season,0
21900911,2020-03-03 20:00:00,1610612740,1610612750,Regular Season,0
21900912,2020-03-03 20:00:00,1610612760,1610612746,Regular Season,0
21900910,2020-03-03 19:30:00,1610612738,1610612751,Regular Season,0
21900909,2020-03-03 19:00:00,1610612766,1610612759,Regular Season,0
21900908,2020-03-02 20:30:00,1610612759,1610612754,Regular Season,0
21900907,2020-03-02 20:00:00,1610612741,1610612742,Regular Season,1
21900905,2020-03-02 19:30:00,1610612737,1610612763,Regular Season,0
21900906,2020-03-02 19:30:00,1610612748,1610612749,Regular Season,1
21900902,2020-03-02 19:00:00,1610612739,1610612762,Regular Season,0
21900903,2020-03-02 19:00:00,1610612752,1610612745,Regular Season,1
21900904,2020-03-02 19:00:00,1610612753,1610612757,Regular Season,0
21900901,2020-03-01 20:30:00,1610612744,1610612764,Regular Season,0
21900900,2020-03-01 20:00:00,1610612740,1610612747,Regular Season,0
21900898,2020-03-01 18:00:00,1610612743,1610612761,Regular Season,1
21900899,2020-03-01 18:00:00,1610612758,1610612765,Regular Season,1
21900896,2020-03-01 15:30:00,1610612750,1610612742,Regular Season,0
21900897,2020-03-01 15:30:00,1610612746,1610612755,Regular Season,1
21900895,2020-03-01 13:00:00,1610612766,1610612749,Regular Season,0
21900894,2020-02-29 21:00:00,1610612756,1610612744,Regular Season,0
21900892,2020-02-29 20:30:00,1610612738,1610612745,Regular Season,0
21900893,2020-02-29 20:30:00,1610612759,1610612753,Regular Season,1
21900890,2020-02-29 20:00:00,1610612739,1610612754,Regular Season,0
21900891,2020-02-29 20:00:00,1610612763,1610612747,Regular Season,1
21900888,2020-02-29 19:30:00,1610612737,1610612757,Regular Season,1
21900889,2020-02-29 19:30:00,1610612748,1610612751,Regular Season,1
21900887,2020-02-29 17:00:00,1610612752,1610612741,Regular Season,1
21900886,2020-02-28 22:30:00,1610612746,1610612743,Regular Season,1
21900884,2020-02-28 21:00:00,1610612756,1610612765,Regular Season,0
21900885,2020-02-28 21:00:00,1610612762,1610612764,Regular Season,1
21900880,2020-02-28 20:00:00,1610612748,1610612742,Regular Season,1
21900881,2020-02-28 20:00:00,1610612763,1610612758,Regular Season,0
21900882,2020-02-28 20:00:00,1610612749,1610612760,Regular Season,1
21900883,2020-02-28 20:00:00,1610612740,1610612739,Regular Season,1
21900878,2020-02-28 19:30:00,1610612737,1610612751,Regular Season,1
21900879,2020-02-28 19:30:00,1610612761,1610612766,Regular Season,0
21900877,2020-02-28 19:00:00,1610612753,1610612750,Regular Season,1
21900876,2020-02-27 22:30:00,1610612744,1610612747,Regular Season,0
21900874,2020-02-27 20:00:00,1610612754,1610612757,Regular Season,1
21900875,2020-02-27 20:00:00,1610612760,1610612758,Regular Season,1
21900873,2020-02-27 19:00:00,1610612755,1610612752,Regular Season,1
21900872,2020-02-26 22:30:00,1610612762,1610612738,Regular Season,0
21900871,2020-02-26 21:00:00,1610612756,1610612746,Regular Season,0
21900869,2020-02-26 20:30:00,1610612759,1610612742,Regular Season,0
21900870,2020-02-26 20:00:00,1610612745,1610612763,Regular Season,1
21900867,2020-02-26 19:30:00,1610612737,1610612753,Regular Season,0
21900868,2020-02-26 19:30:00,1610612748,1610612750,Regular Season,0
21900864,2020-02-26 19:00:00,1610612766,1610612752,Regular Season,1
21900865,2020-02-26 19:00:00,1610612739,1610612755,Regular Season,1
21900866,2020-02-26 19:00:00,1610612764,1610612751,Regular Season,1
21900863,2020-02-25 22:30:00,1610612744,1610612758,Regular Season,0
21900861,2020-02-25 22:00:00,1610612747,1610612740,Regular Season,1
21900862,2020-02-25 22:00:00,1610612757,1610612738,Regular Season,0
21900860,2020-02-25 21:00:00,1610612743,1610612765,Regular Season,1
21900859,2020-02-25 20:00:00,1610612741,1610612760,Regular Season,0
21900858,2020-02-25 19:30:00,1610612761,1610612749,Regular Season,0
21900857,2020-02-25 19:00:00,1610612754,1610612766,Regular Season,1
21900856,2020-02-24 22:30:00,1610612746,1610612763,Regular Season,1
21900855,2020-02-24 21:00:00,1610612762,1610612756,Regular Season,0
21900854,2020-02-24 20:30:00,1610612742,1610612750,Regular Season,1
21900853,2020-02-24 20:00:00,1610612745,1610612752,Regular Season,1
21900852,2020-02-24 19:30:00,1610612751,1610612753,Regular Season,0
21900849,2020-02-24 19:00:00,1610612739,1610612748,Regular Season,1
21900850,2020-02-24 19:00:00,1610612755,1610612737,Regular Season,1
21900851,2020-02-24 19:00:00,1610612764,1610612749,Regular Season,0
21900848,2020-02-23 21:00:00,1610612757,1610612765,Regular Season,1
21900847,2020-02-23 20:30:00,1610612744,1610612740,Regular Season,0
21900845,2020-02-23 19:00:00,1610612741,1610612764,Regular Season,1
21900846,2020-02-23 19:00:00,1610612760,1610612759,Regular Season,1
21900843,2020-02-23 18:00:00,1610612761,1610612754,Regular Season,1
21900844,2020-02-23 18:00:00,1610612743,1610612750,Regular Season,1
21900842,2020-02-23 15:30:00,1610612747,1610612738,Regular Season,1
21900841,2020-02-22 21:00:00,1610612762,1610612745,Regular Season,0
21900840,2020-02-22 20:30:00,1610612749,1610612755,Regular Season,1
21900838,2020-02-22 20:00:00,1610612748,1610612739,Regular Season,1
21900839,2020-02-22 20:00:00,1610612741,1610612756,Regular Season,0
21900837,2020-02-22 19:30:00,1610612737,1610612742,Regular Season,1
21900836,2020-02-22 19:00:00,1610612766,1610612751,Regular Season,0
21900835,2020-02-22 15:30:00,1610612746,1610612758,Regular Season,0
21900833,2020-02-21 22:30:00,1610612747,1610612763,Regular Season,1
21900834,2020-02-21 22:30:00,1610612757,1610612740,Regular Season,0
21900832,2020-02-21 21:00:00,1610612762,1610612759,Regular Season,0
21900830,2020-02-21 20:00:00,1610612750,1610612738,Regular Season,0
21900831,2020-02-21 20:00:00,1610612760,1610612743,Regular Season,1
21900828,2020-02-21 19:30:00,1610612752,1610612754,Regular Season,0
21900829,2020-02-21 19:30:00,1610612761,1610612756,Regular Season,1
21900826,2020-02-21 19:00:00,1610612753,1610612742,Regular Season,0
21900827,2020-02-21 19:00:00,1610612764,1610612739,Regular Season,0
21900825,2020-02-20 22:30:00,1610612744,1610612745,Regular Season,0
21900824,2020-02-20 22:00:00,1610612758,1610612763,Regular Season,1
21900822,2020-02-20 20:00:00,1610612755,1610612751,Regular Season,1
21900823,2020-02-20 20:00:00,1610612741,1610612766,Regular Season,0
21900821,2020-02-20 19:30:00,1610612737,1610612748,Regular Season,1
21900820,2020-02-20 19:00:00,1610612765,1610612749,Regular Season,0
21900818,2020-02-13 20:00:00,1610612738,1610612746,Regular Season,1
21900819,2020-02-13 20:00:00,1610612740,1610612760,Regular Season,0
21900817,2020-02-12 22:00:00,1610612743,1610612747,Regular Season,0
21900815,2020-02-12 21:00:00,1610612756,1610612744,Regular Season,1
21900816,2020-02-12 21:00:00,1610612762,1610612748,Regular Season,1
21900814,2020-02-12 20:30:00,1610612742,1610612758,Regular Season,1
21900812,2020-02-12 20:00:00,1610612763,1610612757,Regular Season,1
21900813,2020-02-12 20:00:00,1610612750,1610612766,Regular Season,0
21900809,2020-02-12 19:30:00,1610612751,1610612761,Regular Season,1
21900810,2020-02-12 19:30:00,1610612754,1610612749,Regular Season,1
21900811,2020-02-12 19:30:00,1610612752,1610612764,Regular Season,0
21900807,2020-02-12 19:00:00,1610612739,1610612737,Regular Season,1
21900808,2020-02-12 19:00:00,1610612753,1610612765,Regular Season,1
21900806,2020-02-11 21:30:00,1610612745,1610612738,Regular Season,1
21900804,2020-02-11 20:00:00,1610612740,1610612757,Regular Season,1
21900805,2020-02-11 20:00:00,1610612760,1610612759,Regular Season,0
21900802,2020-02-11 19:00:00,1610612755,1610612746,Regular Season,1
21900803,2020-02-11 19:00:00,1610612764,1610612741,Regular Season,1
21900800,2020-02-10 22:30:00,1610612744,1610612748,Regular Season,0
21900801,2020-02-10 22:30:00,1610612747,1610612756,Regular Season,1
21900799,2020-02-10 21:00:00,1610612743,1610612759,Regular Season,1
21900798,2020-02-10 20:30:00,1610612742,1610612762,Regular Season,0
21900797,2020-02-10 20:00:00,1610612749,1610612758,Regular Season,1
21900796,2020-02-10 19:30:00,1610612761,1610612750,Regular Season,1
21900793,2020-02-10 19:00:00,1610612765,1610612766,Regular Season,0
21900794,2020-02-10 19:00:00,1610612754,1610612751,Regular Season,0
21900795,2020-02-10 19:00:00,1610612753,1610612737,Regular Season,1
21900792,2020-02-09 21:00:00,1610612757,1610612748,Regular Season,1
21900791,2020-02-09 19:30:00,1610612739,1610612746,Regular Season,0
21900790,2020-02-09 19:00:00,1610612745,1610612762,Regular Season,0
21900787,2020-02-09 18:00:00,1610612737,1610612752,Regular Season,1
21900788,2020-02-09 18:00:00,1610612755,1610612741,Regular Season,1
21900789,2020-02-09 18:00:00,1610612764,1610612763,Regular Season,0
21900786,2020-02-09 15:30:00,1610612760,1610612738,Regular Season,0
21900785,2020-02-08 22:00:00,1610612758,1610612759,Regular Season,1
21900784,2020-02-08 21:00:00,1610612756,1610612743,Regular Season,0
21900783,2020-02-08 20:30:00,1610612744,1610612747,Regular Season,0
21900782,2020-02-08 20:00:00,1610612750,1610612746,Regular Season,1
21900780,2020-02-08 19:30:00,1610612754,1610612740,Regular Season,0
21900781,2020-02-08 19:30:00,1610612761,1610612751,Regular Season,1
21900778,2020-02-08 19:00:00,1610612766,1610612742,Regular Season,0
21900779,2020-02-08 19:00:00,1610612765,1610612752,Regular Season,0
21900777,2020-02-08 17:00:00,1610612753,1610612749,Regular Season,0
21900776,2020-02-07 22:30:00,1610612762,1610612757,Regular Season,1
21900775,2020-02-07 22:00:00,1610612758,1610612748,Regular Season,1
21900774,2020-02-07 21:00:00,1610612756,1610612745,Regular Season,1
21900772,2020-02-07 20:00:00,1610612754,1610612761,Regular Season,0
21900773,2020-02-07 20:00:00,1610612760,1610612765,Regular Season,1
21900771,2020-02-07 19:30:00,1610612738,1610612737,Regular Season,1
21900769,2020-02-07 19:00:00,1610612755,1610612763,Regular Season,1
21900770,2020-02-07 19:00:00,1610612764,1610612742,Regular Season,1
21900768,2020-02-06 22:30:00,1610612747,1610612745,Regular Season,0
21900767,2020-02-06 22:00:00,1610612757,1610612759,Regular Season,1
21900765,2020-02-06 20:00:00,1610612741,1610612740,Regular Season,0
21900766,2020-02-06 20:00:00,1610612749,1610612755,Regular Season,1
21900764,2020-02-06 19:30:00,1610612752,1610612753,Regular Season,1
21900763,2020-02-05 22:00:00,1610612746,1610612748,Regular Season,1
21900762,2020-02-05 21:00:00,1610612762,1610612743,Regular Season,0
21900761,2020-02-05 20:30:00,1610612742,1610612763,Regular Season,0
21900759,2020-02-05 20:00:00,1610612750,1610612737,Regular Season,0
21900760,2020-02-05 20:00:00,1610612760,1610612739,Regular Season,1
21900756,2020-02-05 19:30:00,1610612738,1610612753,Regular Season,1
21900757,2020-02-05 19:30:00,1610612751,1610612744,Regular Season,1
21900758,2020-02-05 19:30:00,1610612761,1610612754,Regular Season,1
21900755,2020-02-05 19:00:00,1610612765,1610612756,Regular Season,1
21900754,2020-02-04 22:00:00,1610612747,1610612759,Regular Season,1
21900753,2020-02-04 21:00:00,1610612743,1610612757,Regular Season,1
21900752,2020-02-04 20:00:00,1610612745,1610612766,Regular Season,1
21900751,2020-02-04 19:30:00,1610612740,1610612749,Regular Season,0
21900750,2020-02-03 22:30:00,1610612746,1610612759,Regular Season,1
21900749,2020-02-03 22:00:00,1610612758,1610612750,Regular Season,1
21900748,2020-02-03 20:00:00,1610612763,1610612765,Regular Season,1
21900745,2020-02-03 19:30:00,1610612737,1610612738,Regular Season,0
21900746,2020-02-03 19:30:00,1610612751,1610612756,Regular Season,1
21900747,2020-02-03 19:30:00,1610612748,1610612755,Regular Season,1
21900741,2020-02-03 19:00:00,1610612766,1610612753,Regular Season,0
21900742,2020-02-03 19:00:00,1610612739,1610612752,Regular Season,0
21900743,2020-02-03 19:00:00,1610612754,1610612742,Regular Season,0
21900744,2020-02-03 19:00:00,1610612764,1610612744,Regular Season,0
21900740,2020-02-02 15:00:00,1610612761,1610612741,Regular Season,1
21900738,2020-02-02 14:00:00,1610612745,1610612740,Regular Season,1
21900739,2020-02-02 14:00:00,1610612749,1610612756,Regular Season,1
21900737,2020-02-02 12:30:00,1610612765,1610612743,Regular Season,1
21900735,2020-02-01 22:30:00,1610612757,1610612762,Regular Season,1
21900736,2020-02-01 22:00:00,1610612758,1610612747,Regular Season,0
21900734,2020-02-01 21:00:00,1610612759,1610612766,Regular Season,1
21900732,2020-02-01 20:30:00,1610612738,1610612755,Regular Season,1
21900733,2020-02-01 20:30:00,1610612742,1610612737,Regular Season,1
21900730,2020-02-01 20:00:00,1610612739,1610612744,Regular Season,0
21900731,2020-02-01 20:00:00,1610612764,1610612751,Regular Season,1
21900728,2020-02-01 19:00:00,1610612754,1610612752,Regular Season,0
21900729,2020-02-01 19:00:00,1610612753,1610612748,Regular Season,0
21900727,2020-02-01 15:30:00,1610612746,1610612750,Regular Season,1
21900726,2020-01-31 22:30:00,1610612747,1610612757,Regular Season,0
21900724,2020-01-31 21:00:00,1610612749,1610612743,Regular Season,0
21900725,2020-01-31 21:00:00,1610612756,1610612760,Regular Season,0
21900723,2020-01-31 20:00:00,1610612740,1610612763,Regular Season,1
21900721,2020-01-31 19:30:00,1610612751,1610612741,Regular Season,1
21900722,2020-01-31 19:30:00,1610612745,1610612742,Regular Season,1
21900720,2020-01-31 19:00:00,1610612765,1610612761,Regular Season,0
21900718,2020-01-30 22:30:00,1610612743,1610612762,Regular Season,1
21900719,2020-01-30 22:30:00,1610612746,1610612758,Regular Season,0
21900717,2020-01-30 20:00:00,1610612738,1610612744,Regular Season,1
21900716,2020-01-30 19:30:00,1610612737,1610612755,Regular Season,1
21900714,2020-01-30 19:00:00,1610612739,1610612761,Regular Season,0
21900715,2020-01-30 19:00:00,1610612764,1610612766,Regular Season,1
21900712,2020-01-29 22:00:00,1610612757,1610612745,Regular Season,1
21900713,2020-01-29 22:00:00,1610612758,1610612760,Regular Season,0
21900711,2020-01-29 20:30:00,1610612759,1610612762,Regular Season,1
21900709,2020-01-29 19:30:00,1610612751,1610612765,Regular Season,1
21900710,2020-01-29 19:30:00,1610612752,1610612763,Regular Season,0
21900708,2020-01-29 19:00:00,1610612754,1610612741,Regular Season,1
21900706,2020-01-28 20:30:00,1610612742,1610612756,Regular Season,0
21900701,2020-01-28 20:00:00,1610612748,1610612738,Regular Season,0
21900704,2020-01-28 20:00:00,1610612763,1610612743,Regular Season,1
21900705,2020-01-28 20:00:00,1610612749,1610612764,Regular Season,1
21900700,2020-01-28 19:30:00,1610612739,1610612740,Regular Season,0
21900703,2020-01-28 19:30:00,1610612761,1610612737,Regular Season,1
21900699,2020-01-28 19:00:00,1610612766,1610612752,Regular Season,1
21900702,2020-01-28 19:00:00,1610612755,1610612744,Regular Season,1
21900698,2020-01-27 21:00:00,1610612762,1610612745,Regular Season,0
21900695,2020-01-27 20:00:00,1610612741,1610612759,Regular Season,1
21900696,2020-01-27 20:00:00,1610612750,1610612758,Regular Season,0
21900697,2020-01-27 20:00:00,1610612760,1610612742,Regular Season,0
21900694,2020-01-27 19:30:00,1610612748,1610612753,Regular Season,1
21900693,2020-01-27 19:00:00,1610612765,1610612739,Regular Season,0
21900692,2020-01-26 21:00:00,1610612757,1610612754,Regular Season,1
21900687,2020-01-26 18:00:00,1610612737,1610612764,Regular Season,1
21900688,2020-01-26 18:00:00,1610612752,1610612751,Regular Season,1
21900689,2020-01-26 18:00:00,1610612753,1610612746,Regular Season,0
21900690,2020-01-26 18:00:00,1610612763,1610612756,Regular Season,1
21900691,2020-01-26 18:00:00,1610612740,1610612738,Regular Season,1
21900686,2020-01-26 16:00:00,1610612759,1610612761,Regular Season,0
21900685,2020-01-26 15:30:00,1610612743,1610612745,Regular Season,1
21900684,2020-01-25 20:30:00,1610612755,1610612747,Regular Season,1
21900682,2020-01-25 20:00:00,1610612739,1610612741,Regular Season,0
21900683,2020-01-25 20:00:00,1610612750,1610612760,Regular Season,0
21900681,2020-01-25 19:00:00,1610612765,1610612751,Regular Season,0
21900680,2020-01-25 17:00:00,1610612762,1610612742,Regular Season,1
21900679,2020-01-24 22:30:00,1610612744,1610612754,Regular Season,0
21900678,2020-01-24 20:30:00,1610612759,1610612756,Regular Season,0
21900673,2020-01-24 20:00:00,1610612748,1610612746,Regular Season,0
21900674,2020-01-24 20:00:00,1610612741,1610612758,Regular Season,0
21900675,2020-01-24 20:00:00,1610612750,1610612745,Regular Season,0
21900676,2020-01-24 20:00:00,1610612740,1610612743,Regular Season,0
21900677,2020-01-24 20:00:00,1610612760,1610612737,Regular Season,1
21900672,2020-01-24 19:30:00,1610612752,1610612761,Regular Season,0
21900670,2020-01-24 19:00:00,1610612765,1610612763,Regular Season,0
21900671,2020-01-24 19:00:00,1610612753,1610612738,Regular Season,0
21900669,2020-01-24 15:00:00,1610612766,1610612749,Regular Season,0
21900668,2020-01-23 22:30:00,1610612757,1610612742,Regular Season,0
21900667,2020-01-23 20:00:00,1610612751,1610612747,Regular Season,0
21900666,2020-01-23 19:00:00,1610612739,1610612764,Regular Season,0
21900665,2020-01-22 22:00:00,1610612744,1610612762,Regular Season,0
21900663,2020-01-22 21:30:00,1610612740,1610612759,Regular Season,0
21900664,2020-01-22 21:00:00,1610612756,1610612754,Regular Season,0
21900661,2020-01-22 20:00:00,1610612741,1610612750,Regular Season,1
21900662,2020-01-22 20:00:00,1610612745,1610612743,Regular Season,1
21900656,2020-01-22 19:30:00,1610612737,1610612746,Regular Season,1
21900657,2020-01-22 19:30:00,1610612738,1610612763,Regular Season,1
21900658,2020-01-22 19:30:00,1610612748,1610612764,Regular Season,1
21900659,2020-01-22 19:30:00,1610612752,1610612747,Regular Season,0
21900654,2020-01-22 19:00:00,1610612765,1610612758,Regular Season,1
21900655,2020-01-22 19:00:00,1610612753,1610612760,Regular Season,0
21900660,2020-01-22 19:00:00,1610612761,1610612755,Regular Season,1
21900653,2020-01-21 20:30:00,1610612742,1610612746,Regular Season,0
21900652,2020-01-20 22:00:00,1610612757,1610612744,Regular Season,1
21900650,2020-01-20 21:00:00,1610612756,1610612759,Regular Season,0
21900651,2020-01-20 21:00:00,1610612762,1610612754,Regular Season,1
21900649,2020-01-20 20:00:00,1610612750,1610612743,Regular Season,0
21900648,2020-01-20 19:30:00,1610612738,1610612747,Regular Season,1
21900642,2020-01-20 17:00:00,1610612766,1610612753,Regular Season,0
21900643,2020-01-20 17:00:00,1610612739,1610612752,Regular Season,0
21900644,2020-01-20 17:00:00,1610612748,1610612758,Regular Season,1
21900645,2020-01-20 17:00:00,1610612745,1610612760,Regular Season,0
21900646,2020-01-20 17:00:00,1610612763,1610612740,Regular Season,0
21900647,2020-01-20 17:00:00,1610612749,1610612741,Regular Season,1
21900641,2020-01-20 15:00:00,1610612751,1610612755,Regular Season,0
21900640,2020-01-20 14:30:00,1610612737,1610612761,Regular Season,0
21900639,2020-01-20 14:00:00,1610612764,1610612765,Regular Season,1
21900638,2020-01-19 20:00:00,1610612743,1610612754,Regular Season,0
21900637,2020-01-19 15:00:00,1610612759,1610612748,Regular Season,1
21900635,2020-01-18 21:00:00,1610612760,1610612757,Regular Season,1
21900636,2020-01-18 21:00:00,1610612762,1610612758,Regular Season,1
21900633,2020-01-18 20:30:00,1610612745,1610612747,Regular Season,0
21900634,2020-01-18 20:30:00,1610612744,1610612753,Regular Season,1
21900631,2020-01-18 20:00:00,1610612741,1610612739,Regular Season,1
21900632,2020-01-18 20:00:00,1610612750,1610612761,Regular Season,0
21900629,2020-01-18 19:30:00,1610612737,1610612765,Regular Season,0
21900630,2020-01-18 19:30:00,1610612752,1610612755,Regular Season,0
21900628,2020-01-18 19:00:00,1610612738,1610612756,Regular Season,0
21900627,2020-01-18 18:00:00,1610612751,1610612749,Regular Season,0
21900626,2020-01-18 15:30:00,1610612740,1610612746,Regular Season,0
21900625,2020-01-17 21:30:00,1610612742,1610612757,Regular Season,1
21900624,2020-01-17 20:30:00,1610612759,1610612737,Regular Season,0
21900622,2020-01-17 20:00:00,1610612763,1610612739,Regular Season,1
21900623,2020-01-17 20:00:00,1610612760,1610612748,Regular Season,0
21900619,2020-01-17 19:00:00,1610612754,1610612750,Regular Season,1
21900620,2020-01-17 19:00:00,1610612755,1610612741,Regular Season,1
21900621,2020-01-17 19:00:00,1610612761,1610612764,Regular Season,1
21900617,2020-01-16 22:30:00,1610612744,1610612743,Regular Season,0
21900618,2020-01-16 22:30:00,1610612746,1610612753,Regular Season,1
21900615,2020-01-16 20:00:00,1610612749,1610612738,Regular Season,1
21900616,2020-01-16 20:00:00,1610612740,1610612762,Regular Season,1
21900614,2020-01-16 19:30:00,1610612752,1610612756,Regular Season,0
21900613,2020-01-15 22:30:00,1610612747,1610612753,Regular Season,0
21900612,2020-01-15 22:00:00,1610612758,1610612742,Regular Season,0
21900611,2020-01-15 21:30:00,1610612745,1610612757,Regular Season,0
21900610,2020-01-15 21:00:00,1610612743,1610612766,Regular Season,1
21900607,2020-01-15 20:00:00,1610612741,1610612764,Regular Season,1
21900608,2020-01-15 20:00:00,1610612750,1610612754,Regular Season,0
21900609,2020-01-15 20:00:00,1610612760,1610612761,Regular Season,0
21900606,2020-01-15 19:30:00,1610612748,1610612759,Regular Season,1
21900604,2020-01-15 19:00:00,1610612738,1610612765,Regular Season,0
21900605,2020-01-15 19:00:00,1610612755,1610612751,Regular Season,1
21900602,2020-01-14 22:30:00,1610612744,1610612742,Regular Season,0
21900603,2020-01-14 22:30:00,1610612746,1610612739,Regular Season,1
21900600,2020-01-14 20:00:00,1610612763,1610612745,Regular Season,1
21900601,2020-01-14 20:00:00,1610612749,1610612752,Regular Season,1
21900598,2020-01-14 19:30:00,1610612737,1610612756,Regular Season,1
21900599,2020-01-14 19:30:00,1610612751,1610612762,Regular Season,0
21900597,2020-01-13 22:30:00,1610612747,1610612739,Regular Season,1
21900595,2020-01-13 22:00:00,1610612757,1610612766,Regular Season,1
21900596,2020-01-13 22:00:00,1610612758,1610612753,Regular Season,0
21900594,2020-01-13 20:00:00,1610612750,1610612760,Regular Season,0
21900593,2020-01-13 19:30:00,1610612738,1610612741,Regular Season,1
21900591,2020-01-13 19:00:00,1610612765,1610612740,Regular Season,0
21900592,2020-01-13 19:00:00,1610612754,1610612755,Regular Season,1
21900589,2020-01-12 20:00:00,1610612743,1610612746,Regular Season,1
21900590,2020-01-12 20:00:00,1610612756,1610612766,Regular Season,1
21900586,2020-01-12 18:00:00,1610612751,1610612737,Regular Season,1
21900587,2020-01-12 18:00:00,1610612761,1610612759,Regular Season,0
21900588,2020-01-12 18:00:00,1610612763,1610612744,Regular Season,1
21900584,2020-01-12 15:30:00,1610612752,1610612748,Regular Season,1
21900585,2020-01-12 15:30:00,1610612764,1610612762,Regular Season,0
21900583,2020-01-11 22:00:00,1610612757,1610612749,Regular Season,0
21900582,2020-01-11 21:00:00,1610612743,1610612739,Regular Season,0
21900581,2020-01-11 20:30:00,1610612742,1610612755,Regular Season,1
21900580,2020-01-11 20:00:00,1610612760,1610612747,Regular Season,0
21900578,2020-01-11 19:00:00,1610612738,1610612740,Regular Season,1
21900579,2020-01-11 19:00:00,1610612765,1610612741,Regular Season,0
21900577,2020-01-11 17:00:00,1610612745,1610612750,Regular Season,1
21900576,2020-01-10 22:30:00,1610612746,1610612744,Regular Season,1
21900575,2020-01-10 22:00:00,1610612758,1610612749,Regular Season,0
21900572,2020-01-10 21:45:00,1610612742,1610612747,Regular Season,0
21900573,2020-01-10 21:00:00,1610612756,1610612753,Regular Season,1
21900574,2020-01-10 21:00:00,1610612762,1610612766,Regular Season,1
21900570,2020-01-10 20:00:00,1610612741,1610612754,Regular Season,0
21900571,2020-01-10 20:00:00,1610612763,1610612759,Regular Season,1
21900568,2020-01-10 19:30:00,1610612751,1610612748,Regular Season,1
21900569,2020-01-10 19:15:00,1610612752,1610612740,Regular Season,0
21900567,2020-01-10 19:00:00,1610612764,1610612737,Regular Season,1
21900566,2020-01-09 21:30:00,1610612760,1610612745,Regular Season,1
21900565,2020-01-09 20:00:00,1610612750,1610612757,Regular Season,1
21900563,2020-01-09 19:00:00,1610612765,1610612739,Regular Season,0
21900564,2020-01-09 19:00:00,1610612755,1610612738,Regular Season,1
21900562,2020-01-08 22:00:00,1610612744,1610612749,Regular Season,0
21900561,2020-01-08 21:00:00,1610612762,1610612752,Regular Season,1
21900560,2020-01-08 20:00:00,1610612740,1610612741,Regular Season,1
21900558,2020-01-08 19:30:00,1610612737,1610612745,Regular Season,0
21900559,2020-01-08 19:30:00,1610612742,1610612743,Regular Season,0
21900554,2020-01-08 19:00:00,1610612738,1610612759,Regular Season,0
21900555,2020-01-08 19:00:00,1610612766,1610612761,Regular Season,0
21900556,2020-01-08 19:00:00,1610612754,1610612748,Regular Season,0
21900557,2020-01-08 19:00:00,1610612753,1610612764,Regular Season,1
21900553,2020-01-07 22:30:00,1610612747,1610612752,Regular Season,1
21900552,2020-01-07 21:00:00,1610612756,1610612758,Regular Season,0
21900551,2020-01-07 20:00:00,1610612763,1610612750,Regular Season,1
21900550,2020-01-07 19:30:00,1610612751,1610612760,Regular Season,0
21900548,2020-01-07 19:00:00,1610612739,1610612765,Regular Season,0
21900549,2020-01-07 19:00:00,1610612761,1610612757,Regular Season,0
21900547,2020-01-06 22:00:00,1610612758,1610612744,Regular Season,1
21900545,2020-01-06 20:30:00,1610612742,1610612741,Regular Season,1
21900546,2020-01-06 20:30:00,1610612759,1610612749,Regular Season,1
21900544,2020-01-06 20:00:00,1610612740,1610612762,Regular Season,0
21900543,2020-01-06 19:30:00,1610612737,1610612743,Regular Season,0
21900539,2020-01-06 19:00:00,1610612766,1610612754,Regular Season,0
21900540,2020-01-06 19:00:00,1610612753,1610612751,Regular Season,1
21900541,2020-01-06 19:00:00,1610612755,1610612760,Regular Season,1
21900542,2020-01-06 19:00:00,1610612764,1610612738,Regular Season,1
21900538,2020-01-05 22:00:00,1610612747,1610612765,Regular Season,1
21900537,2020-01-05 20:00:00,1610612756,1610612763,Regular Season,0
21900536,2020-01-05 19:30:00,1610612739,1610612750,Regular Season,0
21900535,2020-01-05 18:00:00,1610612748,1610612757,Regular Season,1
21900534,2020-01-05 15:30:00,1610612746,1610612752,Regular Season,1
21900533,2020-01-04 22:00:00,1610612758,1610612740,Regular Season,0
21900530,2020-01-04 20:30:00,1610612742,1610612766,Regular Season,0
21900531,2020-01-04 20:30:00,1610612749,1610612759,Regular Season,1
21900532,2020-01-04 20:30:00,1610612744,1610612765,Regular Season,0
21900528,2020-01-04 20:00:00,1610612764,1610612743,Regular Season,1
21900529,2020-01-04 20:00:00,1610612741,1610612738,Regular Season,0
21900526,2020-01-04 19:30:00,1610612737,1610612754,Regular Season,1
21900527,2020-01-04 19:30:00,1610612739,1610612760,Regular Season,0
21900525,2020-01-04 19:00:00,1610612753,1610612762,Regular Season,0
21900524,2020-01-04 18:00:00,1610612751,1610612761,Regular Season,0
21900523,2020-01-04 15:30:00,1610612746,1610612763,Regular Season,0
21900522,2020-01-03 22:30:00,1610612747,1610612740,Regular Season,1
21900521,2020-01-03 21:00:00,1610612756,1610612752,Regular Season,1
21900520,2020-01-03 20:00:00,1610612745,1610612755,Regular Season,1
21900517,2020-01-03 19:00:00,1610612738,1610612737,Regular Season,1
21900518,2020-01-03 19:00:00,1610612753,1610612748,Regular Season,1
21900519,2020-01-03 19:00:00,1610612764,1610612757,Regular Season,0
21900516,2020-01-02 22:30:00,1610612746,1610612765,Regular Season,1
21900515,2020-01-02 22:00:00,1610612758,1610612763,Regular Season,1
21900513,2020-01-02 20:30:00,1610612742,1610612751,Regular Season,1
21900514,2020-01-02 20:30:00,1610612759,1610612760,Regular Season,0
21900511,2020-01-02 20:00:00,1610612741,1610612762,Regular Season,0
21900512,2020-01-02 20:00:00,1610612750,1610612744,Regular Season,1
21900510,2020-01-02 19:30:00,1610612748,1610612761,Regular Season,1
21900508,2020-01-02 19:00:00,1610612739,1610612766,Regular Season,0
21900509,2020-01-02 19:00:00,1610612754,1610612743,Regular Season,0
21900507,2020-01-01 22:30:00,1610612747,1610612756,Regular Season,1
21900506,2020-01-01 20:00:00,1610612749,1610612750,Regular Season,1
21900505,2020-01-01 19:30:00,1610612752,1610612757,Regular Season,1
21900504,2020-01-01 18:00:00,1610612764,1610612753,Regular Season,0
21900503,2019-12-31 20:00:00,1610612760,1610612742,Regular Season,1
21900500,2019-12-31 19:00:00,1610612761,1610612739,Regular Season,1
21900501,2019-12-31 19:00:00,1610612745,1610612743,Regular Season,1
21900502,2019-12-31 19:00:00,1610612759,1610612744,Regular Season,1
21900499,2019-12-31 17:00:00,1610612758,1610612746,Regular Season,0
21900497,2019-12-31 15:00:00,1610612766,1610612738,Regular Season,0
21900498,2019-12-31 15:00:00,1610612754,1610612755,Regular Season,1
21900496,2019-12-30 22:00:00,1610612757,1610612756,Regular Season,0
21900495,2019-12-30 21:00:00,1610612762,1610612765,Regular Season,1
21900493,2019-12-30 20:00:00,1610612741,1610612749,Regular Season,0
21900494,2019-12-30 20:00:00,1610612750,1610612751,Regular Season,1
21900491,2019-12-30 19:00:00,1610612753,1610612737,Regular Season,0
21900492,2019-12-30 19:00:00,1610612764,1610612748,Regular Season,1
21900490,2019-12-29 21:30:00,1610612747,1610612742,Regular Season,1
21900487,2019-12-29 20:00:00,1610612763,1610612766,Regular Season,1
21900488,2019-12-29 20:00:00,1610612740,1610612745,Regular Season,1
21900489,2019-12-29 20:00:00,1610612743,1610612758,Regular Season,1
21900486,2019-12-29 18:00:00,1610612761,1610612760,Regular Season,0
21900485,2019-12-28 22:30:00,1610612746,1610612762,Regular Season,0
21900484,2019-12-28 22:00:00,1610612757,1610612747,Regular Season,0
21900483,2019-12-28 21:00:00,1610612758,1610612756,Regular Season,0
21900480,2019-12-28 20:30:00,1610612749,1610612753,Regular Season,1
21900481,2019-12-28 20:30:00,1610612759,1610612765,Regular Season,1
21900482,2019-12-28 20:30:00,1610612744,1610612742,Regular Season,0
21900475,2019-12-28 20:00:00,1610612748,1610612755,Regular Season,1
21900476,2019-12-28 20:00:00,1610612764,1610612752,Regular Season,0
21900477,2019-12-28 20:00:00,1610612741,1610612737,Regular Season,1
21900478,2019-12-28 20:00:00,1610612745,1610612751,Regular Season,1
21900479,2019-12-28 20:00:00,1610612750,1610612739,Regular Season,0
21900473,2019-12-28 19:00:00,1610612738,1610612761,Regular Season,0
21900474,2019-12-28 19:00:00,1610612740,1610612754,Regular Season,1
21900472,2019-12-28 17:00:00,1610612743,1610612763,Regular Season,1
21900471,2019-12-27 22:30:00,1610612744,1610612756,Regular Season,1
21900470,2019-12-27 20:00:00,1610612748,1610612754,Regular Season,1
21900469,2019-12-27 19:30:00,1610612737,1610612749,Regular Season,0
21900467,2019-12-27 19:00:00,1610612766,1610612760,Regular Season,0
21900468,2019-12-27 19:00:00,1610612753,1610612755,Regular Season,1
21900466,2019-12-27 16:00:00,1610612738,1610612739,Regular Season,1
21900465,2019-12-26 22:30:00,1610612762,1610612757,Regular Season,1
21900464,2019-12-26 22:00:00,1610612758,1610612750,Regular Season,0
21900462,2019-12-26 20:00:00,1610612760,1610612763,Regular Season,0
21900463,2019-12-26 20:00:00,1610612742,1610612759,Regular Season,1
21900461,2019-12-26 19:30:00,1610612751,1610612752,Regular Season,0
21900460,2019-12-26 19:00:00,1610612765,1610612764,Regular Season,1
21900459,2019-12-25 22:30:00,1610612743,1610612740,Regular Season,0
21900458,2019-12-25 20:00:00,1610612747,1610612746,Regular Season,0
21900457,2019-12-25 17:00:00,1610612744,1610612745,Regular Season,1
21900456,2019-12-25 14:30:00,1610612755,1610612749,Regular Season,1
21900455,2019-12-25 12:00:00,1610612761,1610612738,Regular Season,0
21900454,2019-12-23 22:30:00,1610612744,1610612750,Regular Season,1
21900452,2019-12-23 22:00:00,1610612757,1610612740,Regular Season,0
21900453,2019-12-23 22:00:00,1610612758,1610612745,Regular Season,0
21900451,2019-12-23 21:00:00,1610612756,1610612743,Regular Season,0
21900450,2019-12-23 20:00:00,1610612763,1610612759,Regular Season,0
21900449,2019-12-23 19:30:00,1610612748,1610612762,Regular Season,1
21900444,2019-12-23 19:00:00,1610612739,1610612737,Regular Season,1
21900445,2019-12-23 19:00:00,1610612765,1610612755,Regular Season,0
21900446,2019-12-23 19:00:00,1610612754,1610612761,Regular Season,1
21900447,2019-12-23 19:00:00,1610612752,1610612764,Regular Season,0
21900448,2019-12-23 19:00:00,1610612753,1610612741,Regular Season,1
21900443,2019-12-22 21:30:00,1610612747,1610612743,Regular Season,0
21900441,2019-12-22 19:00:00,1610612749,1610612754,Regular Season,1
21900442,2019-12-22 19:00:00,1610612760,1610612746,Regular Season,1
21900440,2019-12-22 18:00:00,1610612738,1610612766,Regular Season,1
21900439,2019-12-22 15:30:00,1610612761,1610612742,Regular Season,1
21900438,2019-12-21 22:00:00,1610612757,1610612750,Regular Season,1
21900437,2019-12-21 21:00:00,1610612756,1610612745,Regular Season,0
21900436,2019-12-21 20:30:00,1610612759,1610612746,Regular Season,0
21900435,2019-12-21 20:00:00,1610612763,1610612758,Regular Season,1
21900434,2019-12-21 19:30:00,1610612752,1610612749,Regular Season,0
21900432,2019-12-21 19:00:00,1610612765,1610612741,Regular Season,0
21900433,2019-12-21 19:00:00,1610612755,1610612764,Regular Season,1
21900431,2019-12-21 18:00:00,1610612751,1610612737,Regular Season,1
21900430,2019-12-21 17:00:00,1610612766,1610612762,Regular Season,0
21900429,2019-12-20 22:30:00,1610612744,1610612740,Regular Season,1
21900428,2019-12-20 22:00:00,1610612757,1610612753,Regular Season,1
21900427,2019-12-20 21:00:00,1610612743,1610612750,Regular Season,1
21900424,2019-12-20 20:00:00,1610612748,1610612752,Regular Season,1
21900425,2019-12-20 20:00:00,1610612755,1610612742,Regular Season,0
21900426,2019-12-20 20:00:00,1610612760,1610612756,Regular Season,1
21900422,2019-12-20 19:30:00,1610612738,1610612765,Regular Season,1
21900423,2019-12-20 19:30:00,1610612761,1610612764,Regular Season,1
21900420,2019-12-20 19:00:00,1610612739,1610612763,Regular Season,1
21900421,2019-12-20 19:00:00,1610612754,1610612758,Regular Season,1
21900419,2019-12-19 22:30:00,1610612746,1610612745,Regular Season,0
21900418,2019-12-19 20:30:00,1610612759,1610612751,Regular Season,1
21900417,2019-12-19 20:00:00,1610612749,1610612747,Regular Season,1
21900416,2019-12-19 19:30:00,1610612737,1610612762,Regular Season,0
21900415,2019-12-18 22:00:00,1610612757,1610612744,Regular Season,1
21900413,2019-12-18 21:30:00,1610612742,1610612738,Regular Season,0
21900414,2019-12-18 21:00:00,1610612743,1610612753,Regular Season,1
21900411,2019-12-18 20:00:00,1610612750,1610612740,Regular Season,0
21900412,2019-12-18 20:00:00,1610612760,1610612763,Regular Season,1
21900407,2019-12-18 19:00:00,1610612739,1610612766,Regular Season,1
21900408,2019-12-18 19:00:00,1610612765,1610612761,Regular Season,0
21900409,2019-12-18 19:00:00,1610612764,1610612741,Regular Season,0
21900410,2019-12-18 19:00:00,1610612755,1610612748,Regular Season,0
21900406,2019-12-17 22:30:00,1610612746,1610612756,Regular Season,1
21900405,2019-12-17 21:00:00,1610612762,1610612753,Regular Season,1
21900404,2019-12-17 20:00:00,1610612740,1610612751,Regular Season,0
21900403,2019-12-17 19:30:00,1610612752,1610612737,Regular Season,1
21900401,2019-12-17 19:00:00,1610612766,1610612758,Regular Season,1
21900402,2019-12-17 19:00:00,1610612754,1610612747,Regular Season,1
21900400,2019-12-16 21:00:00,1610612756,1610612757,Regular Season,0
21900396,2019-12-16 20:00:00,1610612745,1610612759,Regular Season,1
21900397,2019-12-16 20:00:00,1610612763,1610612748,Regular Season,1
21900398,2019-12-16 20:00:00,1610612749,1610612742,Regular Season,0
21900399,2019-12-16 20:00:00,1610612760,1610612741,Regular Season,1
21900395,2019-12-16 19:30:00,1610612761,1610612739,Regular Season,1
21900394,2019-12-16 19:00:00,1610612765,1610612764,Regular Season,0
21900393,2019-12-15 20:30:00,1610612744,1610612758,Regular Season,0
21900392,2019-12-15 20:00:00,1610612743,1610612752,Regular Season,1
21900390,2019-12-15 18:00:00,1610612737,1610612747,Regular Season,0
21900391,2019-12-15 18:00:00,1610612751,1610612755,Regular Season,1
21900389,2019-12-15 17:00:00,1610612754,1610612766,Regular Season,1
21900388,2019-12-15 15:30:00,1610612740,1610612753,Regular Season,0
21900386,2019-12-14 21:00:00,1610612745,1610612765,Regular Season,0
21900387,2019-12-14 21:00:00,1610612743,1610612760,Regular Season,1
21900384,2019-12-14 20:30:00,1610612742,1610612748,Regular Season,0
21900385,2019-12-14 20:30:00,1610612749,1610612739,Regular Season,1
21900382,2019-12-14 20:00:00,1610612741,1610612746,Regular Season,1
21900383,2019-12-14 20:00:00,1610612763,1610612764,Regular Season,1
21900381,2019-12-14 19:30:00,1610612761,1610612751,Regular Season,1
21900380,2019-12-14 17:00:00,1610612756,1610612759,Regular Season,0
21900378,2019-12-13 22:00:00,1610612758,1610612752,Regular Season,0
21900377,2019-12-13 21:30:00,1610612750,1610612746,Regular Season,0
21900379,2019-12-13 21:00:00,1610612762,1610612744,Regular Season,1
21900375,2019-12-13 20:00:00,1610612741,1610612766,Regular Season,0
21900376,2019-12-13 20:00:00,1610612763,1610612749,Regular Season,0
21900373,2019-12-13 19:30:00,1610612737,1610612754,Regular Season,0
21900371,2019-12-13 19:00:00,1610612753,1610612745,Regular Season,0
21900372,2019-12-13 19:00:00,1610612755,1610612740,Regular Season,1
21900374,2019-12-13 19:00:00,1610612748,1610612747,Regular Season,0
21900370,2019-12-12 22:30:00,1610612743,1610612757,Regular Season,1
21900369,2019-12-12 21:00:00,1610612765,1610612742,Regular Season,0
21900368,2019-12-12 20:30:00,1610612759,1610612739,Regular Season,0
21900367,2019-12-12 20:00:00,1610612738,1610612755,Regular Season,0
21900366,2019-12-11 22:30:00,1610612744,1610612752,Regular Season,0
21900365,2019-12-11 22:00:00,1610612758,1610612760,Regular Season,1
21900364,2019-12-11 21:30:00,1610612749,1610612740,Regular Season,1
21900363,2019-12-11 21:00:00,1610612756,1610612763,Regular Season,0
21900361,2019-12-11 20:00:00,1610612741,1610612737,Regular Season,1
21900362,2019-12-11 20:00:00,1610612750,1610612762,Regular Season,0
21900360,2019-12-11 19:30:00,1610612751,1610612766,Regular Season,0
21900356,2019-12-11 19:00:00,1610612739,1610612745,Regular Season,0
21900357,2019-12-11 19:00:00,1610612754,1610612738,Regular Season,1
21900358,2019-12-11 19:00:00,1610612753,1610612747,Regular Season,0
21900359,2019-12-11 19:00:00,1610612761,1610612746,Regular Season,0
21900355,2019-12-10 22:00:00,1610612757,1610612752,Regular Season,1
21900353,2019-12-10 20:00:00,1610612755,1610612743,Regular Season,1
21900354,2019-12-10 20:00:00,1610612748,1610612737,Regular Season,1
21900352,2019-12-10 19:00:00,1610612766,1610612764,Regular Season,1
21900351,2019-12-09 22:30:00,1610612744,1610612763,Regular Season,0
21900349,2019-12-09 21:00:00,1610612756,1610612750,Regular Season,1
21900350,2019-12-09 21:00:00,1610612762,1610612760,Regular Season,0
21900345,2019-12-09 20:00:00,1610612741,1610612761,Regular Season,0
21900346,2019-12-09 20:00:00,1610612745,1610612758,Regular Season,0
21900347,2019-12-09 20:00:00,1610612749,1610612753,Regular Season,1
21900348,2019-12-09 20:00:00,1610612740,1610612765,Regular Season,0
21900344,2019-12-09 19:30:00,1610612738,1610612739,Regular Season,1
21900343,2019-12-09 19:00:00,1610612754,1610612746,Regular Season,0
21900342,2019-12-08 21:30:00,1610612747,1610612750,Regular Season,1
21900341,2019-12-08 21:00:00,1610612757,1610612760,Regular Season,0
21900340,2019-12-08 19:00:00,1610612742,1610612758,Regular Season,0
21900337,2019-12-08 18:00:00,1610612748,1610612741,Regular Season,1
21900338,2019-12-08 18:00:00,1610612755,1610612761,Regular Season,1
21900339,2019-12-08 18:00:00,1610612764,1610612746,Regular Season,0
21900336,2019-12-08 17:00:00,1610612766,1610612737,Regular Season,0
21900335,2019-12-08 15:00:00,1610612751,1610612743,Regular Season,1
21900334,2019-12-07 22:00:00,1610612762,1610612763,Regular Season,1
21900333,2019-12-07 20:00:00,1610612745,1610612756,Regular Season,1
21900331,2019-12-07 19:30:00,1610612752,1610612754,Regular Season,0
21900332,2019-12-07 19:30:00,1610612755,1610612739,Regular Season,1
21900330,2019-12-07 14:00:00,1610612742,1610612740,Regular Season,1
21900329,2019-12-06 22:30:00,1610612757,1610612747,Regular Season,0
21900327,2019-12-06 20:30:00,1610612749,1610612746,Regular Season,1
21900328,2019-12-06 20:30:00,1610612759,1610612758,Regular Season,1
21900323,2019-12-06 20:00:00,1610612738,1610612743,Regular Season,1
21900324,2019-12-06 20:00:00,1610612748,1610612764,Regular Season,1
21900325,2019-12-06 20:00:00,1610612741,1610612744,Regular Season,0
21900326,2019-12-06 20:00:00,1610612760,1610612750,Regular Season,1
21900320,2019-12-06 19:00:00,1610612766,1610612751,Regular Season,0
21900321,2019-12-06 19:00:00,1610612739,1610612753,Regular Season,0
21900322,2019-12-06 19:00:00,1610612765,1610612754,Regular Season,1
21900319,2019-12-05 20:00:00,1610612740,1610612756,Regular Season,0
21900317,2019-12-05 19:30:00,1610612752,1610612743,Regular Season,0
21900318,2019-12-05 19:30:00,1610612761,1610612745,Regular Season,0
21900316,2019-12-05 19:00:00,1610612764,1610612755,Regular Season,1
21900315,2019-12-04 22:00:00,1610612757,1610612758,Regular Season,1
21900314,2019-12-04 21:00:00,1610612762,1610612747,Regular Season,0
21900313,2019-12-04 20:30:00,1610612742,1610612750,Regular Season,1
21900311,2019-12-04 20:00:00,1610612741,1610612763,Regular Season,1
21900312,2019-12-04 20:00:00,1610612760,1610612754,Regular Season,0
21900309,2019-12-04 19:30:00,1610612737,1610612751,Regular Season,0
21900310,2019-12-04 19:30:00,1610612738,1610612748,Regular Season,1
21900306,2019-12-04 19:00:00,1610612766,1610612744,Regular Season,1
21900307,2019-12-04 19:00:00,1610612765,1610612749,Regular Season,0
21900308,2019-12-04 19:00:00,1610612753,1610612756,Regular Season,1
21900305,2019-12-03 22:00:00,1610612746,1610612757,Regular Season,1
21900304,2019-12-03 21:00:00,1610612743,1610612747,Regular Season,0
21900303,2019-12-03 20:30:00,1610612759,1610612745,Regular Season,1
21900301,2019-12-03 19:30:00,1610612761,1610612748,Regular Season,0
21900302,2019-12-03 19:30:00,1610612740,1610612742,Regular Season,0
21900299,2019-12-03 19:00:00,1610612739,1610612765,Regular Season,0
21900300,2019-12-03 19:00:00,1610612764,1610612753,Regular Season,0
21900298,2019-12-02 22:00:00,1610612758,1610612741,Regular Season,0
21900296,2019-12-02 20:00:00,1610612763,1610612754,Regular Season,0
21900297,2019-12-02 20:00:00,1610612749,1610612752,Regular Season,1
21900295,2019-12-02 19:30:00,1610612737,1610612744,Regular Season,1
21900293,2019-12-02 19:00:00,1610612766,1610612756,Regular Season,0
21900294,2019-12-02 19:00:00,1610612755,1610612762,Regular Season,1
21900292,2019-12-01 22:30:00,1610612746,1610612764,Regular Season,1
21900290,2019-12-01 18:00:00,1610612753,1610612744,Regular Season,1
21900291,2019-12-01 18:00:00,1610612761,1610612762,Regular Season,1
21900288,2019-12-01 17:00:00,1610612765,1610612759,Regular Season,1
21900289,2019-12-01 17:00:00,1610612740,1610612760,Regular Season,0
21900287,2019-12-01 16:00:00,1610612747,1610612742,Regular Season,0
21900285,2019-12-01 15:30:00,1610612752,1610612738,Regular Season,0
21900286,2019-12-01 15:30:00,1610612750,1610612763,Regular Season,0
21900284,2019-12-01 15:00:00,1610612751,1610612748,Regular Season,0
21900282,2019-11-30 20:00:00,1610612745,1610612737,Regular Season,1
21900283,2019-11-30 20:00:00,1610612749,1610612766,Regular Season,1
21900281,2019-11-30 19:00:00,1610612755,1610612754,Regular Season,1
21900280,2019-11-30 17:00:00,1610612758,1610612743,Regular Season,1
21900279,2019-11-29 22:30:00,1610612747,1610612764,Regular Season,1
21900278,2019-11-29 22:00:00,1610612757,1610612741,Regular Season,1
21900277,2019-11-29 21:00:00,1610612756,1610612742,Regular Season,0
21900276,2019-11-29 20:30:00,1610612759,1610612746,Regular Season,1
21900272,2019-11-29 20:00:00,1610612754,1610612737,Regular Season,1
21900273,2019-11-29 20:00:00,1610612748,1610612744,Regular Season,1
21900274,2019-11-29 20:00:00,1610612763,1610612762,Regular Season,0
21900275,2019-11-29 20:00:00,1610612760,1610612740,Regular Season,1
21900270,2019-11-29 19:30:00,1610612739,1610612749,Regular Season,0
21900271,2019-11-29 19:30:00,1610612752,1610612755,Regular Season,0
21900268,2019-11-29 19:00:00,1610612765,1610612766,Regular Season,0
21900269,2019-11-29 19:00:00,1610612753,1610612761,Regular Season,0
21900267,2019-11-29 12:00:00,1610612751,1610612738,Regular Season,1
21900266,2019-11-27 22:30:00,1610612744,1610612741,Regular Season,1
21900265,2019-11-27 22:00:00,1610612757,1610612760,Regular Season,1
21900264,2019-11-27 21:30:00,1610612740,1610612747,Regular Season,0
21900263,2019-11-27 21:00:00,1610612756,1610612764,Regular Season,0
21900262,2019-11-27 20:30:00,1610612759,1610612750,Regular Season,0
21900259,2019-11-27 20:00:00,1610612745,1610612748,Regular Season,1
21900260,2019-11-27 20:00:00,1610612763,1610612746,Regular Season,0
21900261,2019-11-27 20:00:00,1610612749,1610612737,Regular Season,1
21900258,2019-11-27 19:30:00,1610612761,1610612752,Regular Season,1
21900253,2019-11-27 19:00:00,1610612738,1610612751,Regular Season,1
21900254,2019-11-27 19:00:00,1610612766,1610612765,Regular Season,1
21900255,2019-11-27 19:00:00,1610612739,1610612753,Regular Season,0
21900256,2019-11-27 19:00:00,1610612754,1610612762,Regular Season,1
21900257,2019-11-27 19:00:00,1610612755,1610612758,Regular Season,1
21900252,2019-11-26 21:00:00,1610612743,1610612764,Regular Season,1
21900251,2019-11-26 20:30:00,1610612742,1610612746,Regular Season,0
21900250,2019-11-25 22:30:00,1610612744,1610612760,Regular Season,0
21900249,2019-11-25 20:30:00,1610612759,1610612747,Regular Season,0
21900247,2019-11-25 20:00:00,1610612741,1610612757,Regular Season,0
21900248,2019-11-25 20:00:00,1610612749,1610612762,Regular Season,1
21900243,2019-11-25 19:30:00,1610612737,1610612750,Regular Season,0
21900244,2019-11-25 19:30:00,1610612738,1610612758,Regular Season,1
21900245,2019-11-25 19:30:00,1610612748,1610612766,Regular Season,1
21900246,2019-11-25 19:30:00,1610612761,1610612755,Regular Season,1
21900240,2019-11-25 19:00:00,1610612739,1610612751,Regular Season,0
21900241,2019-11-25 19:00:00,1610612765,1610612753,Regular Season,1
21900242,2019-11-25 19:00:00,1610612754,1610612763,Regular Season,1
21900239,2019-11-24 21:00:00,1610612746,1610612740,Regular Season,1
21900238,2019-11-24 20:00:00,1610612743,1610612756,Regular Season,1
21900236,2019-11-24 18:00:00,1610612752,1610612751,Regular Season,0
21900237,2019-11-24 18:00:00,1610612764,1610612758,Regular Season,0
21900235,2019-11-24 15:30:00,1610612745,1610612742,Regular Season,0
21900234,2019-11-23 21:00:00,1610612762,1610612740,Regular Season,1
21900233,2019-11-23 20:30:00,1610612749,1610612765,Regular Season,1
21900231,2019-11-23 20:00:00,1610612739,1610612757,Regular Season,1
21900232,2019-11-23 20:00:00,1610612763,1610612747,Regular Season,0
21900228,2019-11-23 19:30:00,1610612737,1610612761,Regular Season,0
21900229,2019-11-23 19:30:00,1610612752,1610612759,Regular Season,0
21900230,2019-11-23 19:30:00,1610612755,1610612748,Regular Season,1
21900226,2019-11-23 19:00:00,1610612766,1610612741,Regular Season,0
21900227,2019-11-23 19:00:00,1610612754,1610612753,Regular Season,1
21900225,2019-11-23 17:00:00,1610612750,1610612756,Regular Season,0
21900224,2019-11-22 22:30:00,1610612746,1610612745,Regular Season,1
21900222,2019-11-22 21:00:00,1610612743,1610612738,Regular Season,1
21900223,2019-11-22 21:00:00,1610612762,1610612744,Regular Season,1
21900221,2019-11-22 20:30:00,1610612742,1610612739,Regular Season,1
21900218,2019-11-22 20:00:00,1610612755,1610612759,Regular Season,1
21900219,2019-11-22 20:00:00,1610612741,1610612748,Regular Season,0
21900220,2019-11-22 20:00:00,1610612760,1610612747,Regular Season,0
21900217,2019-11-22 19:30:00,1610612751,1610612758,Regular Season,1
21900215,2019-11-22 19:00:00,1610612765,1610612737,Regular Season,1
21900216,2019-11-22 19:00:00,1610612764,1610612766,Regular Season,1
21900214,2019-11-21 22:30:00,1610612756,1610612740,Regular Season,0
21900213,2019-11-21 20:00:00,1610612749,1610612757,Regular Season,1
21900212,2019-11-20 22:00:00,1610612746,1610612738,Regular Season,1
21900211,2019-11-20 21:00:00,1610612743,1610612745,Regular Season,1
21900209,2019-11-20 20:00:00,1610612741,1610612765,Regular Season,1
21900210,2019-11-20 20:00:00,1610612750,1610612762,Regular Season,0
21900204,2019-11-20 19:30:00,1610612737,1610612749,Regular Season,0
21900205,2019-11-20 19:30:00,1610612751,1610612766,Regular Season,1
21900206,2019-11-20 19:30:00,1610612748,1610612739,Regular Season,1
21900207,2019-11-20 19:30:00,1610612761,1610612753,Regular Season,1
21900208,2019-11-20 19:30:00,1610612742,1610612744,Regular Season,1
21900202,2019-11-20 19:00:00,1610612755,1610612752,Regular Season,1
21900203,2019-11-20 19:00:00,1610612764,1610612759,Regular Season,1
21900201,2019-11-19 22:30:00,1610612747,1610612760,Regular Season,1
21900200,2019-11-19 22:00:00,1610612758,1610612756,Regular Season,1
21900198,2019-11-19 20:00:00,1610612763,1610612744,Regular Season,0
21900199,2019-11-19 20:00:00,1610612740,1610612757,Regular Season,1
21900197,2019-11-18 22:30:00,1610612746,1610612760,Regular Season,1
21900195,2019-11-18 21:00:00,1610612756,1610612738,Regular Season,0
21900196,2019-11-18 21:00:00,1610612762,1610612750,Regular Season,0
21900194,2019-11-18 20:30:00,1610612742,1610612759,Regular Season,1
21900192,2019-11-18 20:00:00,1610612741,1610612749,Regular Season,0
21900193,2019-11-18 20:00:00,1610612745,1610612757,Regular Season,1
21900190,2019-11-18 19:30:00,1610612751,1610612754,Regular Season,0
21900191,2019-11-18 19:30:00,1610612761,1610612766,Regular Season,1
21900189,2019-11-18 19:00:00,1610612752,1610612739,Regular Season,1
21900188,2019-11-17 21:30:00,1610612747,1610612737,Regular Season,1
21900187,2019-11-17 19:00:00,1610612740,1610612744,Regular Season,1
21900185,2019-11-17 18:00:00,1610612753,1610612764,Regular Season,1
21900186,2019-11-17 18:00:00,1610612763,1610612743,Regular Season,0
21900184,2019-11-17 15:30:00,1610612758,1610612738,Regular Season,1
21900183,2019-11-17 15:00:00,1610612739,1610612755,Regular Season,0
21900182,2019-11-16 22:30:00,1610612746,1610612737,Regular Season,1
21900180,2019-11-16 20:30:00,1610612742,1610612761,Regular Season,1
21900181,2019-11-16 20:30:00,1610612759,1610612757,Regular Season,0
21900178,2019-11-16 20:00:00,1610612748,1610612740,Regular Season,1
21900179,2019-11-16 20:00:00,1610612750,1610612745,Regular Season,0
21900177,2019-11-16 19:30:00,1610612752,1610612766,Regular Season,0
21900176,2019-11-16 19:00:00,1610612754,1610612749,Regular Season,0
21900175,2019-11-16 18:00:00,1610612741,1610612751,Regular Season,0
21900173,2019-11-15 22:30:00,1610612744,1610612738,Regular Season,0
21900174,2019-11-15 22:30:00,1610612747,1610612758,Regular Season,1
21900169,2019-11-15 20:00:00,1610612745,1610612754,Regular Season,1
21900170,2019-11-15 20:00:00,1610612763,1610612762,Regular Season,1
21900171,2019-11-15 20:00:00,1610612750,1610612764,Regular Season,0
21900172,2019-11-15 20:00:00,1610612760,1610612755,Regular Season,1
21900167,2019-11-15 19:00:00,1610612766,1610612765,Regular Season,1
21900168,2019-11-15 19:00:00,1610612753,1610612759,Regular Season,1
21900166,2019-11-14 22:30:00,1610612743,1610612751,Regular Season,1
21900165,2019-11-14 21:00:00,1610612756,1610612737,Regular Season,1
21900162,2019-11-14 20:00:00,1610612752,1610612742,Regular Season,1
21900163,2019-11-14 20:00:00,1610612749,1610612741,Regular Season,1
21900164,2019-11-14 20:00:00,1610612740,1610612746,Regular Season,1
21900161,2019-11-14 18:00:00,1610612739,1610612748,Regular Season,0
21900159,2019-11-13 22:00:00,1610612747,1610612744,Regular Season,1
21900160,2019-11-13 22:00:00,1610612757,1610612761,Regular Season,0
21900158,2019-11-13 20:00:00,1610612750,1610612759,Regular Season,1
21900156,2019-11-13 19:30:00,1610612738,1610612764,Regular Season,1
21900157,2019-11-13 19:30:00,1610612745,1610612746,Regular Season,1
21900154,2019-11-13 19:00:00,1610612766,1610612763,Regular Season,0
21900155,2019-11-13 19:00:00,1610612753,1610612755,Regular Season,1
21900153,2019-11-12 22:00:00,1610612758,1610612757,Regular Season,1
21900150,2019-11-12 21:00:00,1610612743,1610612737,Regular Season,0
21900151,2019-11-12 21:00:00,1610612756,1610612747,Regular Season,0
21900152,2019-11-12 21:00:00,1610612762,1610612751,Regular Season,1
21900149,2019-11-12 20:00:00,1610612741,1610612752,Regular Season,1
21900148,2019-11-12 19:30:00,1610612748,1610612765,Regular Season,1
21900146,2019-11-12 19:00:00,1610612754,1610612760,Regular Season,1
21900147,2019-11-12 19:00:00,1610612755,1610612739,Regular Season,1
21900144,2019-11-11 22:30:00,1610612744,1610612762,Regular Season,0
21900145,2019-11-11 22:30:00,1610612746,1610612761,Regular Season,1
21900142,2019-11-11 20:00:00,1610612740,1610612745,Regular Season,0
21900141,2019-11-11 19:30:00,1610612738,1610612742,Regular Season,1
21900143,2019-11-11 19:30:00,1610612759,1610612763,Regular Season,0
21900140,2019-11-11 19:00:00,1610612765,1610612750,Regular Season,0
21900139,2019-11-10 21:30:00,1610612747,1610612761,Regular Season,0
21900138,2019-11-10 21:00:00,1610612757,1610612737,Regular Season,1
21900137,2019-11-10 20:00:00,1610612756,1610612751,Regular Season,1
21900136,2019-11-10 19:30:00,1610612752,1610612739,Regular Season,0
21900135,2019-11-10 19:00:00,1610612760,1610612749,Regular Season,0
21900133,2019-11-10 18:00:00,1610612753,1610612754,Regular Season,0
21900134,2019-11-10 18:00:00,1610612755,1610612766,Regular Season,1
21900132,2019-11-10 15:30:00,1610612750,1610612743,Regular Season,0
21900129,2019-11-09 20:00:00,1610612741,1610612745,Regular Season,0
21900130,2019-11-09 20:00:00,1610612763,1610612742,Regular Season,0
21900131,2019-11-09 20:00:00,1610612760,1610612744,Regular Season,1
21900128,2019-11-09 19:00:00,1610612766,1610612740,Regular Season,0
21900127,2019-11-09 17:00:00,1610612759,1610612738,Regular Season,0
21900126,2019-11-08 22:30:00,1610612747,1610612748,Regular Season,1
21900125,2019-11-08 22:00:00,1610612757,1610612751,Regular Season,0
21900123,2019-11-08 21:00:00,1610612743,1610612755,Regular Season,1
21900124,2019-11-08 21:00:00,1610612762,1610612749,Regular Season,1
21900122,2019-11-08 20:30:00,1610612742,1610612752,Regular Season,0
21900120,2019-11-08 20:00:00,1610612750,1610612744,Regular Season,1
21900121,2019-11-08 20:00:00,1610612740,1610612761,Regular Season,0
21900119,2019-11-08 19:30:00,1610612737,1610612758,Regular Season,0
21900116,2019-11-08 19:00:00,1610612754,1610612765,Regular Season,1
21900117,2019-11-08 19:00:00,1610612753,1610612763,Regular Season,1
21900118,2019-11-08 19:00:00,1610612764,1610612739,Regular Season,0
21900115,2019-11-07 22:30:00,1610612746,1610612757,Regular Season,1
21900114,2019-11-07 21:00:00,1610612756,1610612748,Regular Season,0
21900113,2019-11-07 20:30:00,1610612759,1610612760,Regular Season,1
21900112,2019-11-07 20:00:00,1610612766,1610612738,Regular Season,0
21900111,2019-11-06 22:00:00,1610612746,1610612749,Regular Season,0
21900110,2019-11-06 21:00:00,1610612762,1610612755,Regular Season,1
21900109,2019-11-06 20:30:00,1610612742,1610612753,Regular Season,1
21900108,2019-11-06 20:00:00,1610612763,1610612750,Regular Season,1
21900105,2019-11-06 19:30:00,1610612737,1610612741,Regular Season,0
21900106,2019-11-06 19:30:00,1610612761,1610612758,Regular Season,1
21900107,2019-11-06 19:30:00,1610612745,1610612744,Regular Season,1
21900103,2019-11-06 19:00:00,1610612765,1610612752,Regular Season,1
21900104,2019-11-06 19:00:00,1610612754,1610612764,Regular Season,1
21900102,2019-11-05 21:00:00,1610612743,1610612748,Regular Season,1
21900100,2019-11-05 20:00:00,1610612741,1610612747,Regular Season,0
21900101,2019-11-05 20:00:00,1610612760,1610612753,Regular Season,1
21900099,2019-11-05 19:30:00,1610612737,1610612759,Regular Season,1
21900097,2019-11-05 19:00:00,1610612766,1610612754,Regular Season,1
21900098,2019-11-05 19:00:00,1610612739,1610612738,Regular Season,0
21900096,2019-11-04 22:30:00,1610612744,1610612757,Regular Season,1
21900095,2019-11-04 21:00:00,1610612756,1610612755,Regular Season,1
21900093,2019-11-04 20:00:00,1610612763,1610612745,Regular Season,0
21900094,2019-11-04 20:00:00,1610612750,1610612749,Regular Season,0
21900092,2019-11-04 19:30:00,1610612751,1610612740,Regular Season,1
21900091,2019-11-04 19:00:00,1610612764,1610612765,Regular Season,1
21900090,2019-11-03 21:00:00,1610612746,1610612762,Regular Season,1
21900089,2019-11-03 19:30:00,1610612739,1610612742,Regular Season,0
21900088,2019-11-03 19:00:00,1610612759,1610612747,Regular Season,0
21900086,2019-11-03 18:00:00,1610612748,1610612745,Regular Season,1
21900087,2019-11-03 18:00:00,1610612752,1610612758,Regular Season,0
21900085,2019-11-03 17:00:00,1610612754,1610612741,Regular Season,1
21900084,2019-11-02 22:00:00,1610612757,1610612755,Regular Season,0
21900083,2019-11-02 20:30:00,1610612744,1610612766,Regular Season,0
21900080,2019-11-02 20:00:00,1610612764,1610612750,Regular Season,0
21900081,2019-11-02 20:00:00,1610612763,1610612756,Regular Season,0
21900082,2019-11-02 20:00:00,1610612749,1610612761,Regular Season,1
21900078,2019-11-02 19:00:00,1610612765,1610612751,Regular Season,1
21900079,2019-11-02 19:00:00,1610612753,1610612743,Regular Season,0
21900077,2019-11-02 17:00:00,1610612760,1610612740,Regular Season,1
21900076,2019-11-01 22:30:00,1610612744,1610612759,Regular Season,0
21900075,2019-11-01 22:00:00,1610612758,1610612762,Regular Season,1
21900074,2019-11-01 21:30:00,1610612742,1610612747,Regular Season,0
21900073,2019-11-01 20:00:00,1610612741,1610612765,Regular Season,1
21900072,2019-11-01 19:30:00,1610612738,1610612752,Regular Season,1
21900069,2019-11-01 19:00:00,1610612751,1610612745,Regular Season,1
21900070,2019-11-01 19:00:00,1610612754,1610612739,Regular Season,1
21900071,2019-11-01 19:00:00,1610612753,1610612749,Regular Season,0
21900068,2019-10-31 22:30:00,1610612746,1610612759,Regular Season,1
21900067,2019-10-31 21:30:00,1610612740,1610612743,Regular Season,1
21900066,2019-10-31 19:00:00,1610612737,1610612748,Regular Season,0
21900065,2019-10-30 22:30:00,1610612744,1610612756,Regular Season,0
21900063,2019-10-30 22:00:00,1610612762,1610612746,Regular Season,1
21900064,2019-10-30 22:00:00,1610612758,1610612766,Regular Season,0
21900061,2019-10-30 20:00:00,1610612764,1610612745,Regular Season,0
21900062,2019-10-30 20:00:00,1610612760,1610612757,Regular Season,0
21900058,2019-10-30 19:30:00,1610612738,1610612749,Regular Season,1
21900059,2019-10-30 19:30:00,1610612751,1610612754,Regular Season,0
21900060,2019-10-30 19:30:00,1610612761,1610612765,Regular Season,1
21900055,2019-10-30 19:00:00,1610612739,1610612741,Regular Season,1
21900056,2019-10-30 19:00:00,1610612753,1610612752,Regular Season,1
21900057,2019-10-30 19:00:00,1610612755,1610612750,Regular Season,1
21900054,2019-10-29 22:30:00,1610612747,1610612763,Regular Season,1
21900053,2019-10-29 21:00:00,1610612743,1610612742,Regular Season,0
21900052,2019-10-29 19:30:00,1610612748,1610612737,Regular Season,1
21900051,2019-10-28 22:30:00,1610612746,1610612766,Regular Season,1
21900049,2019-10-28 22:00:00,1610612756,1610612762,Regular Season,0
21900050,2019-10-28 22:00:00,1610612758,1610612743,Regular Season,0
21900048,2019-10-28 20:30:00,1610612759,1610612757,Regular Season,1
21900045,2019-10-28 20:00:00,1610612745,1610612760,Regular Season,1
21900046,2019-10-28 20:00:00,1610612749,1610612739,Regular Season,1
21900047,2019-10-28 20:00:00,1610612740,1610612744,Regular Season,0
21900043,2019-10-28 19:30:00,1610612737,1610612755,Regular Season,0
21900044,2019-10-28 19:30:00,1610612761,1610612753,Regular Season,1
21900041,2019-10-28 19:00:00,1610612765,1610612754,Regular Season,1
21900042,2019-10-28 19:00:00,1610612752,1610612741,Regular Season,1
21900040,2019-10-27 21:30:00,1610612747,1610612766,Regular Season,1
21900038,2019-10-27 19:00:00,1610612742,1610612757,Regular Season,0
21900039,2019-10-27 19:00:00,1610612750,1610612748,Regular Season,1
21900037,2019-10-27 18:00:00,1610612763,1610612751,Regular Season,1
21900036,2019-10-27 15:30:00,1610612760,1610612744,Regular Season,1
21900035,2019-10-26 22:00:00,1610612756,1610612746,Regular Season,1
21900034,2019-10-26 21:00:00,1610612762,1610612758,Regular Season,1
21900033,2019-10-26 20:30:00,1610612759,1610612764,Regular Season,1
21900030,2019-10-26 20:00:00,1610612739,1610612754,Regular Season,1
21900031,2019-10-26 20:00:00,1610612741,1610612761,Regular Season,0
21900032,2019-10-26 20:00:00,1610612745,1610612740,Regular Season,1
21900028,2019-10-26 19:30:00,1610612737,1610612753,Regular Season,1
21900029,2019-10-26 19:30:00,1610612752,1610612738,Regular Season,0
21900027,2019-10-26 19:00:00,1610612765,1610612755,Regular Season,0
21900026,2019-10-26 17:00:00,1610612749,1610612748,Regular Season,0
21900025,2019-10-25 22:30:00,1610612747,1610612762,Regular Season,1
21900024,2019-10-25 22:00:00,1610612758,1610612757,Regular Season,0
21900023,2019-10-25 21:00:00,1610612743,1610612756,Regular Season,1
21900020,2019-10-25 20:00:00,1610612763,1610612741,Regular Season,0
21900021,2019-10-25 20:00:00,1610612740,1610612742,Regular Season,0
21900022,2019-10-25 20:00:00,1610612760,1610612764,Regular Season,0
21900019,2019-10-25 19:30:00,1610612751,1610612752,Regular Season,1
21900017,2019-10-25 19:00:00,1610612738,1610612761,Regular Season,1
21900018,2019-10-25 19:00:00,1610612766,1610612750,Regular Season,0
21900016,2019-10-24 22:30:00,1610612744,1610612746,Regular Season,0
21900015,2019-10-24 20:00:00,1610612745,1610612749,Regular Season,0
21900014,2019-10-24 19:00:00,1610612765,1610612737,Regular Season,0
21900012,2019-10-23 22:00:00,1610612756,1610612758,Regular Season,1
21900013,2019-10-23 22:00:00,1610612757,1610612743,Regular Season,0
21900011,2019-10-23 21:00:00,1610612762,1610612760,Regular Season,1
21900009,2019-10-23 20:30:00,1610612742,1610612764,Regular Season,1
21900010,2019-10-23 20:30:00,1610612759,1610612752,Regular Season,1
21900006,2019-10-23 19:30:00,1610612751,1610612750,Regular Season,0
21900007,2019-10-23 19:30:00,1610612748,1610612763,Regular Season,1
21900008,2019-10-23 19:30:00,1610612755,1610612738,Regular Season,1
21900003,2019-10-23 19:00:00,1610612766,1610612741,Regular Season,1
21900004,2019-10-23 19:00:00,1610612754,1610612765,Regular Season,0
21900005,2019-10-23 19:00:00,1610612753,1610612739,Regular Season,1
21900002,2019-10-22 22:30:00,1610612746,1610612747,Regular Season,1
21900001,2019-10-22 20:01:00,1610612761,1610612740,Regular Season,1
11900079,2019-10-18 22:30:00,1610612744,1610612747,Preseason,1
11900078,2019-10-18 20:30:00,1610612759,1610612763,Preseason,1
11900076,2019-10-18 20:00:00,1610612748,1610612745,Preseason,0
11900077,2019-10-18 20:00:00,1610612752,1610612740,Preseason,0
11900075,2019-10-18 19:30:00,1610612751,1610612761,Preseason,0
11900074,2019-10-18 19:00:00,1610612755,1610612764,Preseason,0
11900073,2019-10-17 22:30:00,1610612746,1610612742,Preseason,0
11900072,2019-10-17 21:00:00,1610612743,1610612757,Preseason,1
11900070,2019-10-17 20:00:00,1610612741,1610612737,Preseason,1
11900071,2019-10-17 20:00:00,1610612749,1610612750,Preseason,1
11900069,2019-10-17 19:00:00,1610612753,1610612748,Preseason,0
11900068,2019-10-16 22:30:00,1610612747,1610612744,Preseason,1
11900066,2019-10-16 21:00:00,1610612762,1610612757,Preseason,0
11900063,2019-10-16 20:00:00,1610612752,1610612737,Preseason,0
11900064,2019-10-16 20:00:00,1610612745,1610612759,Preseason,0
11900065,2019-10-16 20:00:00,1610612760,1610612763,Preseason,0
11900062,2019-10-16 19:00:00,1610612766,1610612765,Preseason,0
11900059,2019-10-15 19:00:00,1610612739,1610612738,Preseason,0
11900060,2019-10-15 19:00:00,1610612754,1610612750,Preseason,0
11900061,2019-10-15 19:00:00,1610612755,1610612765,Preseason,1
11900058,2019-10-14 22:30:00,1610612747,1610612744,Preseason,1
11900056,2019-10-14 22:00:00,1610612756,1610612743,Preseason,0
11900057,2019-10-14 21:00:00,1610612762,1610612758,Preseason,0
11900055,2019-10-14 20:30:00,1610612742,1610612760,Preseason,1
11900054,2019-10-14 20:00:00,1610612763,1610612766,Preseason,0
11900053,2019-10-14 19:30:00,1610612748,1610612737,Preseason,1
11900049,2019-10-13 18:00:00,1610612753,1610612755,Preseason,0
11900050,2019-10-13 18:00:00,1610612761,1610612741,Preseason,0
11900051,2019-10-13 18:00:00,1610612764,1610612749,Preseason,0
11900048,2019-10-13 16:00:00,1610612759,1610612740,Preseason,0
11900046,2019-10-13 15:00:00,1610612738,1610612739,Preseason,1
11900045,2019-10-12 20:00:00,1610612757,1610612756,Preseason,0
11900044,2019-10-12 07:30:00,1610612751,1610612747,Preseason,1
11900043,2019-10-11 20:30:00,1610612742,1610612749,Preseason,0
11900042,2019-10-11 20:00:00,1610612740,1610612762,Preseason,1
11900040,2019-10-11 19:30:00,1610612766,1610612755,Preseason,0
11900041,2019-10-11 19:30:00,1610612752,1610612764,Preseason,0
11900037,2019-10-11 19:00:00,1610612765,1610612739,Preseason,1
11900038,2019-10-11 19:00:00,1610612754,1610612741,Preseason,1
11900039,2019-10-11 19:00:00,1610612753,1610612738,Preseason,0
11900035,2019-10-10 22:30:00,1610612744,1610612750,Preseason,1
11900036,2019-10-10 22:30:00,1610612746,1610612743,Preseason,0
11900034,2019-10-10 22:00:00,1610612758,1610612756,Preseason,1
11900031,2019-10-10 07:30:00,1610612747,1610612751,Preseason,0
11900030,2019-10-10 06:00:00,1610612745,1610612761,Preseason,1
11900028,2019-10-09 20:00:00,1610612741,1610612740,Preseason,0
11900029,2019-10-09 20:00:00,1610612749,1610612762,Preseason,1
11900026,2019-10-09 19:30:00,1610612737,1610612753,Preseason,0
11900027,2019-10-09 19:30:00,1610612766,1610612748,Preseason,0
11900024,2019-10-09 19:00:00,1610612765,1610612742,Preseason,1
11900023,2019-10-08 22:30:00,1610612757,1610612743,Preseason,0
11900022,2019-10-08 22:00:00,1610612756,1610612750,Preseason,1
11900021,2019-10-08 20:00:00,1610612760,1610612742,Preseason,1
11900019,2019-10-08 19:30:00,1610612748,1610612759,Preseason,1
11900017,2019-10-08 06:00:00,1610612761,1610612745,Preseason,1
11900016,2019-10-07 20:00:00,1610612741,1610612749,Preseason,0
11900015,2019-10-07 19:30:00,1610612737,1610612740,Preseason,0
11900013,2019-10-07 19:00:00,1610612765,1610612753,Preseason,0
11900014,2019-10-07 19:00:00,1610612764,1610612752,Preseason,0
11900010,2019-10-06 18:00:00,1610612738,1610612766,Preseason,1
11900007,2019-10-05 20:30:00,1610612759,1610612753,Preseason,0
11900006,2019-10-05 20:00:00,1610612744,1610612747,Preseason,0
11900005,2019-10-05 09:30:00,1610612754,1610612758,Preseason,1
11900003,2019-10-04 09:30:00,1610612758,1610612754,Preseason,0
11900002,2019-10-04 01:00:00,1610612746,1610612745,Preseason,0
41800406,2019-06-13 21:00:00,1610612744,1610612761,Playoffs,0
41800405,2019-06-10 21:00:00,1610612761,1610612744,Playoffs,0
41800404,2019-06-07 21:00:00,1610612744,1610612761,Playoffs,0
41800403,2019-06-05 21:00:00,1610612744,1610612761,Playoffs,0
41800402,2019-06-02 20:00:00,1610612761,1610612744,Playoffs,0
41800401,2019-05-30 21:00:00,1610612761,1610612744,Playoffs,1
41800306,2019-05-25 20:30:00,1610612761,1610612749,Playoffs,1
41800305,2019-05-23 20:30:00,1610612749,1610612761,Playoffs,0
41800304,2019-05-21 20:30:00,1610612761,1610612749,Playoffs,1
41800314,2019-05-20 21:00:00,1610612757,1610612744,Playoffs,0
41800303,2019-05-19 19:00:00,1610612761,1610612749,Playoffs,1
41800313,2019-05-18 21:00:00,1610612757,1610612744,Playoffs,0
41800302,2019-05-17 20:30:00,1610612749,1610612761,Playoffs,1
41800312,2019-05-16 21:00:00,1610612744,1610612757,Playoffs,1
41800301,2019-05-15 20:30:00,1610612749,1610612761,Playoffs,1
41800311,2019-05-14 21:00:00,1610612744,1610612757,Playoffs,1
41800217,2019-05-12 19:00:00,1610612761,1610612755,Playoffs,1
41800237,2019-05-12 15:30:00,1610612743,1610612757,Playoffs,0
41800226,2019-05-10 21:00:00,1610612745,1610612744,Playoffs,0
41800236,2019-05-09 22:30:00,1610612757,1610612743,Playoffs,1
41800216,2019-05-09 20:00:00,1610612755,1610612761,Playoffs,1
41800225,2019-05-08 22:30:00,1610612744,1610612745,Playoffs,1
41800205,2019-05-08 20:00:00,1610612749,1610612738,Playoffs,1
41800235,2019-05-07 22:30:00,1610612743,1610612757,Playoffs,1
41800215,2019-05-07 20:00:00,1610612761,1610612755,Playoffs,1
41800224,2019-05-06 21:30:00,1610612745,1610612744,Playoffs,1
41800204,2019-05-06 19:00:00,1610612738,1610612749,Playoffs,0
41800234,2019-05-05 19:00:00,1610612757,1610612743,Playoffs,0
41800214,2019-05-05 15:30:00,1610612755,1610612761,Playoffs,0
41800223,2019-05-04 20:30:00,1610612745,1610612744,Playoffs,1
41800233,2019-05-03 22:30:00,1610612757,1610612743,Playoffs,1
41800203,2019-05-03 20:00:00,1610612738,1610612749,Playoffs,0
41800213,2019-05-02 20:00:00,1610612755,1610612761,Playoffs,1
41800232,2019-05-01 21:00:00,1610612743,1610612757,Playoffs,0
41800222,2019-04-30 22:30:00,1610612744,1610612745,Playoffs,1
41800202,2019-04-30 20:00:00,1610612749,1610612738,Playoffs,1
41800231,2019-04-29 22:30:00,1610612743,1610612757,Playoffs,1
41800212,2019-04-29 20:00:00,1610612761,1610612755,Playoffs,0
41800221,2019-04-28 15:30:00,1610612744,1610612745,Playoffs,1
41800201,2019-04-28 13:00:00,1610612749,1610612738,Playoffs,0
41800157,2019-04-27 22:00:00,1610612743,1610612759,Playoffs,1
41800211,2019-04-27 19:30:00,1610612761,1610612755,Playoffs,1
41800146,2019-04-26 22:00:00,1610612746,1610612744,Playoffs,0
41800156,2019-04-25 20:00:00,1610612759,1610612743,Playoffs,1
41800145,2019-04-24 22:30:00,1610612744,1610612746,Playoffs,0
41800175,2019-04-24 20:00:00,1610612745,1610612762,Playoffs,1
41800165,2019-04-23 22:30:00,1610612757,1610612760,Playoffs,1
41800155,2019-04-23 21:30:00,1610612743,1610612759,Playoffs,1
41800125,2019-04-23 20:00:00,1610612755,1610612751,Playoffs,1
41800115,2019-04-23 19:00:00,1610612761,1610612753,Playoffs,1
41800174,2019-04-22 22:30:00,1610612762,1610612745,Playoffs,1
41800104,2019-04-22 20:00:00,1610612765,1610612749,Playoffs,0
41800164,2019-04-21 21:30:00,1610612760,1610612757,Playoffs,0
41800114,2019-04-21 19:00:00,1610612753,1610612761,Playoffs,0
41800144,2019-04-21 15:30:00,1610612746,1610612744,Playoffs,0
41800134,2019-04-21 13:00:00,1610612754,1610612738,Playoffs,0
41800173,2019-04-20 22:30:00,1610612762,1610612745,Playoffs,0
41800103,2019-04-20 20:00:00,1610612765,1610612749,Playoffs,0
41800154,2019-04-20 17:30:00,1610612759,1610612743,Playoffs,0
41800124,2019-04-20 15:00:00,1610612751,1610612755,Playoffs,0
41800163,2019-04-19 21:30:00,1610612760,1610612757,Playoffs,1
41800133,2019-04-19 20:30:00,1610612754,1610612738,Playoffs,0
41800113,2019-04-19 19:00:00,1610612753,1610612761,Playoffs,0
41800143,2019-04-18 22:30:00,1610612746,1610612744,Playoffs,0
41800153,2019-04-18 21:00:00,1610612759,1610612743,Playoffs,1
41800123,2019-04-18 20:00:00,1610612751,1610612755,Playoffs,0
41800172,2019-04-17 21:30:00,1610612745,1610612762,Playoffs,1
41800102,2019-04-17 20:00:00,1610612749,1610612765,Playoffs,1
41800132,2019-04-17 19:00:00,1610612738,1610612754,Playoffs,1
41800162,2019-04-16 22:30:00,1610612757,1610612760,Playoffs,1
41800152,2019-04-16 21:00:00,1610612743,1610612759,Playoffs,1
41800112,2019-04-16 20:00:00,1610612761,1610612753,Playoffs,1
41800142,2019-04-15 22:30:00,1610612744,1610612746,Playoffs,0
41800122,2019-04-15 20:00:00,1610612755,1610612751,Playoffs,1
41800171,2019-04-14 21:30:00,1610612745,1610612762,Playoffs,1
41800101,2019-04-14 19:00:00,1610612749,1610612765,Playoffs,1
41800161,2019-04-14 15:30:00,1610612757,1610612760,Playoffs,1
41800131,2019-04-14 13:00:00,1610612738,1610612754,Playoffs,1
41800151,2019-04-13 22:30:00,1610612743,1610612759,Playoffs,0
41800141,2019-04-13 20:00:00,1610612744,1610612746,Playoffs,1
41800111,2019-04-13 17:00:00,1610612761,1610612753,Playoffs,0
41800121,2019-04-13 14:30:00,1610612755,1610612751,Playoffs,0
21801228,2019-04-10 22:30:00,1610612743,1610612750,Regular Season,1
21801229,2019-04-10 22:30:00,1610612746,1610612762,Regular Season,1
21801230,2019-04-10 22:30:00,1610612757,1610612758,Regular Season,1
21801220,2019-04-10 20:00:00,1610612737,1610612754,Regular Season,0
21801221,2019-04-10 20:00:00,1610612751,1610612748,Regular Season,1
21801222,2019-04-10 20:00:00,1610612766,1610612753,Regular Season,0
21801223,2019-04-10 20:00:00,1610612752,1610612765,Regular Season,0
21801224,2019-04-10 20:00:00,1610612755,1610612741,Regular Season,1
21801225,2019-04-10 20:00:00,1610612763,1610612744,Regular Season,1
21801226,2019-04-10 20:00:00,1610612749,1610612760,Regular Season,0
21801227,2019-04-10 20:00:00,1610612759,1610612742,Regular Season,1
21801219,2019-04-09 22:30:00,1610612747,1610612757,Regular Season,0
21801218,2019-04-09 21:30:00,1610612760,1610612745,Regular Season,1
21801217,2019-04-09 21:00:00,1610612762,1610612743,Regular Season,1
21801216,2019-04-09 20:30:00,1610612742,1610612756,Regular Season,1
21801213,2019-04-09 20:00:00,1610612741,1610612752,Regular Season,0
21801214,2019-04-09 20:00:00,1610612750,1610612761,Regular Season,0
21801215,2019-04-09 20:00:00,1610612740,1610612744,Regular Season,0
21801212,2019-04-09 19:30:00,1610612748,1610612755,Regular Season,1
21801209,2019-04-09 19:00:00,1610612739,1610612766,Regular Season,0
21801210,2019-04-09 19:00:00,1610612765,1610612763,Regular Season,1
21801211,2019-04-09 19:00:00,1610612764,1610612738,Regular Season,0
21801208,2019-04-07 21:30:00,1610612747,1610612762,Regular Season,1
21801206,2019-04-07 21:00:00,1610612757,1610612743,Regular Season,1
21801207,2019-04-07 21:00:00,1610612758,1610612740,Regular Season,0
21801205,2019-04-07 20:30:00,1610612744,1610612746,Regular Season,1
21801203,2019-04-07 19:30:00,1610612738,1610612753,Regular Season,0
21801204,2019-04-07 19:30:00,1610612752,1610612764,Regular Season,1
21801200,2019-04-07 19:00:00,1610612745,1610612756,Regular Season,1
21801202,2019-04-07 19:00:00,1610612749,1610612737,Regular Season,1
21801201,2019-04-07 18:00:00,1610612763,1610612742,Regular Season,0
21801199,2019-04-07 17:00:00,1610612754,1610612751,Regular Season,0
21801198,2019-04-07 16:00:00,1610612765,1610612766,Regular Season,0
21801197,2019-04-07 15:30:00,1610612750,1610612760,Regular Season,0
21801196,2019-04-07 15:00:00,1610612739,1610612759,Regular Season,0
21801195,2019-04-07 12:00:00,1610612761,1610612748,Regular Season,1
21801194,2019-04-06 20:00:00,1610612741,1610612755,Regular Season,0
21801193,2019-04-06 17:00:00,1610612749,1610612751,Regular Season,0
21801190,2019-04-05 22:30:00,1610612743,1610612757,Regular Season,1
21801191,2019-04-05 22:30:00,1610612744,1610612739,Regular Season,1
21801192,2019-04-05 22:30:00,1610612746,1610612747,Regular Season,0
21801189,2019-04-05 22:00:00,1610612756,1610612740,Regular Season,1
21801188,2019-04-05 21:00:00,1610612762,1610612758,Regular Season,1
21801187,2019-04-05 20:30:00,1610612742,1610612763,Regular Season,0
21801183,2019-04-05 20:00:00,1610612754,1610612738,Regular Season,0
21801184,2019-04-05 20:00:00,1610612745,1610612752,Regular Season,1
21801185,2019-04-05 20:00:00,1610612750,1610612748,Regular Season,1
21801186,2019-04-05 20:00:00,1610612760,1610612765,Regular Season,1
21801180,2019-04-05 19:00:00,1610612766,1610612761,Regular Season,1
21801181,2019-04-05 19:00:00,1610612753,1610612737,Regular Season,1
21801182,2019-04-05 19:00:00,1610612764,1610612759,Regular Season,0
21801179,2019-04-04 22:30:00,1610612747,1610612744,Regular Season,0
21801178,2019-04-04 22:00:00,1610612758,1610612739,Regular Season,1
21801177,2019-04-04 20:00:00,1610612755,1610612749,Regular Season,0
21801176,2019-04-03 22:30:00,1610612746,1610612745,Regular Season,0
21801174,2019-04-03 22:00:00,1610612756,1610612762,Regular Season,0
21801175,2019-04-03 22:00:00,1610612757,1610612763,Regular Season,1
21801173,2019-04-03 21:00:00,1610612743,1610612759,Regular Season,1
21801172,2019-04-03 20:30:00,1610612742,1610612750,Regular Season,0
21801171,2019-04-03 20:00:00,1610612740,1610612766,Regular Season,0
21801168,2019-04-03 19:30:00,1610612737,1610612755,Regular Season,1
21801169,2019-04-03 19:30:00,1610612751,1610612761,Regular Season,0
21801170,2019-04-03 19:30:00,1610612748,1610612738,Regular Season,0
21801165,2019-04-03 19:00:00,1610612765,1610612754,Regular Season,0
21801166,2019-04-03 19:00:00,1610612753,1610612752,Regular Season,1
21801167,2019-04-03 19:00:00,1610612764,1610612741,Regular Season,0
21801164,2019-04-02 22:30:00,1610612744,1610612743,Regular Season,1
21801163,2019-04-02 22:00:00,1610612758,1610612745,Regular Season,0
21801162,2019-04-02 20:30:00,1610612759,1610612737,Regular Season,1
21801161,2019-04-02 20:00:00,1610612760,1610612747,Regular Season,1
21801160,2019-04-01 22:00:00,1610612756,1610612739,Regular Season,1
21801159,2019-04-01 21:00:00,1610612762,1610612766,Regular Season,1
21801158,2019-04-01 20:30:00,1610612742,1610612755,Regular Season,1
21801157,2019-04-01 20:00:00,1610612750,1610612757,Regular Season,0
21801153,2019-04-01 19:30:00,1610612738,1610612748,Regular Season,1
21801154,2019-04-01 19:30:00,1610612751,1610612749,Regular Season,0
21801155,2019-04-01 19:30:00,1610612752,1610612741,Regular Season,1
21801156,2019-04-01 19:30:00,1610612761,1610612753,Regular Season,1
21801152,2019-04-01 19:00:00,1610612754,1610612765,Regular Season,1
21801151,2019-03-31 22:30:00,1610612746,1610612763,Regular Season,1
21801150,2019-03-31 20:30:00,1610612744,1610612766,Regular Season,1
21801148,2019-03-31 20:00:00,1610612743,1610612764,Regular Season,0
21801149,2019-03-31 19:00:00,1610612759,1610612758,Regular Season,0
21801147,2019-03-31 18:00:00,1610612740,1610612747,Regular Season,0
21801146,2019-03-31 15:30:00,1610612760,1610612742,Regular Season,0
21801145,2019-03-31 12:30:00,1610612737,1610612749,Regular Season,1
21801144,2019-03-30 22:00:00,1610612756,1610612763,Regular Season,0
21801142,2019-03-30 20:00:00,1610612741,1610612761,Regular Season,0
21801143,2019-03-30 20:00:00,1610612750,1610612755,Regular Season,0
21801141,2019-03-30 19:30:00,1610612752,1610612748,Regular Season,0
21801139,2019-03-30 19:00:00,1610612765,1610612757,Regular Season,1
21801140,2019-03-30 19:00:00,1610612754,1610612753,Regular Season,0
21801137,2019-03-30 18:00:00,1610612751,1610612738,Regular Season,1
21801138,2019-03-30 18:00:00,1610612745,1610612758,Regular Season,1
21801136,2019-03-30 15:30:00,1610612746,1610612739,Regular Season,1
21801135,2019-03-29 22:30:00,1610612747,1610612766,Regular Season,1
21801134,2019-03-29 21:00:00,1610612762,1610612764,Regular Season,1
21801132,2019-03-29 20:00:00,1610612750,1610612744,Regular Season,1
21801133,2019-03-29 20:00:00,1610612760,1610612743,Regular Season,0
21801131,2019-03-29 19:30:00,1610612737,1610612757,Regular Season,0
21801130,2019-03-29 19:00:00,1610612738,1610612754,Regular Season,1
21801129,2019-03-28 20:30:00,1610612759,1610612739,Regular Season,1
21801126,2019-03-28 20:00:00,1610612745,1610612743,Regular Season,1
21801127,2019-03-28 20:00:00,1610612749,1610612746,Regular Season,1
21801128,2019-03-28 20:00:00,1610612740,1610612758,Regular Season,1
21801124,2019-03-28 19:30:00,1610612748,1610612742,Regular Season,1
21801125,2019-03-28 19:30:00,1610612752,1610612761,Regular Season,0
21801122,2019-03-28 19:00:00,1610612765,1610612753,Regular Season,1
21801123,2019-03-28 19:00:00,1610612755,1610612751,Regular Season,1
21801121,2019-03-27 22:30:00,1610612762,1610612747,Regular Season,1
21801120,2019-03-27 22:00:00,1610612756,1610612764,Regular Season,0
21801117,2019-03-27 20:00:00,1610612741,1610612757,Regular Season,0
21801118,2019-03-27 20:00:00,1610612763,1610612744,Regular Season,0
21801119,2019-03-27 20:00:00,1610612760,1610612754,Regular Season,1
21801116,2019-03-26 22:30:00,1610612747,1610612764,Regular Season,1
21801115,2019-03-26 21:00:00,1610612743,1610612765,Regular Season,1
21801114,2019-03-26 20:30:00,1610612742,1610612758,Regular Season,0
21801111,2019-03-26 20:00:00,1610612749,1610612745,Regular Season,1
21801112,2019-03-26 20:00:00,1610612750,1610612746,Regular Season,0
21801113,2019-03-26 20:00:00,1610612740,1610612737,Regular Season,0
21801109,2019-03-26 19:30:00,1610612748,1610612753,Regular Season,0
21801110,2019-03-26 19:30:00,1610612761,1610612741,Regular Season,1
21801107,2019-03-26 19:00:00,1610612766,1610612759,Regular Season,1
21801108,2019-03-26 19:00:00,1610612739,1610612738,Regular Season,0
21801106,2019-03-25 22:00:00,1610612757,1610612751,Regular Season,1
21801105,2019-03-25 21:00:00,1610612762,1610612756,Regular Season,1
21801104,2019-03-25 20:00:00,1610612763,1610612760,Regular Season,1
21801103,2019-03-25 19:00:00,1610612753,1610612755,Regular Season,1
21801102,2019-03-24 21:30:00,1610612747,1610612758,Regular Season,1
21801101,2019-03-24 20:30:00,1610612744,1610612765,Regular Season,1
21801100,2019-03-24 19:30:00,1610612738,1610612759,Regular Season,0
21801099,2019-03-24 19:00:00,1610612740,1610612745,Regular Season,0
21801098,2019-03-24 18:00:00,1610612761,1610612766,Regular Season,0
21801097,2019-03-24 17:00:00,1610612754,1610612743,Regular Season,1
21801096,2019-03-24 16:30:00,1610612749,1610612739,Regular Season,1
21801095,2019-03-24 12:00:00,1610612752,1610612746,Regular Season,0
21801093,2019-03-23 22:00:00,1610612757,1610612765,Regular Season,1
21801094,2019-03-23 22:00:00,1610612758,1610612756,Regular Season,1
21801092,2019-03-23 20:30:00,1610612744,1610612742,Regular Season,0
21801090,2019-03-23 20:00:00,1610612741,1610612762,Regular Season,0
21801091,2019-03-23 20:00:00,1610612763,1610612750,Regular Season,0
21801088,2019-03-23 19:30:00,1610612737,1610612755,Regular Season,1
21801089,2019-03-23 19:00:00,1610612764,1610612748,Regular Season,0
21801087,2019-03-23 18:00:00,1610612766,1610612738,Regular Season,1
21801086,2019-03-22 22:30:00,1610612747,1610612751,Regular Season,0
21801085,2019-03-22 20:30:00,1610612749,1610612748,Regular Season,1
21801084,2019-03-22 20:00:00,1610612745,1610612759,Regular Season,1
21801081,2019-03-22 19:30:00,1610612739,1610612746,Regular Season,0
21801082,2019-03-22 19:30:00,1610612752,1610612743,Regular Season,0
21801083,2019-03-22 19:30:00,1610612761,1610612760,Regular Season,0
21801080,2019-03-22 19:00:00,1610612753,1610612763,Regular Season,1
21801079,2019-03-21 22:30:00,1610612744,1610612754,Regular Season,1
21801077,2019-03-21 22:00:00,1610612756,1610612765,Regular Season,0
21801078,2019-03-21 22:00:00,1610612758,1610612742,Regular Season,1
21801076,2019-03-21 19:30:00,1610612737,1610612762,Regular Season,1
21801074,2019-03-21 19:00:00,1610612766,1610612750,Regular Season,1
21801075,2019-03-21 19:00:00,1610612764,1610612743,Regular Season,0
21801073,2019-03-20 22:00:00,1610612757,1610612742,Regular Season,1
21801072,2019-03-20 21:30:00,1610612760,1610612761,Regular Season,0
21801071,2019-03-20 20:30:00,1610612759,1610612748,Regular Season,0
21801069,2019-03-20 20:00:00,1610612741,1610612764,Regular Season,1
21801070,2019-03-20 20:00:00,1610612763,1610612745,Regular Season,1
21801068,2019-03-20 19:30:00,1610612752,1610612762,Regular Season,0
21801065,2019-03-20 19:00:00,1610612739,1610612749,Regular Season,1
21801066,2019-03-20 19:00:00,1610612753,1610612740,Regular Season,1
21801067,2019-03-20 19:00:00,1610612755,1610612738,Regular Season,1
21801064,2019-03-19 22:30:00,1610612746,1610612754,Regular Season,1
21801063,2019-03-19 22:00:00,1610612758,1610612751,Regular Season,0
21801061,2019-03-19 20:00:00,1610612749,1610612747,Regular Season,1
21801062,2019-03-19 20:00:00,1610612750,1610612744,Regular Season,0
21801060,2019-03-19 19:30:00,1610612737,1610612745,Regular Season,0
21801059,2019-03-19 19:00:00,1610612766,1610612755,Regular Season,0
21801058,2019-03-18 22:30:00,1610612757,1610612754,Regular Season,1
21801057,2019-03-18 22:00:00,1610612756,1610612741,Regular Season,0
21801056,2019-03-18 20:30:00,1610612742,1610612740,Regular Season,0
21801054,2019-03-18 20:00:00,1610612760,1610612748,Regular Season,0
21801055,2019-03-18 20:00:00,1610612759,1610612744,Regular Season,1
21801052,2019-03-18 19:30:00,1610612738,1610612743,Regular Season,0
21801053,2019-03-18 19:30:00,1610612761,1610612752,Regular Season,1
21801050,2019-03-18 19:00:00,1610612739,1610612765,Regular Season,1
21801051,2019-03-18 19:00:00,1610612764,1610612762,Regular Season,0
21801048,2019-03-17 21:00:00,1610612745,1610612750,Regular Season,1
21801049,2019-03-17 21:00:00,1610612746,1610612751,Regular Season,1
21801046,2019-03-17 18:00:00,1610612753,1610612737,Regular Season,1
21801047,2019-03-17 18:00:00,1610612758,1610612741,Regular Season,1
21801044,2019-03-17 16:00:00,1610612765,1610612761,Regular Season,1
21801043,2019-03-17 15:30:00,1610612749,1610612755,Regular Season,0
21801045,2019-03-17 13:00:00,1610612748,1610612766,Regular Season,1
21801042,2019-03-17 12:00:00,1610612752,1610612747,Regular Season,1
21801040,2019-03-16 21:00:00,1610612743,1610612754,Regular Season,1
21801041,2019-03-16 21:00:00,1610612762,1610612751,Regular Season,1
21801037,2019-03-16 20:30:00,1610612742,1610612739,Regular Season,1
21801038,2019-03-16 20:30:00,1610612760,1610612744,Regular Season,0
21801039,2019-03-16 20:30:00,1610612759,1610612757,Regular Season,1
21801035,2019-03-16 19:00:00,1610612764,1610612763,Regular Season,1
21801036,2019-03-16 19:00:00,1610612740,1610612756,Regular Season,0
21801034,2019-03-16 12:30:00,1610612738,1610612737,Regular Season,1
21801033,2019-03-15 22:30:00,1610612746,1610612741,Regular Season,1
21801032,2019-03-15 20:30:00,1610612759,1610612752,Regular Season,1
21801029,2019-03-15 20:00:00,1610612748,1610612749,Regular Season,0
21801030,2019-03-15 20:00:00,1610612745,1610612756,Regular Season,1
21801031,2019-03-15 20:00:00,1610612740,1610612757,Regular Season,0
21801026,2019-03-15 19:00:00,1610612765,1610612747,Regular Season,1
21801027,2019-03-15 19:00:00,1610612755,1610612758,Regular Season,1
21801028,2019-03-15 19:00:00,1610612764,1610612766,Regular Season,0
21801025,2019-03-14 22:30:00,1610612743,1610612742,Regular Season,1
21801024,2019-03-14 21:00:00,1610612762,1610612750,Regular Season,1
21801023,2019-03-14 20:00:00,1610612761,1610612747,Regular Season,1
21801022,2019-03-14 19:30:00,1610612738,1610612758,Regular Season,1
21801020,2019-03-14 19:00:00,1610612754,1610612760,Regular Season,1
21801021,2019-03-14 19:00:00,1610612753,1610612739,Regular Season,1
21801019,2019-03-13 22:00:00,1610612756,1610612762,Regular Season,0
21801018,2019-03-13 21:30:00,1610612745,1610612744,Regular Season,0
21801014,2019-03-13 19:30:00,1610612748,1610612765,Regular Season,1
21801016,2019-03-13 19:30:00,1610612737,1610612763,Regular Season,1
21801015,2019-03-13 19:00:00,1610612764,1610612753,Regular Season,1
21801017,2019-03-13 19:00:00,1610612760,1610612751,Regular Season,1
21801012,2019-03-12 22:30:00,1610612743,1610612750,Regular Season,1
21801013,2019-03-12 22:30:00,1610612746,1610612757,Regular Season,0
21801009,2019-03-12 20:00:00,1610612741,1610612747,Regular Season,0
21801010,2019-03-12 20:00:00,1610612740,1610612749,Regular Season,0
21801011,2019-03-12 20:00:00,1610612742,1610612759,Regular Season,0
21801007,2019-03-12 19:00:00,1610612754,1610612752,Regular Season,1
21801008,2019-03-12 19:00:00,1610612755,1610612739,Regular Season,1
21801006,2019-03-11 22:30:00,1610612746,1610612738,Regular Season,1
21801005,2019-03-11 21:00:00,1610612762,1610612760,Regular Season,0
21801004,2019-03-11 20:00:00,1610612745,1610612766,Regular Season,1
21801003,2019-03-11 19:30:00,1610612751,1610612765,Regular Season,1
21801001,2019-03-11 19:00:00,1610612739,1610612761,Regular Season,1
21801002,2019-03-11 19:00:00,1610612764,1610612758,Regular Season,1
21801000,2019-03-10 20:30:00,1610612744,1610612756,Regular Season,0
21800998,2019-03-10 20:00:00,1610612750,1610612752,Regular Season,1
21800999,2019-03-10 20:00:00,1610612759,1610612749,Regular Season,1
21800997,2019-03-10 19:00:00,1610612742,1610612745,Regular Season,0
21800995,2019-03-10 18:00:00,1610612737,1610612740,Regular Season,1
21800996,2019-03-10 18:00:00,1610612763,1610612753,Regular Season,1
21800993,2019-03-10 15:30:00,1610612748,1610612761,Regular Season,0
21800994,2019-03-10 15:30:00,1610612755,1610612754,Regular Season,1
21800992,2019-03-10 12:00:00,1610612765,1610612741,Regular Season,1
21800991,2019-03-09 22:00:00,1610612757,1610612756,Regular Season,1
21800990,2019-03-09 21:00:00,1610612749,1610612766,Regular Season,1
21800989,2019-03-09 20:30:00,1610612747,1610612738,Regular Season,0
21800988,2019-03-09 20:00:00,1610612750,1610612764,Regular Season,1
21800987,2019-03-09 19:00:00,1610612737,1610612751,Regular Season,0
21800986,2019-03-09 12:00:00,1610612752,1610612758,Regular Season,0
21800984,2019-03-08 22:30:00,1610612744,1610612743,Regular Season,1
21800985,2019-03-08 22:30:00,1610612746,1610612760,Regular Season,1
21800979,2019-03-08 20:00:00,1610612748,1610612739,Regular Season,1
21800980,2019-03-08 20:00:00,1610612741,1610612765,Regular Season,0
21800981,2019-03-08 20:00:00,1610612745,1610612755,Regular Season,1
21800982,2019-03-08 20:00:00,1610612763,1610612762,Regular Season,1
21800983,2019-03-08 20:00:00,1610612740,1610612761,Regular Season,0
21800977,2019-03-08 19:00:00,1610612766,1610612764,Regular Season,1
21800978,2019-03-08 19:00:00,1610612753,1610612742,Regular Season,1
21800976,2019-03-07 22:30:00,1610612757,1610612760,Regular Season,0
21800975,2019-03-07 20:00:00,1610612749,1610612754,Regular Season,1
21800974,2019-03-06 22:30:00,1610612747,1610612743,Regular Season,0
21800973,2019-03-06 22:00:00,1610612758,1610612738,Regular Season,0
21800972,2019-03-06 21:00:00,1610612756,1610612752,Regular Season,1
21800970,2019-03-06 20:00:00,1610612741,1610612755,Regular Season,1
21800971,2019-03-06 20:00:00,1610612740,1610612762,Regular Season,0
21800968,2019-03-06 19:30:00,1610612737,1610612759,Regular Season,0
21800969,2019-03-06 19:30:00,1610612751,1610612739,Regular Season,1
21800965,2019-03-06 19:00:00,1610612766,1610612748,Regular Season,0
21800966,2019-03-06 19:00:00,1610612765,1610612750,Regular Season,1
21800967,2019-03-06 19:00:00,1610612764,1610612742,Regular Season,1
21800964,2019-03-05 22:30:00,1610612744,1610612738,Regular Season,0
21800961,2019-03-05 20:00:00,1610612761,1610612745,Regular Season,0
21800962,2019-03-05 20:00:00,1610612763,1610612757,Regular Season,1
21800963,2019-03-05 20:00:00,1610612750,1610612760,Regular Season,1
21800959,2019-03-05 19:00:00,1610612754,1610612741,Regular Season,1
21800960,2019-03-05 19:00:00,1610612755,1610612753,Regular Season,1
21800958,2019-03-04 22:30:00,1610612747,1610612746,Regular Season,0
21800957,2019-03-04 22:00:00,1610612758,1610612752,Regular Season,1
21800955,2019-03-04 21:00:00,1610612756,1610612749,Regular Season,1
21800956,2019-03-04 21:00:00,1610612762,1610612740,Regular Season,0
21800954,2019-03-04 20:30:00,1610612759,1610612743,Regular Season,1
21800952,2019-03-04 19:30:00,1610612751,1610612742,Regular Season,1
21800953,2019-03-04 19:30:00,1610612748,1610612737,Regular Season,1
21800951,2019-03-03 19:00:00,1610612760,1610612763,Regular Season,1
21800948,2019-03-03 18:00:00,1610612739,1610612753,Regular Season,1
21800949,2019-03-03 18:00:00,1610612765,1610612761,Regular Season,1
21800950,2019-03-03 18:00:00,1610612764,1610612750,Regular Season,1
21800945,2019-03-03 15:30:00,1610612738,1610612745,Regular Season,0
21800946,2019-03-03 15:30:00,1610612741,1610612737,Regular Season,0
21800947,2019-03-03 15:30:00,1610612746,1610612752,Regular Season,1
21800944,2019-03-03 13:00:00,1610612766,1610612757,Regular Season,0
21800941,2019-03-02 21:00:00,1610612743,1610612740,Regular Season,0
21800942,2019-03-02 21:00:00,1610612756,1610612747,Regular Season,1
21800943,2019-03-02 21:00:00,1610612762,1610612749,Regular Season,1
21800938,2019-03-02 20:30:00,1610612755,1610612744,Regular Season,0
21800939,2019-03-02 20:30:00,1610612742,1610612763,Regular Season,0
21800940,2019-03-02 20:30:00,1610612759,1610612760,Regular Season,1
21800937,2019-03-02 19:30:00,1610612748,1610612751,Regular Season,1
21800936,2019-03-02 19:00:00,1610612754,1610612753,Regular Season,0
21800935,2019-03-02 17:00:00,1610612739,1610612765,Regular Season,0
21800934,2019-03-01 22:30:00,1610612747,1610612749,Regular Season,0
21800933,2019-03-01 22:00:00,1610612758,1610612746,Regular Season,0
21800932,2019-03-01 21:00:00,1610612756,1610612740,Regular Season,0
21800930,2019-03-01 20:00:00,1610612761,1610612757,Regular Season,1
21800931,2019-03-01 20:00:00,1610612738,1610612764,Regular Season,1
21800928,2019-03-01 19:30:00,1610612737,1610612741,Regular Season,0
21800929,2019-03-01 19:30:00,1610612751,1610612766,Regular Season,0
21800926,2019-02-28 22:30:00,1610612743,1610612762,Regular Season,0
21800925,2019-02-28 20:00:00,1610612745,1610612748,Regular Season,1
21800927,2019-02-28 20:00:00,1610612760,1610612755,Regular Season,0
21800924,2019-02-28 19:30:00,1610612752,1610612739,Regular Season,0
21800922,2019-02-28 19:00:00,1610612754,1610612750,Regular Season,1
21800923,2019-02-28 19:00:00,1610612753,1610612744,Regular Season,1
21800921,2019-02-27 22:30:00,1610612747,1610612740,Regular Season,1
21800920,2019-02-27 22:00:00,1610612758,1610612749,Regular Season,0
21800919,2019-02-27 21:00:00,1610612762,1610612746,Regular Season,1
21800917,2019-02-27 20:30:00,1610612759,1610612765,Regular Season,1
21800918,2019-02-27 20:30:00,1610612742,1610612754,Regular Season,1
21800913,2019-02-27 20:00:00,1610612738,1610612757,Regular Season,0
21800916,2019-02-27 20:00:00,1610612763,1610612741,Regular Season,0
21800912,2019-02-27 19:30:00,1610612737,1610612750,Regular Season,1
21800914,2019-02-27 19:30:00,1610612751,1610612764,Regular Season,0
21800915,2019-02-27 19:30:00,1610612748,1610612744,Regular Season,1
21800911,2019-02-27 19:00:00,1610612766,1610612745,Regular Season,0
21800910,2019-02-26 22:30:00,1610612743,1610612760,Regular Season,1
21800909,2019-02-26 20:00:00,1610612761,1610612738,Regular Season,1
21800908,2019-02-26 19:30:00,1610612752,1610612753,Regular Season,1
21800907,2019-02-25 22:30:00,1610612746,1610612742,Regular Season,1
21800902,2019-02-25 20:00:00,1610612741,1610612749,Regular Season,0
21800903,2019-02-25 20:00:00,1610612745,1610612737,Regular Season,1
21800904,2019-02-25 20:00:00,1610612763,1610612747,Regular Season,1
21800905,2019-02-25 20:00:00,1610612750,1610612758,Regular Season,1
21800906,2019-02-25 20:00:00,1610612740,1610612755,Regular Season,0
21800900,2019-02-25 19:30:00,1610612751,1610612759,Regular Season,1
21800901,2019-02-25 19:30:00,1610612748,1610612756,Regular Season,0
21800897,2019-02-25 19:00:00,1610612766,1610612744,Regular Season,0
21800898,2019-02-25 19:00:00,1610612739,1610612757,Regular Season,0
21800899,2019-02-25 19:00:00,1610612765,1610612754,Regular Season,1
21800896,2019-02-24 19:30:00,1610612752,1610612759,Regular Season,1
21800895,2019-02-24 17:00:00,1610612743,1610612746,Regular Season,1
21800894,2019-02-24 15:30:00,1610612761,1610612753,Regular Season,0
21800893,2019-02-23 22:00:00,1610612762,1610612742,Regular Season,1
21800891,2019-02-23 20:30:00,1610612749,1610612750,Regular Season,1
21800892,2019-02-23 20:30:00,1610612744,1610612745,Regular Season,0
21800889,2019-02-23 20:00:00,1610612741,1610612738,Regular Season,1
21800890,2019-02-23 20:00:00,1610612760,1610612758,Regular Season,0
21800888,2019-02-23 19:30:00,1610612748,1610612765,Regular Season,0
21800883,2019-02-23 19:00:00,1610612737,1610612756,Regular Season,1
21800884,2019-02-23 19:00:00,1610612766,1610612751,Regular Season,0
21800885,2019-02-23 19:00:00,1610612739,1610612763,Regular Season,1
21800886,2019-02-23 19:00:00,1610612764,1610612754,Regular Season,0
21800887,2019-02-23 19:00:00,1610612740,1610612747,Regular Season,1
21800882,2019-02-23 13:00:00,1610612755,1610612757,Regular Season,0
21800881,2019-02-22 21:30:00,1610612760,1610612762,Regular Season,1
21800880,2019-02-22 20:30:00,1610612742,1610612743,Regular Season,0
21800879,2019-02-22 20:00:00,1610612763,1610612746,Regular Season,0
21800877,2019-02-22 19:30:00,1610612737,1610612765,Regular Season,0
21800878,2019-02-22 19:30:00,1610612752,1610612750,Regular Season,0
21800873,2019-02-22 19:00:00,1610612766,1610612764,Regular Season,1
21800874,2019-02-22 19:00:00,1610612754,1610612740,Regular Season,1
21800875,2019-02-22 19:00:00,1610612753,1610612741,Regular Season,0
21800876,2019-02-22 19:00:00,1610612761,1610612759,Regular Season,1
21800871,2019-02-21 22:30:00,1610612744,1610612758,Regular Season,1
21800872,2019-02-21 22:30:00,1610612747,1610612745,Regular Season,1
21800870,2019-02-21 20:00:00,1610612749,1610612738,Regular Season,1
21800869,2019-02-21 19:30:00,1610612751,1610612757,Regular Season,0
21800867,2019-02-21 19:00:00,1610612739,1610612756,Regular Season,1
21800868,2019-02-21 19:00:00,1610612755,1610612748,Regular Season,1
21800866,2019-02-14 20:00:00,1610612740,1610612760,Regular Season,1
21800865,2019-02-14 19:30:00,1610612737,1610612752,Regular Season,0
21800864,2019-02-14 19:00:00,1610612753,1610612766,Regular Season,1
21800862,2019-02-13 22:30:00,1610612757,1610612744,Regular Season,1
21800863,2019-02-13 22:30:00,1610612746,1610612756,Regular Season,1
21800860,2019-02-13 21:00:00,1610612743,1610612758,Regular Season,1
21800859,2019-02-13 20:30:00,1610612742,1610612748,Regular Season,0
21800858,2019-02-13 20:00:00,1610612741,1610612763,Regular Season,1
21800861,2019-02-13 20:00:00,1610612750,1610612745,Regular Season,1
21800855,2019-02-13 19:30:00,1610612738,1610612765,Regular Season,1
21800856,2019-02-13 19:30:00,1610612752,1610612755,Regular Season,0
21800857,2019-02-13 19:30:00,1610612761,1610612764,Regular Season,1
21800853,2019-02-13 19:00:00,1610612739,1610612751,Regular Season,0
21800854,2019-02-13 19:00:00,1610612754,1610612749,Regular Season,0
21800852,2019-02-12 22:30:00,1610612744,1610612762,Regular Season,1
21800849,2019-02-12 20:00:00,1610612755,1610612738,Regular Season,0
21800850,2019-02-12 20:00:00,1610612763,1610612759,Regular Season,0
21800851,2019-02-12 20:00:00,1610612740,1610612753,Regular Season,0
21800848,2019-02-12 19:30:00,1610612737,1610612747,Regular Season,1
21800847,2019-02-11 21:00:00,1610612743,1610612748,Regular Season,1
21800843,2019-02-11 20:00:00,1610612741,1610612749,Regular Season,0
21800844,2019-02-11 20:00:00,1610612745,1610612742,Regular Season,1
21800845,2019-02-11 20:00:00,1610612750,1610612746,Regular Season,1
21800846,2019-02-11 20:00:00,1610612760,1610612757,Regular Season,1
21800842,2019-02-11 19:30:00,1610612761,1610612751,Regular Season,1
21800839,2019-02-11 19:00:00,1610612739,1610612752,Regular Season,1
21800840,2019-02-11 19:00:00,1610612765,1610612764,Regular Season,1
21800841,2019-02-11 19:00:00,1610612754,1610612766,Regular Season,1
21800838,2019-02-10 20:30:00,1610612744,1610612748,Regular Season,1
21800837,2019-02-10 19:30:00,1610612737,1610612753,Regular Season,0
21800836,2019-02-10 18:00:00,1610612758,1610612756,Regular Season,1
21800835,2019-02-10 15:30:00,1610612755,1610612747,Regular Season,1
21800834,2019-02-10 15:00:00,1610612742,1610612757,Regular Season,1
21800833,2019-02-09 21:00:00,1610612749,1610612753,Regular Season,0
21800832,2019-02-09 20:30:00,1610612745,1610612760,Regular Season,0
21800829,2019-02-09 20:00:00,1610612738,1610612746,Regular Season,0
21800830,2019-02-09 20:00:00,1610612741,1610612764,Regular Season,0
21800831,2019-02-09 20:00:00,1610612763,1610612740,Regular Season,1
21800827,2019-02-09 19:30:00,1610612737,1610612766,Regular Season,0
21800828,2019-02-09 19:30:00,1610612752,1610612761,Regular Season,0
21800826,2019-02-09 19:00:00,1610612754,1610612739,Regular Season,1
21800825,2019-02-09 17:00:00,1610612762,1610612759,Regular Season,1
21800824,2019-02-08 22:00:00,1610612758,1610612748,Regular Season,1
21800823,2019-02-08 21:30:00,1610612740,1610612750,Regular Season,1
21800822,2019-02-08 21:00:00,1610612756,1610612744,Regular Season,0
21800821,2019-02-08 20:30:00,1610612742,1610612749,Regular Season,0
21800820,2019-02-08 19:30:00,1610612751,1610612741,Regular Season,0
21800817,2019-02-08 19:00:00,1610612765,1610612752,Regular Season,1
21800818,2019-02-08 19:00:00,1610612755,1610612743,Regular Season,1
21800819,2019-02-08 19:00:00,1610612764,1610612739,Regular Season,1
21800816,2019-02-07 22:30:00,1610612757,1610612759,Regular Season,1
21800814,2019-02-07 20:00:00,1610612738,1610612747,Regular Season,0
21800815,2019-02-07 20:00:00,1610612760,1610612763,Regular Season,1
21800813,2019-02-07 19:30:00,1610612737,1610612761,Regular Season,0
21800811,2019-02-07 19:00:00,1610612754,1610612746,Regular Season,1
21800812,2019-02-07 19:00:00,1610612753,1610612750,Regular Season,1
21800810,2019-02-06 22:30:00,1610612744,1610612759,Regular Season,1
21800809,2019-02-06 22:00:00,1610612758,1610612745,Regular Season,0
21800808,2019-02-06 21:00:00,1610612762,1610612756,Regular Season,1
21800807,2019-02-06 20:30:00,1610612742,1610612766,Regular Season,1
21800805,2019-02-06 20:00:00,1610612741,1610612740,Regular Season,0
21800806,2019-02-06 20:00:00,1610612749,1610612764,Regular Season,1
21800804,2019-02-06 19:30:00,1610612751,1610612743,Regular Season,1
21800803,2019-02-05 22:30:00,1610612757,1610612748,Regular Season,0
21800800,2019-02-05 20:00:00,1610612755,1610612761,Regular Season,0
21800801,2019-02-05 20:00:00,1610612763,1610612750,Regular Season,1
21800802,2019-02-05 20:00:00,1610612760,1610612753,Regular Season,1
21800799,2019-02-05 19:30:00,1610612752,1610612765,Regular Season,0
21800796,2019-02-05 19:00:00,1610612766,1610612746,Regular Season,0
21800797,2019-02-05 19:00:00,1610612739,1610612738,Regular Season,0
21800798,2019-02-05 19:00:00,1610612754,1610612747,Regular Season,1
21800795,2019-02-04 22:00:00,1610612758,1610612759,Regular Season,1
21800794,2019-02-04 21:00:00,1610612756,1610612745,Regular Season,0
21800793,2019-02-04 20:00:00,1610612740,1610612754,Regular Season,0
21800792,2019-02-04 19:30:00,1610612751,1610612749,Regular Season,0
21800790,2019-02-04 19:00:00,1610612765,1610612743,Regular Season,1
21800791,2019-02-04 19:00:00,1610612764,1610612737,Regular Season,0
21800789,2019-02-03 15:00:00,1610612761,1610612746,Regular Season,1
21800788,2019-02-03 14:00:00,1610612738,1610612760,Regular Season,1
21800787,2019-02-03 13:00:00,1610612752,1610612763,Regular Season,0
21800785,2019-02-02 22:00:00,1610612758,1610612755,Regular Season,1
21800783,2019-02-02 21:00:00,1610612750,1610612743,Regular Season,0
21800784,2019-02-02 21:00:00,1610612756,1610612737,Regular Season,0
21800786,2019-02-02 21:00:00,1610612762,1610612745,Regular Season,0
21800779,2019-02-02 20:30:00,1610612759,1610612740,Regular Season,1
21800782,2019-02-02 20:30:00,1610612744,1610612747,Regular Season,1
21800780,2019-02-02 19:30:00,1610612739,1610612742,Regular Season,0
21800781,2019-02-02 19:30:00,1610612748,1610612754,Regular Season,0
21800776,2019-02-02 19:00:00,1610612766,1610612741,Regular Season,1
21800777,2019-02-02 19:00:00,1610612753,1610612751,Regular Season,1
21800778,2019-02-02 19:00:00,1610612764,1610612749,Regular Season,0
21800775,2019-02-02 17:00:00,1610612765,1610612746,Regular Season,0
21800774,2019-02-01 22:00:00,1610612743,1610612745,Regular Season,1
21800773,2019-02-01 21:00:00,1610612762,1610612737,Regular Season,1
21800772,2019-02-01 20:00:00,1610612748,1610612760,Regular Season,0
21800771,2019-02-01 19:30:00,1610612752,1610612738,Regular Season,0
21800770,2019-02-01 19:00:00,1610612766,1610612763,Regular Season,1
21800768,2019-01-31 22:30:00,1610612744,1610612755,Regular Season,0
21800769,2019-01-31 22:30:00,1610612746,1610612747,Regular Season,0
21800767,2019-01-31 20:30:00,1610612759,1610612751,Regular Season,1
21800766,2019-01-31 20:00:00,1610612761,1610612749,Regular Season,0
21800764,2019-01-31 19:00:00,1610612765,1610612742,Regular Season,1
21800765,2019-01-31 19:00:00,1610612753,1610612754,Regular Season,1
21800763,2019-01-30 22:30:00,1610612757,1610612762,Regular Season,1
21800762,2019-01-30 22:00:00,1610612758,1610612737,Regular Season,1
21800759,2019-01-30 20:00:00,1610612764,1610612754,Regular Season,1
21800760,2019-01-30 20:00:00,1610612750,1610612763,Regular Season,1
21800761,2019-01-30 20:00:00,1610612740,1610612743,Regular Season,0
21800756,2019-01-30 19:30:00,1610612738,1610612766,Regular Season,1
21800757,2019-01-30 19:30:00,1610612748,1610612741,Regular Season,0
21800758,2019-01-30 19:30:00,1610612752,1610612742,Regular Season,0
21800755,2019-01-29 22:30:00,1610612747,1610612755,Regular Season,0
21800754,2019-01-29 20:30:00,1610612759,1610612756,Regular Season,1
21800753,2019-01-29 20:00:00,1610612745,1610612740,Regular Season,0
21800752,2019-01-29 19:30:00,1610612751,1610612741,Regular Season,1
21800749,2019-01-29 19:00:00,1610612739,1610612764,Regular Season,1
21800750,2019-01-29 19:00:00,1610612765,1610612749,Regular Season,0
21800751,2019-01-29 19:00:00,1610612753,1610612760,Regular Season,0
21800748,2019-01-28 22:30:00,1610612746,1610612737,Regular Season,0
21800747,2019-01-28 20:00:00,1610612763,1610612743,Regular Season,0
21800746,2019-01-28 19:30:00,1610612738,1610612751,Regular Season,1
21800744,2019-01-28 19:00:00,1610612766,1610612752,Regular Season,1
21800745,2019-01-28 19:00:00,1610612754,1610612744,Regular Season,0
21800743,2019-01-27 21:30:00,1610612747,1610612756,Regular Season,1
21800741,2019-01-27 19:30:00,1610612752,1610612748,Regular Season,0
21800737,2019-01-27 19:00:00,1610612745,1610612753,Regular Season,1
21800739,2019-01-27 19:00:00,1610612742,1610612761,Regular Season,0
21800740,2019-01-27 19:00:00,1610612750,1610612762,Regular Season,0
21800742,2019-01-27 19:00:00,1610612759,1610612764,Regular Season,1
21800738,2019-01-27 18:00:00,1610612760,1610612749,Regular Season,1
21800735,2019-01-27 15:30:00,1610612741,1610612739,Regular Season,0
21800736,2019-01-27 15:30:00,1610612746,1610612758,Regular Season,1
21800734,2019-01-26 22:00:00,1610612757,1610612737,Regular Season,1
21800733,2019-01-26 21:00:00,1610612743,1610612755,Regular Season,1
21800732,2019-01-26 20:30:00,1610612738,1610612744,Regular Season,0
21800731,2019-01-26 20:00:00,1610612763,1610612754,Regular Season,1
21800730,2019-01-26 18:00:00,1610612740,1610612759,Regular Season,0
21800728,2019-01-25 21:00:00,1610612743,1610612756,Regular Season,1
21800729,2019-01-25 21:00:00,1610612762,1610612750,Regular Season,1
21800726,2019-01-25 20:30:00,1610612742,1610612765,Regular Season,1
21800727,2019-01-25 20:30:00,1610612749,1610612766,Regular Season,1
21800723,2019-01-25 20:00:00,1610612741,1610612746,Regular Season,0
21800724,2019-01-25 20:00:00,1610612745,1610612761,Regular Season,1
21800725,2019-01-25 20:00:00,1610612763,1610612758,Regular Season,0
21800721,2019-01-25 19:30:00,1610612751,1610612752,Regular Season,1
21800722,2019-01-25 19:30:00,1610612739,1610612748,Regular Season,0
21800720,2019-01-25 19:00:00,1610612753,1610612764,Regular Season,0
21800719,2019-01-24 22:30:00,1610612747,1610612750,Regular Season,0
21800718,2019-01-24 21:00:00,1610612756,1610612757,Regular Season,0
21800716,2019-01-24 20:00:00,1610612764,1610612744,Regular Season,0
21800717,2019-01-24 20:00:00,1610612760,1610612740,Regular Season,1
21800715,2019-01-23 22:30:00,1610612762,1610612743,Regular Season,1
21800711,2019-01-23 20:00:00,1610612755,1610612759,Regular Season,1
21800712,2019-01-23 20:00:00,1610612741,1610612737,Regular Season,0
21800713,2019-01-23 20:00:00,1610612763,1610612766,Regular Season,0
21800714,2019-01-23 20:00:00,1610612740,1610612765,Regular Season,0
21800707,2019-01-23 19:30:00,1610612738,1610612739,Regular Season,1
21800708,2019-01-23 19:30:00,1610612751,1610612753,Regular Season,1
21800709,2019-01-23 19:30:00,1610612748,1610612746,Regular Season,0
21800710,2019-01-23 19:30:00,1610612752,1610612745,Regular Season,0
21800706,2019-01-23 19:00:00,1610612754,1610612761,Regular Season,1
21800705,2019-01-22 21:00:00,1610612756,1610612750,Regular Season,0
21800704,2019-01-22 20:30:00,1610612742,1610612746,Regular Season,1
21800703,2019-01-22 20:00:00,1610612760,1610612757,Regular Season,1
21800702,2019-01-22 19:00:00,1610612761,1610612758,Regular Season,1
21800701,2019-01-21 22:30:00,1610612747,1610612744,Regular Season,0
21800700,2019-01-21 21:00:00,1610612762,1610612757,Regular Season,0
21800699,2019-01-21 20:00:00,1610612755,1610612745,Regular Season,1
21800698,2019-01-21 18:00:00,1610612738,1610612748,Regular Season,1
21800697,2019-01-21 17:30:00,1610612763,1610612740,Regular Season,0
21800696,2019-01-21 15:30:00,1610612751,1610612758,Regular Season,1
21800695,2019-01-21 15:00:00,1610612737,1610612753,Regular Season,0
21800693,2019-01-21 14:00:00,1610612764,1610612765,Regular Season,1
21800694,2019-01-21 14:00:00,1610612749,1610612742,Regular Season,1
21800692,2019-01-21 13:00:00,1610612739,1610612741,Regular Season,0
21800691,2019-01-21 12:30:00,1610612752,1610612760,Regular Season,0
21800689,2019-01-20 19:00:00,1610612750,1610612756,Regular Season,1
21800690,2019-01-20 19:00:00,1610612759,1610612746,Regular Season,0
21800688,2019-01-20 18:00:00,1610612754,1610612766,Regular Season,1
21800687,2019-01-19 22:00:00,1610612743,1610612739,Regular Season,1
21800686,2019-01-19 20:30:00,1610612745,1610612747,Regular Season,1
21800685,2019-01-19 20:00:00,1610612741,1610612748,Regular Season,0
21800683,2019-01-19 19:30:00,1610612737,1610612738,Regular Season,0
21800684,2019-01-19 19:30:00,1610612761,1610612763,Regular Season,1
21800680,2019-01-19 19:00:00,1610612765,1610612758,Regular Season,0
21800681,2019-01-19 19:00:00,1610612754,1610612742,Regular Season,1
21800682,2019-01-19 19:00:00,1610612753,1610612749,Regular Season,0
21800679,2019-01-19 17:00:00,1610612766,1610612756,Regular Season,1
21800678,2019-01-19 15:30:00,1610612755,1610612760,Regular Season,0
21800676,2019-01-18 22:30:00,1610612746,1610612744,Regular Season,0
21800677,2019-01-18 22:30:00,1610612757,1610612740,Regular Season,1
21800675,2019-01-18 21:00:00,1610612762,1610612739,Regular Season,1
21800674,2019-01-18 20:00:00,1610612750,1610612759,Regular Season,0
21800671,2019-01-18 19:00:00,1610612738,1610612763,Regular Season,1
21800672,2019-01-18 19:00:00,1610612765,1610612748,Regular Season,1
21800673,2019-01-18 19:00:00,1610612753,1610612751,Regular Season,0
21800670,2019-01-17 21:30:00,1610612760,1610612747,Regular Season,0
21800669,2019-01-17 21:00:00,1610612743,1610612741,Regular Season,1
21800668,2019-01-17 19:30:00,1610612761,1610612756,Regular Season,1
21800666,2019-01-17 19:00:00,1610612766,1610612758,Regular Season,1
21800667,2019-01-17 19:00:00,1610612754,1610612755,Regular Season,0
21800665,2019-01-17 15:00:00,1610612764,1610612752,Regular Season,1
21800663,2019-01-16 22:30:00,1610612744,1610612740,Regular Season,1
21800664,2019-01-16 22:30:00,1610612746,1610612762,Regular Season,0
21800662,2019-01-16 22:00:00,1610612757,1610612739,Regular Season,1
21800661,2019-01-16 20:30:00,1610612742,1610612759,Regular Season,0
21800658,2019-01-16 20:00:00,1610612738,1610612761,Regular Season,1
21800659,2019-01-16 20:00:00,1610612745,1610612751,Regular Season,0
21800660,2019-01-16 20:00:00,1610612763,1610612749,Regular Season,0
21800657,2019-01-16 19:00:00,1610612765,1610612753,Regular Season,1
21800656,2019-01-15 22:30:00,1610612747,1610612741,Regular Season,1
21800655,2019-01-15 21:00:00,1610612743,1610612744,Regular Season,0
21800654,2019-01-15 20:00:00,1610612749,1610612748,Regular Season,1
21800653,2019-01-15 19:30:00,1610612737,1610612760,Regular Season,1
21800651,2019-01-15 19:00:00,1610612754,1610612756,Regular Season,1
21800652,2019-01-15 19:00:00,1610612755,1610612750,Regular Season,1
21800650,2019-01-14 22:30:00,1610612746,1610612740,Regular Season,0
21800649,2019-01-14 22:00:00,1610612758,1610612757,Regular Season,1
21800648,2019-01-14 21:00:00,1610612762,1610612765,Regular Season,1
21800647,2019-01-14 20:30:00,1610612759,1610612766,Regular Season,0
21800646,2019-01-14 20:00:00,1610612745,1610612763,Regular Season,1
21800645,2019-01-14 19:30:00,1610612751,1610612738,Regular Season,1
21800644,2019-01-13 21:30:00,1610612747,1610612739,Regular Season,0
21800643,2019-01-13 20:00:00,1610612743,1610612757,Regular Season,1
21800642,2019-01-13 19:00:00,1610612742,1610612744,Regular Season,0
21800641,2019-01-13 18:00:00,1610612753,1610612745,Regular Season,1
21800640,2019-01-13 15:30:00,1610612737,1610612749,Regular Season,0
21800638,2019-01-13 13:00:00,1610612752,1610612755,Regular Season,0
21800639,2019-01-13 13:00:00,1610612764,1610612761,Regular Season,0
21800636,2019-01-12 22:00:00,1610612758,1610612766,Regular Season,1
21800637,2019-01-12 22:00:00,1610612762,1610612741,Regular Season,1
21800635,2019-01-12 21:00:00,1610612756,1610612743,Regular Season,1
21800633,2019-01-12 20:00:00,1610612750,1610612740,Regular Season,1
21800634,2019-01-12 20:00:00,1610612760,1610612759,Regular Season,1
21800632,2019-01-12 19:00:00,1610612753,1610612738,Regular Season,1
21800631,2019-01-12 17:00:00,1610612748,1610612763,Regular Season,1
21800630,2019-01-12 15:30:00,1610612746,1610612765,Regular Season,0
21800629,2019-01-11 22:30:00,1610612744,1610612741,Regular Season,1
21800627,2019-01-11 22:00:00,1610612762,1610612747,Regular Season,1
21800628,2019-01-11 22:00:00,1610612757,1610612766,Regular Season,1
21800625,2019-01-11 20:00:00,1610612745,1610612739,Regular Season,1
21800626,2019-01-11 20:00:00,1610612750,1610612742,Regular Season,0
21800623,2019-01-11 19:30:00,1610612752,1610612754,Regular Season,0
21800624,2019-01-11 19:30:00,1610612761,1610612751,Regular Season,1
21800621,2019-01-11 19:00:00,1610612755,1610612737,Regular Season,0
21800622,2019-01-11 19:00:00,1610612764,1610612749,Regular Season,1
21800620,2019-01-10 22:00:00,1610612758,1610612765,Regular Season,1
21800619,2019-01-10 21:30:00,1610612759,1610612760,Regular Season,1
21800618,2019-01-10 21:00:00,1610612743,1610612746,Regular Season,1
21800617,2019-01-10 19:00:00,1610612748,1610612738,Regular Season,1
21800616,2019-01-09 22:30:00,1610612747,1610612765,Regular Season,1
21800615,2019-01-09 22:00:00,1610612757,1610612741,Regular Season,1
21800614,2019-01-09 21:00:00,1610612762,1610612753,Regular Season,1
21800613,2019-01-09 20:30:00,1610612742,1610612756,Regular Season,1
21800610,2019-01-09 20:00:00,1610612745,1610612749,Regular Season,0
21800611,2019-01-09 20:00:00,1610612763,1610612759,Regular Season,1
21800612,2019-01-09 20:00:00,1610612740,1610612739,Regular Season,1
21800609,2019-01-09 19:30:00,1610612751,1610612737,Regular Season,1
21800607,2019-01-09 19:00:00,1610612738,1610612754,Regular Season,1
21800608,2019-01-09 19:00:00,1610612764,1610612755,Regular Season,1
21800605,2019-01-08 22:30:00,1610612744,1610612752,Regular Season,1
21800606,2019-01-08 22:30:00,1610612746,1610612766,Regular Season,1
21800604,2019-01-08 21:00:00,1610612756,1610612758,Regular Season,1
21800603,2019-01-08 20:00:00,1610612760,1610612750,Regular Season,0
21800601,2019-01-08 19:30:00,1610612748,1610612743,Regular Season,0
21800602,2019-01-08 19:30:00,1610612761,1610612737,Regular Season,1
21800599,2019-01-08 19:00:00,1610612739,1610612754,Regular Season,0
21800600,2019-01-08 19:00:00,1610612755,1610612764,Regular Season,1
21800597,2019-01-07 22:00:00,1610612757,1610612752,Regular Season,1
21800598,2019-01-07 22:00:00,1610612758,1610612753,Regular Season,1
21800596,2019-01-07 20:30:00,1610612742,1610612747,Regular Season,0
21800593,2019-01-07 20:00:00,1610612745,1610612743,Regular Season,1
21800594,2019-01-07 20:00:00,1610612749,1610612762,Regular Season,1
21800595,2019-01-07 20:00:00,1610612740,1610612763,Regular Season,1
21800592,2019-01-07 19:30:00,1610612738,1610612751,Regular Season,1
21800591,2019-01-07 19:00:00,1610612765,1610612759,Regular Season,0
21800590,2019-01-06 20:00:00,1610612756,1610612766,Regular Season,0
21800589,2019-01-06 19:30:00,1610612761,1610612754,Regular Season,1
21800588,2019-01-06 19:00:00,1610612760,1610612764,Regular Season,0
21800587,2019-01-06 18:00:00,1610612737,1610612748,Regular Season,1
21800584,2019-01-06 15:30:00,1610612741,1610612751,Regular Season,0
21800585,2019-01-06 15:30:00,1610612750,1610612747,Regular Season,1
21800586,2019-01-06 15:30:00,1610612746,1610612753,Regular Season,1
21800582,2019-01-05 22:00:00,1610612757,1610612745,Regular Season,1
21800583,2019-01-05 22:00:00,1610612758,1610612744,Regular Season,0
21800580,2019-01-05 20:30:00,1610612749,1610612761,Regular Season,0
21800581,2019-01-05 20:30:00,1610612759,1610612763,Regular Season,1
21800579,2019-01-05 20:00:00,1610612739,1610612740,Regular Season,0
21800578,2019-01-05 19:30:00,1610612755,1610612742,Regular Season,1
21800577,2019-01-05 19:00:00,1610612765,1610612762,Regular Season,0
21800576,2019-01-05 17:00:00,1610612743,1610612766,Regular Season,1
21800574,2019-01-04 22:30:00,1610612747,1610612752,Regular Season,0
21800575,2019-01-04 22:30:00,1610612757,1610612760,Regular Season,0
21800573,2019-01-04 21:00:00,1610612756,1610612746,Regular Season,0
21800572,2019-01-04 20:30:00,1610612749,1610612737,Regular Season,1
21800566,2019-01-04 20:00:00,1610612738,1610612742,Regular Season,1
21800568,2019-01-04 20:00:00,1610612748,1610612764,Regular Season,1
21800569,2019-01-04 20:00:00,1610612741,1610612754,Regular Season,0
21800570,2019-01-04 20:00:00,1610612763,1610612751,Regular Season,0
21800571,2019-01-04 20:00:00,1610612750,1610612753,Regular Season,1
21800567,2019-01-04 19:30:00,1610612739,1610612762,Regular Season,0
21800565,2019-01-03 22:30:00,1610612744,1610612745,Regular Season,0
21800564,2019-01-03 22:00:00,1610612758,1610612743,Regular Season,0
21800563,2019-01-03 20:00:00,1610612759,1610612761,Regular Season,1
21800562,2019-01-02 22:30:00,1610612747,1610612760,Regular Season,0
21800561,2019-01-02 21:00:00,1610612756,1610612755,Regular Season,0
21800558,2019-01-02 20:00:00,1610612738,1610612750,Regular Season,1
21800559,2019-01-02 20:00:00,1610612741,1610612753,Regular Season,0
21800560,2019-01-02 20:00:00,1610612763,1610612765,Regular Season,0
21800557,2019-01-02 19:30:00,1610612751,1610612740,Regular Season,1
21800554,2019-01-02 19:00:00,1610612766,1610612742,Regular Season,0
21800555,2019-01-02 19:00:00,1610612739,1610612748,Regular Season,0
21800556,2019-01-02 19:00:00,1610612764,1610612737,Regular Season,1
21800553,2019-01-01 22:30:00,1610612746,1610612755,Regular Season,0
21800551,2019-01-01 21:00:00,1610612743,1610612752,Regular Season,1
21800552,2019-01-01 21:00:00,1610612758,1610612757,Regular Season,0
21800550,2019-01-01 20:00:00,1610612749,1610612765,Regular Season,1
21800549,2019-01-01 19:30:00,1610612761,1610612762,Regular Season,1
21800548,2018-12-31 21:00:00,1610612756,1610612744,Regular Season,0
21800546,2018-12-31 20:00:00,1610612740,1610612750,Regular Season,1
21800547,2018-12-31 20:00:00,1610612760,1610612742,Regular Season,1
21800544,2018-12-31 19:00:00,1610612745,1610612763,Regular Season,1
21800545,2018-12-31 19:00:00,1610612759,1610612738,Regular Season,1
21800543,2018-12-31 18:00:00,1610612766,1610612753,Regular Season,1
21800542,2018-12-31 15:00:00,1610612754,1610612737,Regular Season,1
21800541,2018-12-30 21:30:00,1610612747,1610612758,Regular Season,1
21800540,2018-12-30 21:00:00,1610612757,1610612755,Regular Season,1
21800539,2018-12-30 19:00:00,1610612742,1610612760,Regular Season,1
21800537,2018-12-30 18:00:00,1610612748,1610612750,Regular Season,0
21800538,2018-12-30 18:00:00,1610612761,1610612741,Regular Season,1
21800536,2018-12-30 15:30:00,1610612753,1610612765,Regular Season,1
21800535,2018-12-29 22:30:00,1610612746,1610612759,Regular Season,0
21800534,2018-12-29 22:00:00,1610612757,1610612744,Regular Season,0
21800533,2018-12-29 21:00:00,1610612756,1610612743,Regular Season,0
21800531,2018-12-29 20:00:00,1610612763,1610612738,Regular Season,0
21800532,2018-12-29 20:00:00,1610612762,1610612752,Regular Season,1
21800529,2018-12-29 19:30:00,1610612737,1610612739,Regular Season,1
21800528,2018-12-29 19:00:00,1610612740,1610612745,Regular Season,0
21800530,2018-12-29 19:00:00,1610612764,1610612766,Regular Season,1
21800527,2018-12-29 17:00:00,1610612749,1610612751,Regular Season,1
21800526,2018-12-28 22:30:00,1610612747,1610612746,Regular Season,0
21800524,2018-12-28 21:00:00,1610612743,1610612759,Regular Season,1
21800525,2018-12-28 21:00:00,1610612756,1610612760,Regular Season,0
21800521,2018-12-28 20:00:00,1610612748,1610612739,Regular Season,1
21800522,2018-12-28 20:00:00,1610612750,1610612737,Regular Season,0
21800523,2018-12-28 20:00:00,1610612740,1610612742,Regular Season,1
21800517,2018-12-28 19:00:00,1610612766,1610612751,Regular Season,1
21800518,2018-12-28 19:00:00,1610612754,1610612765,Regular Season,1
21800519,2018-12-28 19:00:00,1610612753,1610612761,Regular Season,1
21800520,2018-12-28 19:00:00,1610612764,1610612741,Regular Season,0
21800515,2018-12-27 22:30:00,1610612762,1610612755,Regular Season,0
21800516,2018-12-27 22:30:00,1610612744,1610612757,Regular Season,0
21800514,2018-12-27 22:00:00,1610612758,1610612747,Regular Season,1
21800512,2018-12-27 20:00:00,1610612745,1610612738,Regular Season,1
21800513,2018-12-27 20:00:00,1610612749,1610612752,Regular Season,1
21800511,2018-12-26 22:30:00,1610612746,1610612758,Regular Season,1
21800509,2018-12-26 20:30:00,1610612742,1610612740,Regular Season,1
21800510,2018-12-26 20:30:00,1610612759,1610612743,Regular Season,1
21800507,2018-12-26 20:00:00,1610612741,1610612750,Regular Season,0
21800508,2018-12-26 20:00:00,1610612763,1610612739,Regular Season,1
21800504,2018-12-26 19:30:00,1610612737,1610612754,Regular Season,0
21800505,2018-12-26 19:30:00,1610612751,1610612766,Regular Season,1
21800506,2018-12-26 19:30:00,1610612748,1610612761,Regular Season,0
21800502,2018-12-26 19:00:00,1610612765,1610612764,Regular Season,1
21800503,2018-12-26 19:00:00,1610612753,1610612756,Regular Season,0
21800501,2018-12-25 22:30:00,1610612762,1610612757,Regular Season,1
21800500,2018-12-25 20:00:00,1610612744,1610612747,Regular Season,0
21800499,2018-12-25 17:30:00,1610612738,1610612755,Regular Season,1
21800498,2018-12-25 15:00:00,1610612745,1610612760,Regular Season,1
21800497,2018-12-25 12:00:00,1610612752,1610612749,Regular Season,0
21800496,2018-12-23 21:30:00,1610612747,1610612763,Regular Season,0
21800495,2018-12-23 21:00:00,1610612757,1610612742,Regular Season,1
21800494,2018-12-23 20:30:00,1610612744,1610612746,Regular Season,1
21800493,2018-12-23 20:00:00,1610612760,1610612750,Regular Season,0
21800488,2018-12-23 18:00:00,1610612738,1610612766,Regular Season,1
21800489,2018-12-23 18:00:00,1610612751,1610612756,Regular Season,1
21800490,2018-12-23 18:00:00,1610612739,1610612741,Regular Season,0
21800491,2018-12-23 18:00:00,1610612753,1610612748,Regular Season,0
21800492,2018-12-23 18:00:00,1610612758,1610612740,Regular Season,1
21800487,2018-12-23 17:00:00,1610612754,1610612764,Regular Season,1
21800486,2018-12-23 16:00:00,1610612765,1610612737,Regular Season,0
21800485,2018-12-22 21:00:00,1610612762,1610612760,Regular Season,0
21800484,2018-12-22 20:30:00,1610612744,1610612742,Regular Season,1
21800482,2018-12-22 20:00:00,1610612748,1610612749,Regular Season,1
21800483,2018-12-22 20:00:00,1610612745,1610612759,Regular Season,1
21800481,2018-12-22 19:30:00,1610612755,1610612761,Regular Season,1
21800480,2018-12-22 19:00:00,1610612764,1610612756,Regular Season,1
21800479,2018-12-22 17:00:00,1610612746,1610612743,Regular Season,1
21800478,2018-12-21 22:30:00,1610612747,1610612740,Regular Season,1
21800476,2018-12-21 22:00:00,1610612757,1610612762,Regular Season,0
21800477,2018-12-21 22:00:00,1610612758,1610612763,Regular Season,1
21800475,2018-12-21 20:30:00,1610612759,1610612750,Regular Season,1
21800473,2018-12-21 20:00:00,1610612738,1610612749,Regular Season,0
21800474,2018-12-21 20:00:00,1610612741,1610612753,Regular Season,1
21800471,2018-12-21 19:30:00,1610612751,1610612754,Regular Season,0
21800472,2018-12-21 19:30:00,1610612752,1610612737,Regular Season,0
21800469,2018-12-21 19:00:00,1610612766,1610612765,Regular Season,1
21800470,2018-12-21 19:00:00,1610612761,1610612739,Regular Season,1
21800468,2018-12-20 22:30:00,1610612746,1610612742,Regular Season,1
21800467,2018-12-20 20:00:00,1610612748,1610612745,Regular Season,1
21800465,2018-12-19 22:00:00,1610612757,1610612763,Regular Season,1
21800466,2018-12-19 22:00:00,1610612758,1610612760,Regular Season,0
21800464,2018-12-19 21:00:00,1610612762,1610612744,Regular Season,1
21800460,2018-12-19 20:00:00,1610612741,1610612751,Regular Season,0
21800461,2018-12-19 20:00:00,1610612745,1610612764,Regular Season,1
21800462,2018-12-19 20:00:00,1610612749,1610612740,Regular Season,1
21800463,2018-12-19 20:00:00,1610612750,1610612765,Regular Season,0
21800458,2018-12-19 19:30:00,1610612738,1610612756,Regular Season,0
21800459,2018-12-19 19:30:00,1610612761,1610612754,Regular Season,1
21800455,2018-12-19 19:00:00,1610612766,1610612739,Regular Season,1
21800456,2018-12-19 19:00:00,1610612753,1610612759,Regular Season,0
21800457,2018-12-19 19:00:00,1610612755,1610612752,Regular Season,1
21800454,2018-12-18 21:00:00,1610612743,1610612742,Regular Season,1
21800452,2018-12-18 19:30:00,1610612737,1610612764,Regular Season,1
21800453,2018-12-18 19:30:00,1610612751,1610612747,Regular Season,1
21800451,2018-12-18 19:00:00,1610612754,1610612739,Regular Season,0
21800449,2018-12-17 22:30:00,1610612744,1610612763,Regular Season,1
21800450,2018-12-17 22:30:00,1610612746,1610612757,Regular Season,0
21800448,2018-12-17 20:30:00,1610612759,1610612755,Regular Season,1
21800445,2018-12-17 20:00:00,1610612745,1610612762,Regular Season,1
21800446,2018-12-17 20:00:00,1610612750,1610612758,Regular Season,1
21800447,2018-12-17 20:00:00,1610612760,1610612741,Regular Season,1
21800444,2018-12-17 19:30:00,1610612752,1610612756,Regular Season,0
21800443,2018-12-17 19:00:00,1610612765,1610612749,Regular Season,0
21800442,2018-12-16 20:00:00,1610612743,1610612761,Regular Season,1
21800440,2018-12-16 19:00:00,1610612742,1610612758,Regular Season,0
21800441,2018-12-16 19:00:00,1610612740,1610612748,Regular Season,0
21800439,2018-12-16 18:00:00,1610612764,1610612747,Regular Season,1
21800438,2018-12-16 17:00:00,1610612754,1610612752,Regular Season,1
21800437,2018-12-16 15:30:00,1610612739,1610612755,Regular Season,0
21800436,2018-12-16 15:00:00,1610612751,1610612737,Regular Season,1
21800434,2018-12-15 21:00:00,1610612760,1610612746,Regular Season,1
21800435,2018-12-15 21:00:00,1610612756,1610612750,Regular Season,1
21800433,2018-12-15 20:30:00,1610612759,1610612741,Regular Season,0
21800432,2018-12-15 20:00:00,1610612763,1610612745,Regular Season,0
21800430,2018-12-15 19:00:00,1610612766,1610612747,Regular Season,0
21800431,2018-12-15 19:00:00,1610612765,1610612738,Regular Season,1
21800429,2018-12-15 17:00:00,1610612753,1610612762,Regular Season,1
21800426,2018-12-14 22:00:00,1610612743,1610612760,Regular Season,1
21800427,2018-12-14 22:00:00,1610612757,1610612761,Regular Season,1
21800428,2018-12-14 22:00:00,1610612758,1610612744,Regular Season,0
21800425,2018-12-14 20:00:00,1610612763,1610612748,Regular Season,0
21800422,2018-12-14 19:30:00,1610612751,1610612764,Regular Season,1
21800423,2018-12-14 19:30:00,1610612739,1610612749,Regular Season,0
21800424,2018-12-14 19:30:00,1610612755,1610612754,Regular Season,0
21800420,2018-12-14 19:00:00,1610612738,1610612737,Regular Season,1
21800421,2018-12-14 19:00:00,1610612766,1610612752,Regular Season,0
21800419,2018-12-13 22:30:00,1610612756,1610612742,Regular Season,1
21800418,2018-12-13 21:30:00,1610612753,1610612741,Regular Season,1
21800417,2018-12-13 20:30:00,1610612759,1610612746,Regular Season,1
21800416,2018-12-13 20:00:00,1610612745,1610612747,Regular Season,1
21800415,2018-12-12 22:30:00,1610612744,1610612761,Regular Season,0
21800414,2018-12-12 22:00:00,1610612758,1610612750,Regular Season,1
21800413,2018-12-12 21:00:00,1610612762,1610612748,Regular Season,1
21800412,2018-12-12 20:30:00,1610612742,1610612737,Regular Season,1
21800410,2018-12-12 20:00:00,1610612763,1610612757,Regular Season,1
21800411,2018-12-12 20:00:00,1610612740,1610612760,Regular Season,1
21800405,2018-12-12 19:00:00,1610612766,1610612765,Regular Season,1
21800406,2018-12-12 19:00:00,1610612739,1610612752,Regular Season,1
21800407,2018-12-12 19:00:00,1610612754,1610612749,Regular Season,1
21800408,2018-12-12 19:00:00,1610612755,1610612751,Regular Season,0
21800409,2018-12-12 19:00:00,1610612764,1610612738,Regular Season,0
21800404,2018-12-11 22:30:00,1610612746,1610612761,Regular Season,0
21800403,2018-12-11 20:30:00,1610612759,1610612756,Regular Season,1
21800402,2018-12-11 20:00:00,1610612745,1610612757,Regular Season,1
21800400,2018-12-10 22:30:00,1610612744,1610612750,Regular Season,1
21800401,2018-12-10 22:30:00,1610612747,1610612748,Regular Season,1
21800398,2018-12-10 21:00:00,1610612743,1610612763,Regular Season,1
21800399,2018-12-10 21:00:00,1610612756,1610612746,Regular Season,0
21800397,2018-12-10 20:30:00,1610612742,1610612753,Regular Season,1
21800394,2018-12-10 20:00:00,1610612741,1610612758,Regular Season,0
21800395,2018-12-10 20:00:00,1610612749,1610612739,Regular Season,1
21800396,2018-12-10 20:00:00,1610612760,1610612762,Regular Season,1
21800393,2018-12-10 19:30:00,1610612738,1610612740,Regular Season,1
21800391,2018-12-10 19:00:00,1610612754,1610612764,Regular Season,1
21800392,2018-12-10 19:00:00,1610612755,1610612765,Regular Season,1
21800389,2018-12-09 19:30:00,1610612752,1610612766,Regular Season,0
21800390,2018-12-09 19:00:00,1610612759,1610612762,Regular Season,1
21800388,2018-12-09 18:00:00,1610612761,1610612749,Regular Season,0
21800387,2018-12-09 15:30:00,1610612765,1610612740,Regular Season,0
21800386,2018-12-08 22:30:00,1610612746,1610612748,Regular Season,0
21800385,2018-12-08 22:00:00,1610612757,1610612750,Regular Season,1
21800383,2018-12-08 20:00:00,1610612741,1610612738,Regular Season,0
21800384,2018-12-08 20:00:00,1610612763,1610612747,Regular Season,0
21800380,2018-12-08 19:30:00,1610612737,1610612743,Regular Season,1
21800381,2018-12-08 19:30:00,1610612739,1610612764,Regular Season,1
21800382,2018-12-08 19:30:00,1610612752,1610612751,Regular Season,0
21800379,2018-12-08 19:00:00,1610612754,1610612758,Regular Season,1
21800378,2018-12-08 18:00:00,1610612742,1610612745,Regular Season,1
21800377,2018-12-07 21:30:00,1610612749,1610612744,Regular Season,0
21800376,2018-12-07 21:00:00,1610612756,1610612748,Regular Season,0
21800375,2018-12-07 20:30:00,1610612759,1610612747,Regular Season,1
21800373,2018-12-07 20:00:00,1610612741,1610612760,Regular Season,1
21800374,2018-12-07 20:00:00,1610612740,1610612763,Regular Season,0
21800371,2018-12-07 19:30:00,1610612751,1610612761,Regular Season,1
21800372,2018-12-07 19:30:00,1610612739,1610612758,Regular Season,0
21800368,2018-12-07 19:00:00,1610612766,1610612743,Regular Season,1
21800369,2018-12-07 19:00:00,1610612765,1610612755,Regular Season,0
21800370,2018-12-07 19:00:00,1610612753,1610612754,Regular Season,0
21800367,2018-12-06 22:30:00,1610612762,1610612745,Regular Season,1
21800366,2018-12-06 22:00:00,1610612757,1610612756,Regular Season,1
21800365,2018-12-06 20:00:00,1610612738,1610612752,Regular Season,1
21800364,2018-12-05 22:30:00,1610612747,1610612759,Regular Season,1
21800359,2018-12-05 20:00:00,1610612761,1610612755,Regular Season,1
21800360,2018-12-05 20:00:00,1610612763,1610612746,Regular Season,1
21800361,2018-12-05 20:00:00,1610612749,1610612765,Regular Season,1
21800362,2018-12-05 20:00:00,1610612750,1610612766,Regular Season,1
21800363,2018-12-05 20:00:00,1610612740,1610612742,Regular Season,1
21800357,2018-12-05 19:30:00,1610612737,1610612764,Regular Season,0
21800358,2018-12-05 19:30:00,1610612751,1610612760,Regular Season,0
21800355,2018-12-05 19:00:00,1610612739,1610612744,Regular Season,0
21800356,2018-12-05 19:00:00,1610612753,1610612743,Regular Season,0
21800353,2018-12-04 21:00:00,1610612756,1610612758,Regular Season,0
21800354,2018-12-04 21:00:00,1610612762,1610612759,Regular Season,1
21800352,2018-12-04 20:30:00,1610612742,1610612757,Regular Season,1
21800351,2018-12-04 19:30:00,1610612748,1610612753,Regular Season,0
21800350,2018-12-04 19:00:00,1610612754,1610612741,Regular Season,1
21800348,2018-12-03 20:00:00,1610612750,1610612745,Regular Season,1
21800349,2018-12-03 20:00:00,1610612740,1610612746,Regular Season,0
21800344,2018-12-03 19:30:00,1610612737,1610612744,Regular Season,0
21800345,2018-12-03 19:30:00,1610612751,1610612739,Regular Season,0
21800346,2018-12-03 19:30:00,1610612752,1610612764,Regular Season,0
21800347,2018-12-03 19:30:00,1610612761,1610612743,Regular Season,0
21800343,2018-12-03 19:00:00,1610612765,1610612760,Regular Season,0
21800341,2018-12-02 19:00:00,1610612742,1610612746,Regular Season,1
21800342,2018-12-02 19:00:00,1610612759,1610612757,Regular Season,1
21800339,2018-12-02 18:00:00,1610612748,1610612762,Regular Season,1
21800340,2018-12-02 18:00:00,1610612755,1610612763,Regular Season,1
21800338,2018-12-02 17:00:00,1610612766,1610612740,Regular Season,0
21800337,2018-12-02 15:30:00,1610612747,1610612756,Regular Season,1
21800336,2018-12-01 22:00:00,1610612758,1610612754,Regular Season,1
21800332,2018-12-01 20:00:00,1610612739,1610612761,Regular Season,0
21800334,2018-12-01 20:00:00,1610612745,1610612741,Regular Season,1
21800335,2018-12-01 20:00:00,1610612750,1610612738,Regular Season,0
21800331,2018-12-01 19:00:00,1610612765,1610612744,Regular Season,1
21800333,2018-12-01 19:00:00,1610612764,1610612751,Regular Season,1
21800330,2018-12-01 17:00:00,1610612752,1610612749,Regular Season,1
21800328,2018-11-30 22:30:00,1610612747,1610612742,Regular Season,1
21800329,2018-11-30 22:30:00,1610612757,1610612743,Regular Season,0
21800327,2018-11-30 21:00:00,1610612756,1610612753,Regular Season,0
21800324,2018-11-30 20:00:00,1610612748,1610612740,Regular Season,1
21800325,2018-11-30 20:00:00,1610612760,1610612737,Regular Season,1
21800326,2018-11-30 20:00:00,1610612759,1610612745,Regular Season,0
21800323,2018-11-30 19:30:00,1610612751,1610612763,Regular Season,0
21800319,2018-11-30 19:00:00,1610612738,1610612739,Regular Season,1
21800320,2018-11-30 19:00:00,1610612766,1610612762,Regular Season,0
21800321,2018-11-30 19:00:00,1610612765,1610612741,Regular Season,1
21800322,2018-11-30 19:00:00,1610612755,1610612764,Regular Season,1
21800317,2018-11-29 22:30:00,1610612747,1610612754,Regular Season,1
21800318,2018-11-29 22:30:00,1610612758,1610612746,Regular Season,0
21800316,2018-11-29 20:00:00,1610612761,1610612744,Regular Season,1
21800315,2018-11-28 22:30:00,1610612746,1610612756,Regular Season,1
21800314,2018-11-28 22:00:00,1610612757,1610612753,Regular Season,1
21800309,2018-11-28 20:00:00,1610612745,1610612742,Regular Season,0
21800310,2018-11-28 20:00:00,1610612749,1610612741,Regular Season,1
21800311,2018-11-28 20:00:00,1610612750,1610612759,Regular Season,1
21800312,2018-11-28 20:00:00,1610612740,1610612764,Regular Season,1
21800313,2018-11-28 20:00:00,1610612760,1610612739,Regular Season,1
21800308,2018-11-28 19:30:00,1610612751,1610612762,Regular Season,0
21800306,2018-11-28 19:00:00,1610612766,1610612737,Regular Season,1
21800307,2018-11-28 19:00:00,1610612755,1610612752,Regular Season,1
21800304,2018-11-27 21:00:00,1610612743,1610612747,Regular Season,1
21800305,2018-11-27 21:00:00,1610612756,1610612754,Regular Season,0
21800303,2018-11-27 20:00:00,1610612763,1610612761,Regular Season,0
21800302,2018-11-27 19:30:00,1610612748,1610612737,Regular Season,0
21800301,2018-11-27 19:00:00,1610612765,1610612752,Regular Season,1
21800300,2018-11-26 22:30:00,1610612744,1610612753,Regular Season,1
21800299,2018-11-26 21:00:00,1610612762,1610612754,Regular Season,0
21800297,2018-11-26 20:00:00,1610612741,1610612759,Regular Season,0
21800298,2018-11-26 20:00:00,1610612740,1610612738,Regular Season,0
21800294,2018-11-26 19:00:00,1610612766,1610612749,Regular Season,1
21800295,2018-11-26 19:00:00,1610612739,1610612750,Regular Season,0
21800296,2018-11-26 19:00:00,1610612764,1610612745,Regular Season,1
21800293,2018-11-25 21:00:00,1610612757,1610612746,Regular Season,0
21800292,2018-11-25 20:00:00,1610612758,1610612762,Regular Season,0
21800288,2018-11-25 18:00:00,1610612737,1610612766,Regular Season,1
21800289,2018-11-25 18:00:00,1610612751,1610612755,Regular Season,0
21800290,2018-11-25 18:00:00,1610612761,1610612748,Regular Season,1
21800291,2018-11-25 18:00:00,1610612763,1610612752,Regular Season,0
21800287,2018-11-25 16:00:00,1610612765,1610612756,Regular Season,1
21800286,2018-11-25 15:30:00,1610612747,1610612753,Regular Season,0
21800283,2018-11-24 20:30:00,1610612742,1610612738,Regular Season,1
21800284,2018-11-24 20:30:00,1610612749,1610612759,Regular Season,1
21800285,2018-11-24 20:30:00,1610612744,1610612758,Regular Season,1
21800280,2018-11-24 20:00:00,1610612764,1610612740,Regular Season,1
21800281,2018-11-24 20:00:00,1610612750,1610612741,Regular Season,1
21800282,2018-11-24 20:00:00,1610612760,1610612743,Regular Season,0
21800279,2018-11-24 19:30:00,1610612739,1610612745,Regular Season,1
21800277,2018-11-23 22:30:00,1610612744,1610612757,Regular Season,1
21800278,2018-11-23 22:30:00,1610612747,1610612762,Regular Season,1
21800276,2018-11-23 21:00:00,1610612743,1610612753,Regular Season,1
21800275,2018-11-23 20:30:00,1610612749,1610612756,Regular Season,0
21800272,2018-11-23 20:00:00,1610612754,1610612759,Regular Season,0
21800273,2018-11-23 20:00:00,1610612741,1610612748,Regular Season,0
21800274,2018-11-23 20:00:00,1610612760,1610612766,Regular Season,1
21800268,2018-11-23 19:30:00,1610612737,1610612738,Regular Season,0
21800269,2018-11-23 19:30:00,1610612752,1610612740,Regular Season,1
21800270,2018-11-23 19:30:00,1610612755,1610612739,Regular Season,0
21800271,2018-11-23 19:30:00,1610612761,1610612764,Regular Season,1
21800267,2018-11-23 19:00:00,1610612765,1610612745,Regular Season,1
21800266,2018-11-23 15:30:00,1610612746,1610612763,Regular Season,1
21800265,2018-11-23 12:00:00,1610612751,1610612750,Regular Season,0
21800264,2018-11-21 22:30:00,1610612744,1610612760,Regular Season,0
21800263,2018-11-21 21:00:00,1610612762,1610612758,Regular Season,0
21800261,2018-11-21 20:30:00,1610612742,1610612751,Regular Season,1
21800262,2018-11-21 20:30:00,1610612759,1610612763,Regular Season,0
21800256,2018-11-21 20:00:00,1610612739,1610612747,Regular Season,0
21800257,2018-11-21 20:00:00,1610612741,1610612756,Regular Season,1
21800258,2018-11-21 20:00:00,1610612745,1610612765,Regular Season,1
21800259,2018-11-21 20:00:00,1610612749,1610612757,Regular Season,1
21800260,2018-11-21 20:00:00,1610612750,1610612743,Regular Season,0
21800254,2018-11-21 19:30:00,1610612737,1610612761,Regular Season,0
21800255,2018-11-21 19:30:00,1610612738,1610612752,Regular Season,0
21800252,2018-11-21 19:00:00,1610612766,1610612754,Regular Season,1
21800253,2018-11-21 19:00:00,1610612755,1610612740,Regular Season,1
21800250,2018-11-20 19:30:00,1610612748,1610612751,Regular Season,0
21800251,2018-11-20 19:30:00,1610612752,1610612757,Regular Season,0
21800248,2018-11-20 19:00:00,1610612753,1610612761,Regular Season,0
21800249,2018-11-20 19:00:00,1610612764,1610612746,Regular Season,1
21800247,2018-11-19 22:00:00,1610612758,1610612760,Regular Season,1
21800244,2018-11-19 20:00:00,1610612763,1610612742,Regular Season,1
21800245,2018-11-19 20:00:00,1610612749,1610612743,Regular Season,1
21800246,2018-11-19 20:00:00,1610612740,1610612759,Regular Season,1
21800243,2018-11-19 19:30:00,1610612737,1610612746,Regular Season,0
21800239,2018-11-19 19:00:00,1610612766,1610612738,Regular Season,1
21800240,2018-11-19 19:00:00,1610612765,1610612739,Regular Season,1
21800241,2018-11-19 19:00:00,1610612754,1610612762,Regular Season,1
21800242,2018-11-19 19:00:00,1610612755,1610612756,Regular Season,1
21800238,2018-11-18 19:00:00,1610612759,1610612744,Regular Season,1
21800235,2018-11-18 18:00:00,1610612748,1610612747,Regular Season,0
21800236,2018-11-18 18:00:00,1610612753,1610612752,Regular Season,1
21800237,2018-11-18 18:00:00,1610612764,1610612757,Regular Season,0
21800234,2018-11-18 15:30:00,1610612750,1610612763,Regular Season,0
21800233,2018-11-17 21:00:00,1610612756,1610612760,Regular Season,0
21800232,2018-11-17 20:30:00,1610612742,1610612744,Regular Season,1
21800230,2018-11-17 20:00:00,1610612741,1610612761,Regular Season,0
21800231,2018-11-17 20:00:00,1610612745,1610612758,Regular Season,1
21800229,2018-11-17 19:30:00,1610612738,1610612762,Regular Season,0
21800225,2018-11-17 19:00:00,1610612766,1610612755,Regular Season,0
21800226,2018-11-17 19:00:00,1610612754,1610612737,Regular Season,1
21800227,2018-11-17 19:00:00,1610612753,1610612747,Regular Season,1
21800228,2018-11-17 19:00:00,1610612740,1610612743,Regular Season,1
21800224,2018-11-17 18:00:00,1610612751,1610612746,Regular Season,0
21800223,2018-11-16 21:30:00,1610612749,1610612741,Regular Season,1
21800220,2018-11-16 20:00:00,1610612763,1610612758,Regular Season,1
21800221,2018-11-16 20:00:00,1610612750,1610612757,Regular Season,1
21800222,2018-11-16 20:00:00,1610612740,1610612752,Regular Season,1
21800216,2018-11-16 19:00:00,1610612738,1610612761,Regular Season,1
21800217,2018-11-16 19:00:00,1610612754,1610612748,Regular Season,1
21800218,2018-11-16 19:00:00,1610612755,1610612762,Regular Season,1
21800219,2018-11-16 19:00:00,1610612764,1610612751,Regular Season,0
21800215,2018-11-15 22:30:00,1610612746,1610612759,Regular Season,1
21800214,2018-11-15 21:00:00,1610612743,1610612737,Regular Season,1
21800213,2018-11-15 20:00:00,1610612745,1610612744,Regular Season,1
21800212,2018-11-14 22:30:00,1610612747,1610612757,Regular Season,1
21800211,2018-11-14 21:00:00,1610612756,1610612759,Regular Season,1
21800210,2018-11-14 20:30:00,1610612742,1610612762,Regular Season,1
21800207,2018-11-14 20:00:00,1610612749,1610612763,Regular Season,0
21800208,2018-11-14 20:00:00,1610612750,1610612740,Regular Season,1
21800209,2018-11-14 20:00:00,1610612760,1610612752,Regular Season,1
21800204,2018-11-14 19:30:00,1610612738,1610612741,Regular Season,1
21800205,2018-11-14 19:30:00,1610612751,1610612748,Regular Season,0
21800206,2018-11-14 19:30:00,1610612761,1610612765,Regular Season,0
21800202,2018-11-14 19:00:00,1610612753,1610612755,Regular Season,1
21800203,2018-11-14 19:00:00,1610612764,1610612739,Regular Season,1
21800201,2018-11-13 22:30:00,1610612744,1610612737,Regular Season,1
21800200,2018-11-13 21:00:00,1610612743,1610612745,Regular Season,0
21800199,2018-11-13 19:00:00,1610612739,1610612766,Regular Season,1
21800198,2018-11-12 22:30:00,1610612746,1610612744,Regular Season,1
21800197,2018-11-12 22:00:00,1610612758,1610612759,Regular Season,1
21800193,2018-11-12 20:00:00,1610612741,1610612742,Regular Season,0
21800194,2018-11-12 20:00:00,1610612763,1610612762,Regular Season,0
21800195,2018-11-12 20:00:00,1610612750,1610612751,Regular Season,1
21800196,2018-11-12 20:00:00,1610612760,1610612756,Regular Season,1
21800191,2018-11-12 19:30:00,1610612748,1610612755,Regular Season,0
21800192,2018-11-12 19:30:00,1610612761,1610612740,Regular Season,0
21800190,2018-11-12 19:00:00,1610612764,1610612753,Regular Season,1
21800189,2018-11-11 21:30:00,1610612747,1610612737,Regular Season,1
21800188,2018-11-11 21:00:00,1610612757,1610612738,Regular Season,1
21800187,2018-11-11 20:00:00,1610612743,1610612749,Regular Season,0
21800186,2018-11-11 19:30:00,1610612752,1610612753,Regular Season,0
21800185,2018-11-11 19:00:00,1610612745,1610612754,Regular Season,1
21800184,2018-11-11 15:30:00,1610612765,1610612766,Regular Season,0
21800183,2018-11-10 22:00:00,1610612758,1610612747,Regular Season,0
21800181,2018-11-10 21:00:00,1610612742,1610612760,Regular Season,1
21800180,2018-11-10 20:30:00,1610612759,1610612745,Regular Season,1
21800182,2018-11-10 20:30:00,1610612744,1610612751,Regular Season,1
21800177,2018-11-10 20:00:00,1610612748,1610612764,Regular Season,0
21800178,2018-11-10 20:00:00,1610612741,1610612739,Regular Season,1
21800179,2018-11-10 20:00:00,1610612763,1610612755,Regular Season,1
21800176,2018-11-10 19:00:00,1610612740,1610612756,Regular Season,1
21800175,2018-11-10 15:30:00,1610612746,1610612749,Regular Season,1
21800174,2018-11-10 15:00:00,1610612761,1610612752,Regular Season,1
21800173,2018-11-09 22:00:00,1610612758,1610612750,Regular Season,1
21800172,2018-11-09 21:30:00,1610612762,1610612738,Regular Season,1
21800171,2018-11-09 21:00:00,1610612743,1610612751,Regular Season,0
21800170,2018-11-09 20:00:00,1610612748,1610612754,Regular Season,0
21800169,2018-11-09 19:30:00,1610612737,1610612765,Regular Season,0
21800167,2018-11-09 19:00:00,1610612753,1610612764,Regular Season,1
21800168,2018-11-09 19:00:00,1610612755,1610612766,Regular Season,1
21800166,2018-11-08 22:30:00,1610612744,1610612749,Regular Season,0
21800165,2018-11-08 22:00:00,1610612757,1610612746,Regular Season,1
21800164,2018-11-08 21:00:00,1610612756,1610612738,Regular Season,0
21800163,2018-11-08 20:00:00,1610612760,1610612745,Regular Season,1
21800162,2018-11-07 22:30:00,1610612747,1610612750,Regular Season,1
21800161,2018-11-07 22:00:00,1610612758,1610612761,Regular Season,0
21800160,2018-11-07 21:00:00,1610612762,1610612742,Regular Season,1
21800157,2018-11-07 20:00:00,1610612754,1610612755,Regular Season,0
21800158,2018-11-07 20:00:00,1610612763,1610612743,Regular Season,1
21800159,2018-11-07 20:00:00,1610612740,1610612741,Regular Season,1
21800155,2018-11-07 19:30:00,1610612737,1610612752,Regular Season,0
21800156,2018-11-07 19:30:00,1610612748,1610612759,Regular Season,1
21800153,2018-11-07 19:00:00,1610612739,1610612760,Regular Season,0
21800154,2018-11-07 19:00:00,1610612753,1610612765,Regular Season,0
21800152,2018-11-06 22:00:00,1610612757,1610612749,Regular Season,1
21800151,2018-11-06 21:00:00,1610612756,1610612751,Regular Season,0
21800150,2018-11-06 20:30:00,1610612742,1610612764,Regular Season,1
21800149,2018-11-06 19:00:00,1610612766,1610612737,Regular Season,1
21800147,2018-11-05 22:30:00,1610612744,1610612763,Regular Season,1
21800148,2018-11-05 22:30:00,1610612746,1610612750,Regular Season,1
21800145,2018-11-05 21:00:00,1610612743,1610612738,Regular Season,1
21800146,2018-11-05 21:00:00,1610612762,1610612761,Regular Season,0
21800144,2018-11-05 20:00:00,1610612760,1610612740,Regular Season,1
21800143,2018-11-05 19:30:00,1610612752,1610612741,Regular Season,0
21800140,2018-11-05 19:00:00,1610612765,1610612748,Regular Season,0
21800141,2018-11-05 19:00:00,1610612754,1610612745,Regular Season,0
21800142,2018-11-05 19:00:00,1610612753,1610612739,Regular Season,1
21800139,2018-11-04 21:30:00,1610612747,1610612761,Regular Season,0
21800138,2018-11-04 21:00:00,1610612757,1610612750,Regular Season,1
21800136,2018-11-04 20:00:00,1610612756,1610612763,Regular Season,1
21800137,2018-11-04 19:00:00,1610612759,1610612753,Regular Season,0
21800134,2018-11-04 18:00:00,1610612751,1610612755,Regular Season,1
21800135,2018-11-04 18:00:00,1610612764,1610612752,Regular Season,1
21800133,2018-11-04 15:30:00,1610612749,1610612758,Regular Season,1
21800132,2018-11-03 22:00:00,1610612757,1610612747,Regular Season,0
21800131,2018-11-03 21:00:00,1610612743,1610612762,Regular Season,1
21800130,2018-11-03 20:30:00,1610612759,1610612740,Regular Season,1
21800129,2018-11-03 20:00:00,1610612741,1610612745,Regular Season,0
21800128,2018-11-03 19:30:00,1610612737,1610612748,Regular Season,1
21800126,2018-11-03 19:00:00,1610612766,1610612739,Regular Season,1
21800127,2018-11-03 19:00:00,1610612754,1610612738,Regular Season,1
21800125,2018-11-03 13:00:00,1610612755,1610612765,Regular Season,1
21800124,2018-11-02 22:30:00,1610612744,1610612750,Regular Season,1
21800123,2018-11-02 22:00:00,1610612756,1610612761,Regular Season,0
21800122,2018-11-02 21:00:00,1610612762,1610612763,Regular Season,0
21800121,2018-11-02 20:30:00,1610612742,1610612752,Regular Season,0
21800119,2018-11-02 20:00:00,1610612764,1610612760,Regular Season,0
21800120,2018-11-02 20:00:00,1610612741,1610612754,Regular Season,0
21800118,2018-11-02 19:30:00,1610612751,1610612745,Regular Season,0
21800117,2018-11-02 19:00:00,1610612753,1610612746,Regular Season,0
21800116,2018-11-01 22:30:00,1610612757,1610612740,Regular Season,1
21800115,2018-11-01 20:00:00,1610612738,1610612749,Regular Season,1
21800114,2018-11-01 19:30:00,1610612737,1610612758,Regular Season,0
21800111,2018-11-01 19:00:00,1610612766,1610612760,Regular Season,0
21800112,2018-11-01 19:00:00,1610612739,1610612743,Regular Season,0
21800113,2018-11-01 19:00:00,1610612755,1610612746,Regular Season,1
21800108,2018-10-31 22:30:00,1610612744,1610612740,Regular Season,1
21800109,2018-10-31 22:30:00,1610612747,1610612742,Regular Season,1
21800110,2018-10-31 22:30:00,1610612756,1610612759,Regular Season,0
21800105,2018-10-31 20:00:00,1610612752,1610612754,Regular Season,0
21800106,2018-10-31 20:00:00,1610612741,1610612743,Regular Season,0
21800107,2018-10-31 20:00:00,1610612750,1610612762,Regular Season,1
21800104,2018-10-31 19:30:00,1610612751,1610612765,Regular Season,1
21800101,2018-10-30 20:00:00,1610612745,1610612757,Regular Season,0
21800102,2018-10-30 20:00:00,1610612763,1610612764,Regular Season,1
21800103,2018-10-30 20:00:00,1610612760,1610612746,Regular Season,1
21800099,2018-10-30 19:30:00,1610612738,1610612765,Regular Season,1
21800100,2018-10-30 19:30:00,1610612761,1610612755,Regular Season,1
21800096,2018-10-30 19:00:00,1610612766,1610612748,Regular Season,1
21800097,2018-10-30 19:00:00,1610612739,1610612737,Regular Season,1
21800098,2018-10-30 19:00:00,1610612753,1610612758,Regular Season,0
21800095,2018-10-29 21:00:00,1610612743,1610612740,Regular Season,1
21800094,2018-10-29 20:30:00,1610612759,1610612742,Regular Season,1
21800091,2018-10-29 20:00:00,1610612741,1610612744,Regular Season,0
21800092,2018-10-29 20:00:00,1610612749,1610612761,Regular Season,1
21800093,2018-10-29 20:00:00,1610612750,1610612747,Regular Season,1
21800089,2018-10-29 19:30:00,1610612748,1610612758,Regular Season,0
21800090,2018-10-29 19:30:00,1610612752,1610612751,Regular Season,1
21800087,2018-10-29 19:00:00,1610612754,1610612757,Regular Season,0
21800088,2018-10-29 19:00:00,1610612755,1610612737,Regular Season,1
21800086,2018-10-28 21:30:00,1610612746,1610612764,Regular Season,1
21800084,2018-10-28 19:00:00,1610612742,1610612762,Regular Season,0
21800085,2018-10-28 19:00:00,1610612760,1610612756,Regular Season,1
21800083,2018-10-28 17:00:00,1610612751,1610612744,Regular Season,0
21800081,2018-10-27 20:30:00,1610612749,1610612753,Regular Season,1
21800082,2018-10-27 20:30:00,1610612759,1610612747,Regular Season,1
21800079,2018-10-27 20:00:00,1610612748,1610612757,Regular Season,1
21800080,2018-10-27 20:00:00,1610612763,1610612756,Regular Season,1
21800076,2018-10-27 19:30:00,1610612737,1610612741,Regular Season,0
21800077,2018-10-27 19:30:00,1610612739,1610612754,Regular Season,0
21800078,2018-10-27 19:30:00,1610612755,1610612766,Regular Season,1
21800074,2018-10-27 19:00:00,1610612765,1610612738,Regular Season,0
21800075,2018-10-27 19:00:00,1610612740,1610612762,Regular Season,0
21800073,2018-10-26 22:00:00,1610612758,1610612764,Regular Season,1
21800070,2018-10-26 20:00:00,1610612745,1610612746,Regular Season,0
21800071,2018-10-26 20:00:00,1610612750,1610612749,Regular Season,0
21800072,2018-10-26 20:00:00,1610612740,1610612751,Regular Season,1
21800068,2018-10-26 19:30:00,1610612752,1610612744,Regular Season,0
21800069,2018-10-26 19:30:00,1610612761,1610612742,Regular Season,1
21800067,2018-10-26 19:00:00,1610612766,1610612741,Regular Season,1
21800066,2018-10-25 22:30:00,1610612747,1610612743,Regular Season,1
21800065,2018-10-25 20:00:00,1610612760,1610612738,Regular Season,0
21800063,2018-10-25 19:00:00,1610612765,1610612739,Regular Season,1
21800064,2018-10-25 19:00:00,1610612753,1610612757,Regular Season,0
21800062,2018-10-24 22:30:00,1610612744,1610612764,Regular Season,1
21800060,2018-10-24 22:00:00,1610612756,1610612747,Regular Season,0
21800061,2018-10-24 22:00:00,1610612758,1610612763,Regular Season,1
21800059,2018-10-24 21:30:00,1610612749,1610612755,Regular Season,1
21800058,2018-10-24 20:30:00,1610612759,1610612754,Regular Season,0
21800056,2018-10-24 20:00:00,1610612741,1610612766,Regular Season,1
21800057,2018-10-24 20:00:00,1610612745,1610612762,Regular Season,0
21800054,2018-10-24 19:30:00,1610612748,1610612752,Regular Season,1
21800055,2018-10-24 19:30:00,1610612761,1610612750,Regular Season,1
21800052,2018-10-24 19:00:00,1610612737,1610612742,Regular Season,1
21800053,2018-10-24 19:00:00,1610612739,1610612751,Regular Season,0
21800051,2018-10-23 21:00:00,1610612743,1610612758,Regular Season,1
21800050,2018-10-23 20:00:00,1610612740,1610612746,Regular Season,1
21800049,2018-10-23 19:00:00,1610612765,1610612755,Regular Season,1
21800047,2018-10-22 22:30:00,1610612744,1610612756,Regular Season,1
21800048,2018-10-22 22:30:00,1610612747,1610612759,Regular Season,0
21800046,2018-10-22 22:00:00,1610612757,1610612764,Regular Season,0
21800045,2018-10-22 21:00:00,1610612762,1610612763,Regular Season,0
21800044,2018-10-22 20:30:00,1610612742,1610612741,Regular Season,1
21800042,2018-10-22 20:00:00,1610612749,1610612752,Regular Season,1
21800043,2018-10-22 20:00:00,1610612750,1610612754,Regular Season,1
21800040,2018-10-22 19:30:00,1610612738,1610612753,Regular Season,0
21800041,2018-10-22 19:30:00,1610612761,1610612766,Regular Season,1
21800039,2018-10-21 21:00:00,1610612746,1610612745,Regular Season,1
21800038,2018-10-21 20:00:00,1610612743,1610612744,Regular Season,1
21800037,2018-10-21 19:00:00,1610612760,1610612758,Regular Season,0
21800036,2018-10-21 18:00:00,1610612739,1610612737,Regular Season,0
21800035,2018-10-20 22:30:00,1610612747,1610612745,Regular Season,0
21800034,2018-10-20 22:00:00,1610612757,1610612759,Regular Season,1
21800033,2018-10-20 21:00:00,1610612743,1610612756,Regular Season,1
21800032,2018-10-20 20:30:00,1610612742,1610612750,Regular Season,1
21800030,2018-10-20 20:00:00,1610612748,1610612766,Regular Season,0
21800031,2018-10-20 20:00:00,1610612741,1610612765,Regular Season,0
21800028,2018-10-20 19:30:00,1610612752,1610612738,Regular Season,0
21800029,2018-10-20 19:30:00,1610612755,1610612753,Regular Season,1
21800026,2018-10-20 19:00:00,1610612754,1610612751,Regular Season,1
21800027,2018-10-20 19:00:00,1610612764,1610612761,Regular Season,0
21800024,2018-10-19 22:30:00,1610612762,1610612744,Regular Season,0
21800025,2018-10-19 22:30:00,1610612746,1610612760,Regular Season,1
21800023,2018-10-19 20:30:00,1610612749,1610612754,Regular Season,1
21800019,2018-10-19 20:00:00,1610612761,1610612738,Regular Season,1
21800020,2018-10-19 20:00:00,1610612763,1610612737,Regular Season,1
21800021,2018-10-19 20:00:00,1610612750,1610612739,Regular Season,1
21800022,2018-10-19 20:00:00,1610612740,1610612758,Regular Season,1
21800018,2018-10-19 19:30:00,1610612751,1610612752,Regular Season,1
21800017,2018-10-19 19:00:00,1610612753,1610612766,Regular Season,0
21800016,2018-10-18 22:30:00,1610612757,1610612747,Regular Season,1
21800014,2018-10-18 20:00:00,1610612755,1610612741,Regular Season,1
21800015,2018-10-18 20:00:00,1610612764,1610612748,Regular Season,0
21800012,2018-10-17 22:30:00,1610612746,1610612743,Regular Season,0
21800013,2018-10-17 22:30:00,1610612756,1610612742,Regular Season,1
21800011,2018-10-17 22:00:00,1610612758,1610612762,Regular Season,0
21800010,2018-10-17 20:30:00,1610612759,1610612750,Regular Season,1
21800009,2018-10-17 20:00:00,1610612745,1610612740,Regular Season,0
21800007,2018-10-17 19:30:00,1610612752,1610612737,Regular Season,1
21800008,2018-10-17 19:30:00,1610612761,1610612739,Regular Season,1
21800003,2018-10-17 19:00:00,1610612766,1610612749,Regular Season,0
21800004,2018-10-17 19:00:00,1610612765,1610612751,Regular Season,1
21800005,2018-10-17 19:00:00,1610612754,1610612763,Regular Season,1
21800006,2018-10-17 19:00:00,1610612753,1610612748,Regular Season,1
21800002,2018-10-16 22:30:00,1610612744,1610612760,Regular Season,1
21800001,2018-10-16 20:00:00,1610612738,1610612755,Regular Season,1
11800079,2018-10-12 22:30:00,1610612744,1610612747,Preseason,0
11800078,2018-10-12 22:00:00,1610612757,1610612758,Preseason,1
11800077,2018-10-12 20:30:00,1610612749,1610612750,Preseason,1
11800073,2018-10-12 20:00:00,1610612748,1610612737,Preseason,1
11800074,2018-10-12 20:00:00,1610612741,1610612743,Preseason,0
11800076,2018-10-12 20:00:00,1610612763,1610612745,Preseason,0
11800072,2018-10-12 19:30:00,1610612752,1610612751,Preseason,0
11800069,2018-10-12 19:00:00,1610612753,1610612759,Preseason,0
11800071,2018-10-12 19:00:00,1610612742,1610612766,Preseason,0
11800075,2018-10-12 19:00:00,1610612739,1610612765,Preseason,0
11800068,2018-10-11 22:00:00,1610612758,1610612762,Preseason,0
11800066,2018-10-11 20:00:00,1610612740,1610612761,Preseason,0
11800065,2018-10-10 22:30:00,1610612747,1610612744,Preseason,1
11800064,2018-10-10 22:00:00,1610612757,1610612756,Preseason,1
11800063,2018-10-10 20:00:00,1610612741,1610612754,Preseason,1
11800061,2018-10-10 19:30:00,1610612737,1610612759,Preseason,1
11800062,2018-10-10 19:30:00,1610612748,1610612740,Preseason,1
11800058,2018-10-10 19:00:00,1610612765,1610612764,Preseason,0
11800059,2018-10-10 19:00:00,1610612753,1610612763,Preseason,1
11800060,2018-10-10 19:00:00,1610612761,1610612751,Preseason,1
11800057,2018-10-09 22:30:00,1610612746,1610612743,Preseason,1
11800056,2018-10-09 20:00:00,1610612760,1610612749,Preseason,1
11800054,2018-10-08 22:30:00,1610612744,1610612756,Preseason,0
11800051,2018-10-08 19:30:00,1610612748,1610612753,Preseason,1
11800052,2018-10-08 19:30:00,1610612752,1610612764,Preseason,0
11800048,2018-10-08 19:00:00,1610612766,1610612741,Preseason,1
11800049,2018-10-08 19:00:00,1610612739,1610612754,Preseason,0
11800050,2018-10-08 19:00:00,1610612765,1610612751,Preseason,0
11800047,2018-10-08 08:00:00,1610612755,1610612742,Preseason,0
11800046,2018-10-07 21:00:00,1610612757,1610612762,Preseason,0
11800045,2018-10-07 20:00:00,1610612750,1610612749,Preseason,0
11800044,2018-10-07 16:00:00,1610612759,1610612745,Preseason,0
11800043,2018-10-07 15:00:00,1610612760,1610612737,Preseason,1
11800042,2018-10-06 22:00:00,1610612747,1610612746,Preseason,0
11800041,2018-10-06 20:00:00,1610612763,1610612754,Preseason,1
11800040,2018-10-06 19:30:00,1610612739,1610612738,Preseason,1
11800039,2018-10-05 22:30:00,1610612744,1610612758,Preseason,1
11800038,2018-10-05 22:00:00,1610612756,1610612757,Preseason,0
11800035,2018-10-05 20:30:00,1610612759,1610612765,Preseason,1
11800033,2018-10-05 20:00:00,1610612763,1610612737,Preseason,1
11800034,2018-10-05 20:00:00,1610612750,1610612760,Preseason,0
11800032,2018-10-05 19:30:00,1610612752,1610612740,Preseason,1
11800031,2018-10-05 19:00:00,1610612764,1610612748,Preseason,1
11800028,2018-10-05 07:30:00,1610612742,1610612755,Preseason,0
11800027,2018-10-04 22:30:00,1610612747,1610612758,Preseason,1
11800026,2018-10-04 20:00:00,1610612745,1610612754,Preseason,0
11800025,2018-10-03 22:30:00,1610612746,1610612750,Preseason,1
11800022,2018-10-03 20:00:00,1610612749,1610612741,Preseason,1
11800023,2018-10-03 20:00:00,1610612760,1610612765,Preseason,0
11800021,2018-10-03 19:30:00,1610612751,1610612752,Preseason,0
11800020,2018-10-02 22:30:00,1610612747,1610612743,Preseason,0
11800019,2018-10-02 21:00:00,1610612762,1610612761,Preseason,1
11800017,2018-10-02 20:00:00,1610612738,1610612739,Preseason,0
11800018,2018-10-02 20:00:00,1610612745,1610612763,Preseason,1
11800016,2018-10-02 19:00:00,1610612766,1610612748,Preseason,1
11800015,2018-10-01 22:00:00,1610612756,1610612758,Preseason,0
11800014,2018-10-01 19:30:00,1610612737,1610612740,Preseason,1
11800012,2018-10-01 19:00:00,1610612755,1610612753,Preseason,1
11800013,2018-10-01 19:00:00,1610612764,1610612752,Preseason,0
